address,name,category,owning_class,python_class,method,binding_kind,ancestors,join_key
0x00401270,ChangeRenderedSetAction_Play,engine_internal,,,,,,
0x00406a30,Game_DestroyedPlayer,engine_internal,,,,,,
0x00407150,Game_ClearMissionTempDir,engine_internal,,,,,,
0x004351c0,ObjectClass_EnteredSetHandler,event_handler,,,,,,
0x004360c0,GetBoundingBox,engine_internal,,,,,,
0x00455060,NiRegister_TGDimmerController,nirtti_factory,,,,,,
0x00455320,NiFactory_TGDimmerController,nirtti_factory,,,,,,
0x00456740,NiRegister_TGFuzzyTriShape,nirtti_factory,,,,,,
0x004568e0,TGFuzzyTriShape_ctor,ctor,,,,,,
0x00456910,TGFuzzyTriShape_CreateClone,engine_internal,,,,,,
0x00456980,NiFactory_TGFuzzyTriShape,nirtti_factory,,,,,,
0x00456b70,TGFuzzyTriShape_vfn35,vtable_fn,,,,,,
0x00456f80,TGFuzzyTriShape_scalar_deleting_dtor,dtor,,,,,,
0x0046c280,CRect,engine_internal,,,,,,
0x00470dd0,swig_ArtificialIntelligence_GetAIByID,swig,ArtificialIntelligence,,GetAIByID,direct_unmatched,,class_prefix
0x00473830,swig_AIScriptAssist_GetIncomingTorpIDsInSet,swig,AIScriptAssist,,GetIncomingTorpIDsInSet,direct_unmatched,,class_prefix
0x0047c020,swig_ConditionScript_Create,swig,ConditionScript,ConditionScript,Create,swig_helper,TGCondition|TGObject,swig_helper_synth
0x0047d000,swig_FuzzyLogic_BreakIntoSets,swig,FuzzyLogic,,BreakIntoSets,direct_unmatched,,class_prefix
0x004890e0,OSTEventHandler_TargetListChanged,event_handler,,,,,,
0x00489470,OSTEventHandler_TargetGone,event_handler,,,,,,
0x00489570,OptimizedSelectTarget_TargetGone,engine_internal,,,,,,
0x0048bec0,OTREventHandler_SystemDisabled,event_handler,,,,,,
0x004a56a0,NiRegister_NiBinaryVoxelData,nirtti_factory,,,,,,
0x004a57f0,NiFactory_NiBinaryVoxelData,nirtti_factory,,,,,,
0x004a5890,NiBinaryVoxelData_RegisterStreamables,engine_internal,,,,,,
0x004a5b20,NiBinaryVoxelData_SaveBinary,engine_internal,,,,,,
0x004a7ae0,NiBinaryVoxelData_ctor,ctor,,,,,,
0x004a7b40,NiBinaryVoxelData_scalar_deleting_dtor,dtor,,,,,,
0x004ac000,NiRegister_NiBinaryVoxelExtraData,nirtti_factory,,,,,,
0x004ac150,NiFactory_NiBinaryVoxelExtraData,nirtti_factory,,,,,,
0x004e1450,NiClusterAccumulator_scalar_deleting_dtor,dtor,,,,,,
0x004e9c10,ShieldPatchParticles_PatchInstance,engine_internal,,,,,,
0x005046b0,MultiplayerWindow_ReceiveMessageHandler,event_handler,,,,,,
0x00504890,MultiplayerWindow_StartGameHandler,event_handler,,,,,,
0x00504c10,MultiplayerWindow_ReceiveMessage,engine_internal,,,,,,
0x00504c70,Handler_UICollisionSetting_0x16,re_dispatcher_handler,,,,,,
0x00504f10,CreateMultiplayerGame,engine_internal,,,,,,
0x005438b0,RadarScope_UpdateBlips,engine_internal,,,,,,
0x00565d40,RepairSubsystem_HandleHitEvent,engine_internal,,,,,,
0x00566f50,SensorSubsystem_HandleEnterSet,engine_internal,,,,,,
0x00591b60,Ship_SetModelName,engine_internal,,,,,,
0x00593650,DoDamage_FromPosition,engine_internal,,,,,,
0x00593e50,ProcessDamage,engine_internal,,,,,,
0x00594020,DoDamage,engine_internal,,,,,,
0x005952d0,DoDamage_CollisionContacts,engine_internal,,,,,,
0x0059d5b0,swig_ObjectGroup_ForceToGroup,swig,ObjectGroup,,ForceToGroup,direct_unmatched,TGEventHandlerObject|TGTemplatedAttrObject|TGAttrObject|TGObject,class_prefix
0x005a1f50,Ship_Deserialize,engine_internal,,,,,,
0x005af390,CRect,engine_internal,,,,,,
0x005b0060,CollisionDamageWrapper,engine_internal,,,,,,
0x005b0e80,Ship_InitObject,engine_internal,,,,,,
0x005b17f0,Ship_WriteStateUpdate,engine_internal,,,,,,
0x005b3fb0,Ship_SetupProperties,engine_internal,,,,,,
0x005bad40,SWIG_InitAppc_pre,engine_internal,,,,,,
0x005bae00,SWIG_GetPointerObj,engine_internal,,,,,,
0x005bb040,SWIG_MakePtr,engine_internal,,,,,,
0x005bb0e0,SWIG_NewPointerObj,engine_internal,,,,,,
0x005bc220,swig_TGLocDBWrapperSerialize,swig,,,,,,
0x005bc2d0,swig_TGLocDBWrapperUnserialize,swig,,,,,,
0x005bc380,swig_TGActionManager_SkipEvents,swig,TGActionManager,,SkipEvents,direct_unmatched,TGEventHandlerObject|TGTemplatedAttrObject|TGAttrObject|TGObject,class_prefix
0x005bc3b0,swig_TGActionManager_RegisterAction,swig,TGActionManager,,RegisterAction,direct_unmatched,TGEventHandlerObject|TGTemplatedAttrObject|TGAttrObject|TGObject,class_prefix
0x005bc470,swig_TGActionManager_KillActions,swig,TGActionManager,,KillActions,direct_unmatched,TGEventHandlerObject|TGTemplatedAttrObject|TGAttrObject|TGObject,class_prefix
0x005bc500,swig_ChaseCameraMode_Cast,swig,ChaseCameraMode,ChaseCameraMode,Cast,swig_helper,,swig_helper_synth
0x005bc570,swig_TargetCameraMode_Cast,swig,TargetCameraMode,TargetCameraMode,Cast,swig_helper,,swig_helper_synth
0x005bc5e0,swig_ZoomTargetMode_Cast,swig,ZoomTargetMode,ZoomTargetMode,Cast,swig_helper,,swig_helper_synth
0x005bc650,swig_MapCameraMode_Cast,swig,MapCameraMode,MapCameraMode,Cast,swig_helper,,swig_helper_synth
0x005bc6c0,swig_DropAndWatchMode_Cast,swig,DropAndWatchMode,DropAndWatchMode,Cast,swig_helper,,swig_helper_synth
0x005bc730,swig_PlacementWatchMode_Cast,swig,PlacementWatchMode,PlacementWatchMode,Cast,swig_helper,,swig_helper_synth
0x005bc7a0,swig_LockedPositionMode_Cast,swig,LockedPositionMode,LockedPositionMode,Cast,swig_helper,,swig_helper_synth
0x005bc810,swig_TorpCameraMode_Cast,swig,TorpCameraMode,TorpCameraMode,Cast,swig_helper,,swig_helper_synth
0x005bc880,swig_PlaceByDirectionMode_Cast,swig,PlaceByDirectionMode,PlaceByDirectionMode,Cast,swig_helper,,swig_helper_synth
0x005bc8f0,swig_BreakIntoSets,swig,,,,,,
0x005bc990,swig_DisplayCollisionTests,swig,,,,,,
0x005bc9d0,swig_SubsystemList_Cast,swig,SubsystemList,SubsystemList,Cast,swig_helper,,swig_helper_synth
0x005bca40,swig_delete_NiFrustum,swig,NiFrustum,NiFrustum,delete,swig_dtor,,swig_ctor_dtor
0x005bcab0,swig_NiFrustum_m_fLeft_set,swig,NiFrustum,NiFrustum,m_fLeft,swig_field_accessor,,swig_accessor
0x005bcb30,swig_NiFrustum_m_fLeft_get,swig,NiFrustum,NiFrustum,m_fLeft,swig_field_accessor,,swig_accessor
0x005bcb90,swig_NiFrustum_m_fRight_set,swig,NiFrustum,NiFrustum,m_fRight,swig_field_accessor,,swig_accessor
0x005bcc10,swig_NiFrustum_m_fRight_get,swig,NiFrustum,NiFrustum,m_fRight,swig_field_accessor,,swig_accessor
0x005bcc80,swig_NiFrustum_m_fTop_set,swig,NiFrustum,NiFrustum,m_fTop,swig_field_accessor,,swig_accessor
0x005bcd00,swig_NiFrustum_m_fTop_get,swig,NiFrustum,NiFrustum,m_fTop,swig_field_accessor,,swig_accessor
0x005bcd70,swig_NiFrustum_m_fBottom_set,swig,NiFrustum,NiFrustum,m_fBottom,swig_field_accessor,,swig_accessor
0x005bcdf0,swig_NiFrustum_m_fBottom_get,swig,NiFrustum,NiFrustum,m_fBottom,swig_field_accessor,,swig_accessor
0x005bce60,swig_NiFrustum_m_fNear_set,swig,NiFrustum,NiFrustum,m_fNear,swig_field_accessor,,swig_accessor
0x005bcee0,swig_NiFrustum_m_fNear_get,swig,NiFrustum,NiFrustum,m_fNear,swig_field_accessor,,swig_accessor
0x005bcf50,swig_NiFrustum_m_fFar_set,swig,NiFrustum,NiFrustum,m_fFar,swig_field_accessor,,swig_accessor
0x005bcfd0,swig_NiFrustum_m_fFar_get,swig,NiFrustum,NiFrustum,m_fFar,swig_field_accessor,,swig_accessor
0x005bd040,swig_NiColor_r_set,swig,NiColor,NiColor,r,swig_field_accessor,,swig_accessor
0x005bd0c0,swig_NiColor_r_get,swig,NiColor,NiColor,r,swig_field_accessor,,swig_accessor
0x005bd120,swig_NiColor_g_set,swig,NiColor,NiColor,g,swig_field_accessor,,swig_accessor
0x005bd1a0,swig_NiColor_g_get,swig,NiColor,NiColor,g,swig_field_accessor,,swig_accessor
0x005bd210,swig_NiColor_b_set,swig,NiColor,NiColor,b,swig_field_accessor,,swig_accessor
0x005bd290,swig_NiColor_b_get,swig,NiColor,NiColor,b,swig_field_accessor,,swig_accessor
0x005bd300,swig_new_NiColor,swig,NiColor,NiColor,new,swig_ctor,,swig_ctor_dtor
0x005bd390,swig_delete_NiColor,swig,NiColor,NiColor,delete,swig_dtor,,swig_ctor_dtor
0x005bd400,swig_TGColorA_r_set,swig,TGColorA,TGColorA,r,swig_field_accessor,NiColorA,swig_accessor
0x005bd480,swig_TGColorA_r_get,swig,TGColorA,TGColorA,r,swig_field_accessor,NiColorA,swig_accessor
0x005bd4e0,swig_TGColorA_g_set,swig,TGColorA,TGColorA,g,swig_field_accessor,NiColorA,swig_accessor
0x005bd560,swig_TGColorA_g_get,swig,TGColorA,TGColorA,g,swig_field_accessor,NiColorA,swig_accessor
0x005bd5d0,swig_TGColorA_b_set,swig,TGColorA,TGColorA,b,swig_field_accessor,NiColorA,swig_accessor
0x005bd650,swig_TGColorA_b_get,swig,TGColorA,TGColorA,b,swig_field_accessor,NiColorA,swig_accessor
0x005bd6c0,swig_TGColorA_a_set,swig,TGColorA,TGColorA,a,swig_field_accessor,NiColorA,swig_accessor
0x005bd740,swig_TGColorA_a_get,swig,TGColorA,TGColorA,a,swig_field_accessor,NiColorA,swig_accessor
0x005bd7b0,swig_new_NiColorA,swig,NiColorA,NiColorA,new,swig_ctor,,swig_ctor_dtor
0x005bd860,swig_delete_NiColorA,swig,NiColorA,NiColorA,delete,swig_dtor,,swig_ctor_dtor
0x005bd8d0,swig_NiPoint2_x_set,swig,NiPoint2,NiPoint2,x,swig_field_accessor,,swig_accessor
0x005bd950,swig_NiPoint2_x_get,swig,NiPoint2,NiPoint2,x,swig_field_accessor,,swig_accessor
0x005bd9b0,swig_NiPoint2_y_set,swig,NiPoint2,NiPoint2,y,swig_field_accessor,,swig_accessor
0x005bda30,swig_NiPoint2_y_get,swig,NiPoint2,NiPoint2,y,swig_field_accessor,,swig_accessor
0x005bdaa0,swig_new_NiPoint2,swig,NiPoint2,NiPoint2,new,swig_ctor,,swig_ctor_dtor
0x005bdb10,swig_delete_NiPoint2,swig,NiPoint2,NiPoint2,delete,swig_dtor,,swig_ctor_dtor
0x005bdb80,swig_NiPoint2_Length,swig,NiPoint2,,Length,direct,,c_symbol
0x005bdc00,swig_NiPoint2_SqrLength,swig,NiPoint2,,SqrLength,direct,,c_symbol
0x005bdc80,swig_NiPoint2_Dot,swig,NiPoint2,,Dot,direct,,c_symbol
0x005bdd30,swig_NiPoint2_Unitize,swig,NiPoint2,,Unitize,direct,,c_symbol
0x005bddf0,swig_TGPoint3_x_set,swig,TGPoint3,TGPoint3,x,swig_field_accessor,NiPoint3,swig_accessor
0x005bde70,swig_TGPoint3_x_get,swig,TGPoint3,TGPoint3,x,swig_field_accessor,NiPoint3,swig_accessor
0x005bded0,swig_TGPoint3_y_set,swig,TGPoint3,TGPoint3,y,swig_field_accessor,NiPoint3,swig_accessor
0x005bdf50,swig_TGPoint3_y_get,swig,TGPoint3,TGPoint3,y,swig_field_accessor,NiPoint3,swig_accessor
0x005bdfc0,swig_TGPoint3_z_set,swig,TGPoint3,TGPoint3,z,swig_field_accessor,NiPoint3,swig_accessor
0x005be040,swig_TGPoint3_z_get,swig,TGPoint3,TGPoint3,z,swig_field_accessor,NiPoint3,swig_accessor
0x005be0b0,swig_new_NiPoint3,swig,NiPoint3,NiPoint3,new,swig_ctor,,swig_ctor_dtor
0x005be130,swig_delete_NiPoint3,swig,NiPoint3,NiPoint3,delete,swig_dtor,,swig_ctor_dtor
0x005be1a0,swig_NiPoint3_Length,swig,NiPoint3,,Length,direct,,c_symbol
0x005be220,swig_NiPoint3_SqrLength,swig,NiPoint3,,SqrLength,direct,,c_symbol
0x005be2a0,swig_NiPoint3_Dot,swig,NiPoint3,,Dot,direct,,c_symbol
0x005be350,swig_NiPoint3_Unitize,swig,NiPoint3,,Unitize,direct,,c_symbol
0x005be430,swig_NiPoint3_Cross,swig,,NiPoint3,Cross,python_wrapper,,python_class_method
0x005be520,swig_NiPoint3_UnitCross,swig,,NiPoint3,UnitCross,python_wrapper,,python_class_method
0x005be680,swig_NiPoint3_Perpendicular,swig,,NiPoint3,Perpendicular,python_wrapper,,python_class_method
0x005be910,swig_TGModelUtils_CastNodeToAVObject,swig,TGModelUtils,,CastNodeToAVObject,direct_unmatched,,class_prefix
0x005be980,swig_TGModelUtils_LocalToWorldPoint,swig,TGModelUtils,,LocalToWorldPoint,direct_unmatched,,class_prefix
0x005bea80,swig_TGModelUtils_WorldToLocalPoint,swig,TGModelUtils,,WorldToLocalPoint,direct_unmatched,,class_prefix
0x005beb90,swig_TGModelUtils_LocalToLocalPoint,swig,TGModelUtils,,LocalToLocalPoint,direct_unmatched,,class_prefix
0x005bed30,swig_TGModelUtils_LocalToWorldVector,swig,TGModelUtils,,LocalToWorldVector,direct_unmatched,,class_prefix
0x005bee10,swig_TGModelUtils_WorldToLocalVector,swig,TGModelUtils,,WorldToLocalVector,direct_unmatched,,class_prefix
0x005bef10,swig_TGModelUtils_LocalToLocalVector,swig,TGModelUtils,,LocalToLocalVector,direct_unmatched,,class_prefix
0x005bf070,swig_TGModelUtils_LocalToWorldUnitVector,swig,TGModelUtils,,LocalToWorldUnitVector,direct_unmatched,,class_prefix
0x005bf130,swig_TGModelUtils_WorldToLocalUnitVector,swig,TGModelUtils,,WorldToLocalUnitVector,direct_unmatched,,class_prefix
0x005bf200,swig_TGModelUtils_LocalToLocalUnitVector,swig,TGModelUtils,,LocalToLocalUnitVector,direct_unmatched,,class_prefix
0x005bf310,swig_TGSystemWrapperClass_GetTimeSinceFrameStart,swig,TGSystemWrapperClass,,GetTimeSinceFrameStart,direct,,c_symbol
0x005bf390,swig_TGSystemWrapperClass_GetTimeInSeconds,swig,TGSystemWrapperClass,,GetTimeInSeconds,direct,,c_symbol
0x005bf400,swig_TGSystemWrapperClass_GetTimeInMilliseconds,swig,TGSystemWrapperClass,,GetTimeInMilliseconds,direct,,c_symbol
0x005bf460,swig_TGSystemWrapperClass_GetTimeElapsedInSeconds,swig,TGSystemWrapperClass,,GetTimeElapsedInSeconds,direct,,c_symbol
0x005bf4d0,swig_TGSystemWrapperClass_GetTimeElapsedInMilliseconds,swig,TGSystemWrapperClass,,GetTimeElapsedInMilliseconds,direct,,c_symbol
0x005bf530,swig_TGSystemWrapperClass_GetUpdateNumber,swig,TGSystemWrapperClass,,GetUpdateNumber,direct,,c_symbol
0x005bf590,swig_TGSystemWrapperClass_GetVerticalAspectRatio,swig,TGSystemWrapperClass,,GetVerticalAspectRatio,direct,,c_symbol
0x005bf600,swig_TGSystemWrapperClass_IsForeground,swig,TGSystemWrapperClass,,IsForeground,direct,,c_symbol
0x005bf680,swig_TGSystemWrapperClass_GetRandomNumber,swig,TGSystemWrapperClass,,GetRandomNumber,direct,,c_symbol
0x005bf6f0,swig_TGSystemWrapperClass_SetRandomSeed,swig,TGSystemWrapperClass,,SetRandomSeed,direct,,c_symbol
0x005bf770,swig_TGSystemWrapperClass_GetIniInt,swig,TGSystemWrapperClass,,GetIniInt,direct,,c_symbol
0x005bf8e0,swig_TGSystemWrapperClass_GetIniFloat,swig,TGSystemWrapperClass,,GetIniFloat,direct,,c_symbol
0x005bfa50,swig_TGSystemWrapperClass_GetIniString,swig,TGSystemWrapperClass,,GetIniString,direct,,c_symbol
0x005bfc30,swig_TGSystemWrapperClass_TakeScreenshot,swig,TGSystemWrapperClass,,TakeScreenshot,direct,,c_symbol
0x005bfd00,swig_TGSystemWrapperClass_SetDefaultScreenShotPath,swig,TGSystemWrapperClass,,SetDefaultScreenShotPath,direct,,c_symbol
0x005bfdc0,swig_new_TGProfilingInfo,swig,TGProfilingInfo,TGProfilingInfo,new,swig_ctor,,swig_ctor_dtor
0x005bfe60,swig_delete_TGProfilingInfo,swig,TGProfilingInfo,TGProfilingInfo,delete,swig_dtor,,swig_ctor_dtor
0x005bfee0,swig_TGProfilingInfo_EnableProfiling,swig,TGProfilingInfo,,EnableProfiling,direct_unmatched,,class_prefix
0x005bff10,swig_TGProfilingInfo_DisableProfiling,swig,TGProfilingInfo,,DisableProfiling,direct_unmatched,,class_prefix
0x005bff40,swig_TGProfilingInfo_StartTiming,swig,TGProfilingInfo,,StartTiming,direct_unmatched,,class_prefix
0x005bffd0,swig_TGProfilingInfo_StopTiming,swig,TGProfilingInfo,,StopTiming,direct_unmatched,,class_prefix
0x005c0010,swig_TGProfilingInfo_SetTimingData,swig,TGProfilingInfo,,SetTimingData,direct_unmatched,,class_prefix
0x005c00a0,swig_TGProfilingInfo_SaveRawData,swig,TGProfilingInfo,,SaveRawData,direct_unmatched,,class_prefix
0x005c0130,swig_TGProfilingInfo_Terminate,swig,TGProfilingInfo,,Terminate,direct_unmatched,,class_prefix
0x005c0160,swig_TGConfigMapping_GetFloatValue,swig,TGConfigMapping,,GetFloatValue,direct,,c_symbol
0x005c0270,swig_TGConfigMapping_GetIntValue,swig,TGConfigMapping,,GetIntValue,direct,,c_symbol
0x005c0380,swig_TGConfigMapping_GetStringValue,swig,TGConfigMapping,,GetStringValue,direct,,c_symbol
0x005c04a0,swig_TGConfigMapping_GetTGStringValue,swig,,TGConfigMapping,GetTGStringValue,python_wrapper,,python_class_method
0x005c05b0,swig_TGConfigMapping_SetFloatValue,swig,TGConfigMapping,,SetFloatValue,direct,,c_symbol
0x005c06d0,swig_TGConfigMapping_SetIntValue,swig,TGConfigMapping,,SetIntValue,direct,,c_symbol
0x005c07f0,swig_TGConfigMapping_SetStringValue,swig,TGConfigMapping,,SetStringValue,direct,,c_symbol
0x005c0950,swig_TGConfigMapping_SetTGStringValue,swig,TGConfigMapping,,SetTGStringValue,direct,,c_symbol
0x005c0a90,swig_TGConfigMapping_HasValue,swig,TGConfigMapping,,HasValue,direct,,c_symbol
0x005c0bb0,swig_TGConfigMapping_LoadConfigFile,swig,TGConfigMapping,,LoadConfigFile,direct,,c_symbol
0x005c0c70,swig_TGConfigMapping_SaveConfigFile,swig,TGConfigMapping,,SaveConfigFile,direct,,c_symbol
0x005c0d30,swig_TGPoolManager_Purge,swig,TGPoolManager,,Purge,direct,,c_symbol
0x005c0da0,swig_TGPoolManager_PrintPoolSummary,swig,TGPoolManager,,PrintPoolSummary,direct,,c_symbol
0x005c0e10,swig_TGPoolManager_WalkObjects,swig,TGPoolManager,,WalkObjects,direct,,c_symbol
0x005c0ed0,swig_TGPoolManager_PrintFull,swig,TGPoolManager,,PrintFull,direct,,c_symbol
0x005c0f40,swig_TGPoolManager_PrintSummary,swig,TGPoolManager,,PrintSummary,direct,,c_symbol
0x005c0fb0,swig_TGPoolManager_DumpFile,swig,TGPoolManager,,DumpFile,direct,,c_symbol
0x005c1070,swig_TGPoolManager_DumpBlocks,swig,TGPoolManager,,DumpBlocks,direct,,c_symbol
0x005c1130,swig_TGPoolManager_DumpObjects,swig,TGPoolManager,,DumpObjects,direct,,c_symbol
0x005c11f0,swig_TGPoolManager_DisplayFile,swig,TGPoolManager,,DisplayFile,direct,,c_symbol
0x005c12c0,swig_TGObject_GetObjType,swig,TGObject,,GetObjType,direct,,c_symbol
0x005c1320,swig_TGObject_IsTypeOf,swig,TGObject,,IsTypeOf,direct,,c_symbol
0x005c13a0,swig_TGObject_GetObjID,swig,TGObject,,GetObjID,direct,,c_symbol
0x005c1400,swig_TGObject_Destroy,swig,TGObject,,Destroy,direct,,c_symbol
0x005c1470,swig_TGObject_Print,swig,TGObject,,Print,direct,,c_symbol
0x005c1500,swig_TGObject_GetIndentString,swig,TGObject,,GetIndentString,direct_unmatched,,class_prefix
0x005c1540,swig_TGObject_SetIncrementID,swig,TGObject,,SetIncrementID,direct_unmatched,,class_prefix
0x005c1580,swig_TGObject_IsIncrementID,swig,TGObject,,IsIncrementID,direct_unmatched,,class_prefix
0x005c15c0,swig_TGObject_GetTGObjectPtr,swig,TGObject,,GetTGObjectPtr,direct_unmatched,,class_prefix
0x005c1600,swig_TGAttrObject_LookupAttrValue,swig,TGAttrObject,,LookupAttrValue,direct,TGObject,c_symbol
0x005c16e0,swig_TGAttrObject_GetAttrValue,swig,TGAttrObject,,GetAttrValue,direct,TGObject,c_symbol
0x005c1780,swig_TGAttrObject_SetAttrValue,swig,TGAttrObject,,SetAttrValue,direct,TGObject,c_symbol
0x005c1840,swig_TGAttrObject_RemoveAttr,swig,TGAttrObject,,RemoveAttr,direct,TGObject,c_symbol
0x005c18f0,swig_TGAttrObject_LookupAttrInt,swig,TGAttrObject,,LookupAttrInt,direct,TGObject,c_symbol
0x005c19d0,swig_TGAttrObject_GetAttrInt,swig,TGAttrObject,,GetAttrInt,direct,TGObject,c_symbol
0x005c1a70,swig_TGAttrObject_SetAttrInt,swig,TGAttrObject,,SetAttrInt,direct,TGObject,c_symbol
0x005c1b30,swig_TGTemplatedAttrObject_LookupLocalAttrValue,swig,TGTemplatedAttrObject,,LookupLocalAttrValue,direct,TGAttrObject|TGObject,c_symbol
0x005c1c10,swig_new_TGString,swig,TGString,TGString,new,swig_ctor,,swig_ctor_dtor
0x005c1cc0,swig_delete_TGString,swig,TGString,TGString,delete,swig_dtor,,swig_ctor_dtor
0x005c1d40,swig_TGString_GetLength,swig,TGString,,GetLength,direct,,c_symbol
0x005c1da0,swig_TGString_SetString,swig,TGString,,SetString,direct,,c_symbol
0x005c1e60,swig_TGString_FindC,swig,TGString,,FindC,direct,,c_symbol
0x005c1f40,swig_TGString_Find,swig,TGString,,Find,direct,,c_symbol
0x005c2010,swig_TGString_CompareC,swig,TGString,,CompareC,direct,,c_symbol
0x005c20e0,swig_TGString_Compare,swig,TGString,,Compare,direct,,c_symbol
0x005c21a0,swig_TGString_Append,swig,,TGString,Append,python_wrapper,,python_class_method
0x005c22a0,swig_new_TGBufferStream,swig,TGBufferStream,TGBufferStream,new,swig_ctor,TGStream,swig_ctor_dtor
0x005c22f0,swig_delete_TGBufferStream,swig,TGBufferStream,TGBufferStream,delete,swig_dtor,TGStream,swig_ctor_dtor
0x005c2370,swig_TGBufferStream_Close,swig,TGBufferStream,,Close,direct,TGStream,c_symbol
0x005c23e0,swig_TGBufferStream_SetWriteMode,swig,TGBufferStream,,SetWriteMode,direct,TGStream,c_symbol
0x005c2460,swig_TGBufferStream_GetWriteMode,swig,TGBufferStream,,GetWriteMode,direct,TGStream,c_symbol
0x005c24c0,swig_TGBufferStream_Read,swig,TGBufferStream,,Read,direct,TGStream,c_symbol
0x005c2580,swig_TGBufferStream_Write,swig,TGBufferStream,,Write,direct,TGStream,c_symbol
0x005c2640,swig_TGBufferStream_ReadCLine,swig,TGBufferStream,,ReadCLine,direct,TGStream,c_symbol
0x005c2710,swig_TGBufferStream_WriteCLine,swig,TGBufferStream,,WriteCLine,direct,TGStream,c_symbol
0x005c27d0,swig_TGBufferStream_ReadCString,swig,TGBufferStream,,ReadCString,direct,TGStream,c_symbol
0x005c2890,swig_TGBufferStream_WriteCString,swig,TGBufferStream,,WriteCString,direct,TGStream,c_symbol
0x005c2950,swig_TGBufferStream_ReadCWLine,swig,TGBufferStream,,ReadCWLine,direct,TGStream,c_symbol
0x005c2a10,swig_TGBufferStream_WriteCWLine,swig,TGBufferStream,,WriteCWLine,direct,TGStream,c_symbol
0x005c2ab0,swig_TGBufferStream_ReadWChar,swig,TGBufferStream,,ReadWChar,direct,TGStream,c_symbol
0x005c2b20,swig_TGBufferStream_WriteWChar,swig,TGBufferStream,,WriteWChar,direct,TGStream,c_symbol
0x005c2ba0,swig_TGBufferStream_ReadChar,swig,TGBufferStream,,ReadChar,direct,TGStream,c_symbol
0x005c2c10,swig_TGBufferStream_ReadBool,swig,TGBufferStream,,ReadBool,direct,TGStream,c_symbol
0x005c2c90,swig_TGBufferStream_ReadShort,swig,TGBufferStream,,ReadShort,direct,TGStream,c_symbol
0x005c2d00,swig_TGBufferStream_ReadInt,swig,TGBufferStream,,ReadInt,direct,TGStream,c_symbol
0x005c2d60,swig_TGBufferStream_ReadLong,swig,TGBufferStream,,ReadLong,direct,TGStream,c_symbol
0x005c2dc0,swig_TGBufferStream_ReadFloat,swig,TGBufferStream,,ReadFloat,direct,TGStream,c_symbol
0x005c2e30,swig_TGBufferStream_ReadDouble,swig,TGBufferStream,,ReadDouble,direct,TGStream,c_symbol
0x005c2eb0,swig_TGBufferStream_WriteBool,swig,TGBufferStream,,WriteBool,direct,TGStream,c_symbol
0x005c2f30,swig_TGBufferStream_WriteChar,swig,TGBufferStream,,WriteChar,direct,TGStream,c_symbol
0x005c2fb0,swig_TGBufferStream_WriteShort,swig,TGBufferStream,,WriteShort,direct,TGStream,c_symbol
0x005c3030,swig_TGBufferStream_WriteInt,swig,TGBufferStream,,WriteInt,direct,TGStream,c_symbol
0x005c30b0,swig_TGBufferStream_WriteLong,swig,TGBufferStream,,WriteLong,direct,TGStream,c_symbol
0x005c3130,swig_TGBufferStream_WriteFloat,swig,TGBufferStream,,WriteFloat,direct,TGStream,c_symbol
0x005c31b0,swig_TGBufferStream_WriteDouble,swig,TGBufferStream,,WriteDouble,direct,TGStream,c_symbol
0x005c3230,swig_TGBufferStream_ReadID,swig,TGBufferStream,,ReadID,direct,TGStream,c_symbol
0x005c32a0,swig_TGBufferStream_WriteID,swig,TGBufferStream,,WriteID,direct,TGStream,c_symbol
0x005c3320,swig_TGBufferStream_GetBuffer,swig,TGBufferStream,,GetBuffer,direct,TGStream,c_symbol
0x005c3390,swig_TGBufferStream_OpenBuffer,swig,TGBufferStream,,OpenBuffer,direct,TGStream,c_symbol
0x005c3410,swig_TGBufferStream_CloseBuffer,swig,TGBufferStream,,CloseBuffer,direct,TGStream,c_symbol
0x005c3480,swig_TGBufferStream_GetPos,swig,TGBufferStream,,GetPos,direct,TGStream,c_symbol
0x005c34f0,swig_TGBufferStream_GetLength,swig,TGBufferStream,,GetLength,direct,TGStream,c_symbol
0x005c3560,swig_TGBufferStream_Eof,swig,TGBufferStream,,Eof,direct,TGStream,c_symbol
0x005c35e0,swig_TGLocalizationDatabase_Create,swig,TGLocalizationDatabase,TGLocalizationDatabase,Create,swig_helper,,swig_helper_synth
0x005c3680,swig_TGLocalizationDatabase_GetString,swig,,TGLocalizationDatabase,GetString,python_wrapper,,python_class_method
0x005c3730,swig_TGLocalizationDatabase_HasString,swig,TGLocalizationDatabase,,HasString,direct,,c_symbol
0x005c37f0,swig_TGLocalizationDatabase_GetFilename,swig,TGLocalizationDatabase,,GetFilename,direct,,c_symbol
0x005c38b0,swig_TGLocalizationDatabase_WriteSample,swig,TGLocalizationDatabase,,WriteSample,direct_unmatched,,class_prefix
0x005c3930,swig_TGLocalizationManager_Load,swig,,TGLocalizationManager,Load,python_wrapper,,python_class_method
0x005c3a10,swig_TGLocalizationManager_Unload,swig,TGLocalizationManager,,Unload,direct,,c_symbol
0x005c3ab0,swig_TGLocalizationManager_DeleteAll,swig,TGLocalizationManager,,DeleteAll,direct,,c_symbol
0x005c3b20,swig_TGLocalizationManager_Purge,swig,TGLocalizationManager,,Purge,direct,,c_symbol
0x005c3b90,swig_TGLocalizationManager_GetIfRegistered,swig,,TGLocalizationManager,GetIfRegistered,python_wrapper,,python_class_method
0x005c3c70,swig_TGLocalizationManager_RegisterDatabase,swig,TGLocalizationManager,,RegisterDatabase,direct,,c_symbol
0x005c3d10,swig_TGAnimNode_UseAnimation,swig,TGAnimNode,,UseAnimation,direct,NiNode,c_symbol
0x005c3e50,swig_TGAnimNode_SetExclusiveAnimation,swig,TGAnimNode,,SetExclusiveAnimation,direct,NiNode,c_symbol
0x005c3f80,swig_TGAnimNode_SetNonExclusiveAnimation,swig,TGAnimNode,,SetNonExclusiveAnimation,direct,NiNode,c_symbol
0x005c40b0,swig_TGAnimNode_StopNonExclusiveAnimation,swig,TGAnimNode,,StopNonExclusiveAnimation,direct,NiNode,c_symbol
0x005c4170,swig_TGAnimNode_SetExclusiveAnimationUseDefault,swig,TGAnimNode,,SetExclusiveAnimationUseDefault,direct,NiNode,c_symbol
0x005c42a0,swig_TGAnimNode_Stop,swig,TGAnimNode,,Stop,direct,NiNode,c_symbol
0x005c4310,swig_TGAnimNode_Copy,swig,TGAnimNode,,Copy,direct,NiNode,c_symbol
0x005c43b0,swig_TGAnimNode_IsAnimate,swig,TGAnimNode,,IsAnimate,direct,NiNode,c_symbol
0x005c4430,swig_TGAnimNode_UseAnimationPosition,swig,TGAnimNode,,UseAnimationPosition,direct,NiNode,c_symbol
0x005c44f0,swig_TGAnimNode_SetRootNode,swig,TGAnimNode,,SetRootNode,direct,NiNode,c_symbol
0x005c4680,swig_TGAnimNode_GetRootNode,swig,,TGAnimNode,GetRootNode,python_wrapper,,python_class_method
0x005c46f0,swig_TGAnimNode_FindNode,swig,,TGAnimNode,FindNode,python_wrapper,,python_class_method
0x005c47f0,swig_TGAnimNode_SetBlendTime,swig,TGAnimNode,,SetBlendTime,direct,NiNode,c_symbol
0x005c4870,swig_TGAnimNode_GetBlendTime,swig,TGAnimNode,,GetBlendTime,direct,NiNode,c_symbol
0x005c48e0,swig_TGAnimationManagerClass_LoadAnimation,swig,TGAnimationManagerClass,,LoadAnimation,direct,,c_symbol
0x005c49f0,swig_TGAnimationManagerClass_MapDefaultAnimation,swig,TGAnimationManagerClass,,MapDefaultAnimation,direct,,c_symbol
0x005c4ad0,swig_TGAnimationManagerClass_FreeAnimation,swig,TGAnimationManagerClass,,FreeAnimation,direct,,c_symbol
0x005c4b90,swig_TGAnimationManagerClass_UseAnimation,swig,TGAnimationManagerClass,,UseAnimation,direct,,c_symbol
0x005c4ca0,swig_TGAnimationManagerClass_BlendAnimation,swig,TGAnimationManagerClass,,BlendAnimation,direct,,c_symbol
0x005c4de0,swig_TGAnimationManagerClass_UseDefault,swig,TGAnimationManagerClass,,UseDefault,direct,,c_symbol
0x005c4ec0,swig_TGAnimationManagerClass_GetAnimationLength,swig,TGAnimationManagerClass,,GetAnimationLength,direct,,c_symbol
0x005c4f70,swig_TGAnimationManagerClass_IsLoaded,swig,TGAnimationManagerClass,,IsLoaded,direct,,c_symbol
0x005c5030,swig_TGAnimationManagerClass_ClearAnimations,swig,TGAnimationManagerClass,,ClearAnimations,direct,,c_symbol
0x005c50a0,swig_TGAnimationManagerClass_PositionUsingAnimation,swig,TGAnimationManagerClass,,PositionUsingAnimation,direct,,c_symbol
0x005c5180,swig_TGModelManager_LoadModel,swig,TGModelManager,,LoadModel,direct,,c_symbol
0x005c52d0,swig_TGModelManager_LoadModelIncremental,swig,TGModelManager,,LoadModelIncremental,direct,,c_symbol
0x005c5440,swig_TGModelManager_IsModelLoaded,swig,TGModelManager,,IsModelLoaded,direct,,c_symbol
0x005c5500,swig_TGModelManager_AddModel,swig,TGModelManager,,AddModel,direct,,c_symbol
0x005c5600,swig_TGModelManager_GetModel,swig,,TGModelManager,GetModel,python_wrapper,,python_class_method
0x005c56b0,swig_TGModelManager_GetCamera,swig,,TGModelManager,GetCamera,python_wrapper,,python_class_method
0x005c5760,swig_TGModelManager_CloneModel,swig,,TGModelManager,CloneModel,python_wrapper,,python_class_method
0x005c5810,swig_TGModelManager_CloneCamera,swig,,TGModelManager,CloneCamera,python_wrapper,,python_class_method
0x005c58c0,swig_TGModelManager_CopyModel,swig,,TGModelManager,CopyModel,python_wrapper,,python_class_method
0x005c5970,swig_TGModelManager_FreeModel,swig,TGModelManager,,FreeModel,direct,,c_symbol
0x005c5a30,swig_TGModelManager_FreeAllModels,swig,TGModelManager,,FreeAllModels,direct,,c_symbol
0x005c5aa0,swig_TGModelManager_Refer,swig,TGModelManager,,Refer,direct,,c_symbol
0x005c5b60,swig_TGModelManager_Unrefer,swig,TGModelManager,,Unrefer,direct,,c_symbol
0x005c5c20,swig_TGModelManager_UnreferAll,swig,TGModelManager,,UnreferAll,direct,,c_symbol
0x005c5ce0,swig_TGModelManager_Purge,swig,TGModelManager,,Purge,direct,,c_symbol
0x005c5d50,swig_TGModelManager_DoIncrementalLoad,swig,TGModelManager,,DoIncrementalLoad,direct,,c_symbol
0x005c5dd0,swig_TGModelManager_ClearIncrementalLoadQueue,swig,TGModelManager,,ClearIncrementalLoadQueue,direct,,c_symbol
0x005c5e40,swig_new_TGEvent,swig,TGEvent,TGEvent,new,swig_ctor,TGObject,swig_ctor_dtor
0x005c5ec0,swig_delete_TGEvent,swig,TGEvent,TGEvent,delete,swig_dtor,TGObject,swig_ctor_dtor
0x005c5f30,swig_TGEvent_Cast,swig,TGEvent,TGEvent,Cast,swig_helper,TGObject,swig_helper_synth
0x005c5fa0,swig_TGEvent_Duplicate,swig,,TGEvent,Duplicate,python_wrapper,,python_class_method
0x005c6010,swig_TGEvent_Create,swig,TGEvent,TGEvent,Create,swig_helper,TGObject,swig_helper_synth
0x005c6080,swig_TGEvent_Copy,swig,TGEvent,,Copy,direct,TGObject,c_symbol
0x005c6130,swig_TGEvent_GetEventType,swig,TGEvent,,GetEventType,direct,TGObject,c_symbol
0x005c6190,swig_TGEvent_GetSource,swig,,TGEvent,GetSource,python_wrapper,,python_class_method
0x005c6200,swig_TGEvent_GetDestination,swig,,TGEvent,GetDestination,python_wrapper,,python_class_method
0x005c6270,swig_TGEvent_GetTimestamp,swig,TGEvent,,GetTimestamp,direct,TGObject,c_symbol
0x005c62e0,swig_TGEvent_SetEventType,swig,TGEvent,,SetEventType,direct,TGObject,c_symbol
0x005c6360,swig_TGEvent_SetSource,swig,TGEvent,,SetSource,direct,TGObject,c_symbol
0x005c6400,swig_TGEvent_SetDestination,swig,TGEvent,,SetDestination,direct,TGObject,c_symbol
0x005c64a0,swig_TGEvent_SetTimestamp,swig,TGEvent,,SetTimestamp,direct,TGObject,c_symbol
0x005c6520,swig_TGEvent_SetLogged,swig,TGEvent,,SetLogged,direct,TGObject,c_symbol
0x005c65a0,swig_TGEvent_IsLogged,swig,TGEvent,,IsLogged,direct,TGObject,c_symbol
0x005c6620,swig_TGEvent_SetPrivate,swig,TGEvent,,SetPrivate,direct,TGObject,c_symbol
0x005c66a0,swig_TGEvent_IsPrivate,swig,TGEvent,,IsPrivate,direct,TGObject,c_symbol
0x005c6720,swig_TGEvent_SetNotSaved,swig,TGEvent,,SetNotSaved,direct,TGObject,c_symbol
0x005c67a0,swig_TGEvent_IsNotSaved,swig,TGEvent,,IsNotSaved,direct,TGObject,c_symbol
0x005c6820,swig_TGEvent_IncRefCount,swig,TGEvent,,IncRefCount,direct,TGObject,c_symbol
0x005c6890,swig_TGEvent_DecRefCount,swig,TGEvent,,DecRefCount,direct,TGObject,c_symbol
0x005c6900,swig_TGEvent_GetRefCount,swig,TGEvent,,GetRefCount,direct,TGObject,c_symbol
0x005c6990,swig_new_TGBoolEvent,swig,TGBoolEvent,TGBoolEvent,new,swig_ctor,TGEvent|TGObject,swig_ctor_dtor
0x005c6a10,swig_TGBoolEvent_Cast,swig,TGBoolEvent,TGBoolEvent,Cast,swig_helper,TGEvent|TGObject,swig_helper_synth
0x005c6a80,swig_TGBoolEvent_Create,swig,TGBoolEvent,TGBoolEvent,Create,swig_helper,TGEvent|TGObject,swig_helper_synth
0x005c6af0,swig_TGBoolEvent_GetBool,swig,TGBoolEvent,,GetBool,direct,TGEvent|TGObject,c_symbol
0x005c6b70,swig_TGBoolEvent_SetBool,swig,TGBoolEvent,,SetBool,direct,TGEvent|TGObject,c_symbol
0x005c6c10,swig_TGBoolEvent_ToggleBool,swig,TGBoolEvent,,ToggleBool,direct,TGEvent|TGObject,c_symbol
0x005c6c80,swig_delete_TGBoolEvent,swig,TGBoolEvent,TGBoolEvent,delete,swig_dtor,TGEvent|TGObject,swig_ctor_dtor
0x005c6cf0,swig_new_TGCharEvent,swig,TGCharEvent,TGCharEvent,new,swig_ctor,TGEvent|TGObject,swig_ctor_dtor
0x005c6d70,swig_TGCharEvent_Cast,swig,TGCharEvent,TGCharEvent,Cast,swig_helper,TGEvent|TGObject,swig_helper_synth
0x005c6de0,swig_TGCharEvent_Create,swig,TGCharEvent,TGCharEvent,Create,swig_helper,TGEvent|TGObject,swig_helper_synth
0x005c6e50,swig_TGCharEvent_GetChar,swig,TGCharEvent,,GetChar,direct,TGEvent|TGObject,c_symbol
0x005c6ec0,swig_TGCharEvent_SetChar,swig,TGCharEvent,,SetChar,direct,TGEvent|TGObject,c_symbol
0x005c6f40,swig_delete_TGCharEvent,swig,TGCharEvent,TGCharEvent,delete,swig_dtor,TGEvent|TGObject,swig_ctor_dtor
0x005c6fb0,swig_new_TGShortEvent,swig,TGShortEvent,TGShortEvent,new,swig_ctor,TGEvent|TGObject,swig_ctor_dtor
0x005c7100,swig_TGShortEvent_Cast,swig,TGShortEvent,TGShortEvent,Cast,swig_helper,TGEvent|TGObject,swig_helper_synth
0x005c7170,swig_TGShortEvent_Create,swig,TGShortEvent,TGShortEvent,Create,swig_helper,TGEvent|TGObject,swig_helper_synth
0x005c71e0,swig_TGShortEvent_GetShort,swig,TGShortEvent,,GetShort,direct,TGEvent|TGObject,c_symbol
0x005c7240,swig_TGShortEvent_SetShort,swig,TGShortEvent,,SetShort,direct,TGEvent|TGObject,c_symbol
0x005c72c0,swig_delete_TGShortEvent,swig,TGShortEvent,TGShortEvent,delete,swig_dtor,TGEvent|TGObject,swig_ctor_dtor
0x005c7330,swig_new_TGIntEvent,swig,TGIntEvent,TGIntEvent,new,swig_ctor,TGEvent|TGObject,swig_ctor_dtor
0x005c73b0,swig_TGIntEvent_Cast,swig,TGIntEvent,TGIntEvent,Cast,swig_helper,TGEvent|TGObject,swig_helper_synth
0x005c7420,swig_TGIntEvent_Create,swig,TGIntEvent,TGIntEvent,Create,swig_helper,TGEvent|TGObject,swig_helper_synth
0x005c7490,swig_TGIntEvent_GetInt,swig,TGIntEvent,,GetInt,direct,TGEvent|TGObject,c_symbol
0x005c74f0,swig_TGIntEvent_SetInt,swig,TGIntEvent,,SetInt,direct,TGEvent|TGObject,c_symbol
0x005c7570,swig_delete_TGIntEvent,swig,TGIntEvent,TGIntEvent,delete,swig_dtor,TGEvent|TGObject,swig_ctor_dtor
0x005c75e0,swig_new_TGFloatEvent,swig,TGFloatEvent,TGFloatEvent,new,swig_ctor,TGEvent|TGObject,swig_ctor_dtor
0x005c7660,swig_TGFloatEvent_Cast,swig,TGFloatEvent,TGFloatEvent,Cast,swig_helper,TGEvent|TGObject,swig_helper_synth
0x005c76d0,swig_TGFloatEvent_Create,swig,TGFloatEvent,TGFloatEvent,Create,swig_helper,TGEvent|TGObject,swig_helper_synth
0x005c7740,swig_TGFloatEvent_GetFloat,swig,TGFloatEvent,,GetFloat,direct,TGEvent|TGObject,c_symbol
0x005c77b0,swig_TGFloatEvent_SetFloat,swig,TGFloatEvent,,SetFloat,direct,TGEvent|TGObject,c_symbol
0x005c7830,swig_delete_TGFloatEvent,swig,TGFloatEvent,TGFloatEvent,delete,swig_dtor,TGEvent|TGObject,swig_ctor_dtor
0x005c78a0,swig_new_TGStringEvent,swig,TGStringEvent,TGStringEvent,new,swig_ctor,TGEvent|TGObject,swig_ctor_dtor
0x005c7920,swig_TGStringEvent_Cast,swig,TGStringEvent,TGStringEvent,Cast,swig_helper,TGEvent|TGObject,swig_helper_synth
0x005c7990,swig_TGStringEvent_Create,swig,TGStringEvent,TGStringEvent,Create,swig_helper,TGEvent|TGObject,swig_helper_synth
0x005c7a00,swig_TGStringEvent_GetString,swig,TGStringEvent,,GetString,direct,TGEvent|TGObject,c_symbol
0x005c7aa0,swig_TGStringEvent_SetString,swig,TGStringEvent,,SetString,direct,TGEvent|TGObject,c_symbol
0x005c7b60,swig_delete_TGStringEvent,swig,TGStringEvent,TGStringEvent,delete,swig_dtor,TGEvent|TGObject,swig_ctor_dtor
0x005c7bd0,swig_new_TGVoidPtrEvent,swig,TGVoidPtrEvent,TGVoidPtrEvent,new,swig_ctor,TGEvent|TGObject,swig_ctor_dtor
0x005c7d40,swig_TGVoidPtrEvent_Create,swig,TGVoidPtrEvent,TGVoidPtrEvent,Create,swig_helper,TGEvent|TGObject,swig_helper_synth
0x005c7db0,swig_TGVoidPtrEvent_GetVoidPtr,swig,TGVoidPtrEvent,,GetVoidPtr,direct,TGEvent|TGObject,c_symbol
0x005c7e20,swig_TGVoidPtrEvent_SetVoidPtr,swig,TGVoidPtrEvent,,SetVoidPtr,direct,TGEvent|TGObject,c_symbol
0x005c7ea0,swig_delete_TGVoidPtrEvent,swig,TGVoidPtrEvent,TGVoidPtrEvent,delete,swig_dtor,TGEvent|TGObject,swig_ctor_dtor
0x005c7f10,swig_new_TGObjPtrEvent,swig,TGObjPtrEvent,TGObjPtrEvent,new,swig_ctor,TGEvent|TGObject,swig_ctor_dtor
0x005c7f90,swig_TGObjPtrEvent_Cast,swig,TGObjPtrEvent,TGObjPtrEvent,Cast,swig_helper,TGEvent|TGObject,swig_helper_synth
0x005c8000,swig_TGObjPtrEvent_Create,swig,TGObjPtrEvent,TGObjPtrEvent,Create,swig_helper,TGEvent|TGObject,swig_helper_synth
0x005c8070,swig_TGObjPtrEvent_GetObjPtr,swig,,TGObjPtrEvent,GetObjPtr,python_wrapper,,python_class_method
0x005c80e0,swig_TGObjPtrEvent_SetObjPtr,swig,TGObjPtrEvent,,SetObjPtr,direct,TGEvent|TGObject,c_symbol
0x005c8190,swig_delete_TGObjPtrEvent,swig,TGObjPtrEvent,TGObjPtrEvent,delete,swig_dtor,TGEvent|TGObject,swig_ctor_dtor
0x005c8200,swig_TGEventHandlerObject_Cast,swig,TGEventHandlerObject,TGEventHandlerObject,Cast,swig_helper,TGTemplatedAttrObject|TGAttrObject|TGObject,swig_helper_synth
0x005c8270,swig_delete_TGEventHandlerObject,swig,TGEventHandlerObject,TGEventHandlerObject,delete,swig_dtor,TGTemplatedAttrObject|TGAttrObject|TGObject,swig_ctor_dtor
0x005c82e0,swig_TGEventHandlerObject_ProcessEvent,swig,TGEventHandlerObject,,ProcessEvent,direct,TGTemplatedAttrObject|TGAttrObject|TGObject,c_symbol
0x005c8390,swig_TGEventHandlerObject_CallNextHandler,swig,TGEventHandlerObject,,CallNextHandler,direct,TGTemplatedAttrObject|TGAttrObject|TGObject,c_symbol
0x005c8440,swig_TGEventHandlerObject_AddPythonFuncHandlerForInstance,swig,TGEventHandlerObject,,AddPythonFuncHandlerForInstance,direct,TGTemplatedAttrObject|TGAttrObject|TGObject,c_symbol
0x005c8510,swig_TGEventHandlerObject_AddPythonMethodHandlerForInstance,swig,TGEventHandlerObject,,AddPythonMethodHandlerForInstance,direct,TGTemplatedAttrObject|TGAttrObject|TGObject,c_symbol
0x005c85e0,swig_TGEventHandlerObject_RemoveHandlerForInstance,swig,TGEventHandlerObject,,RemoveHandlerForInstance,direct,TGTemplatedAttrObject|TGAttrObject|TGObject,c_symbol
0x005c86b0,swig_TGEventHandlerObject_RemoveAllInstanceHandlers,swig,TGEventHandlerObject,,RemoveAllInstanceHandlers,direct,TGTemplatedAttrObject|TGAttrObject|TGObject,c_symbol
0x005c8730,swig_TGEventManager_AddBroadcastPythonFuncHandler,swig,TGEventManager,,AddBroadcastPythonFuncHandler,direct,,c_symbol
0x005c8870,swig_TGEventManager_AddBroadcastPythonMethodHandler,swig,TGEventManager,,AddBroadcastPythonMethodHandler,direct,,c_symbol
0x005c89b0,swig_TGEventManager_RemoveBroadcastHandler,swig,TGEventManager,,RemoveBroadcastHandler,direct,,c_symbol
0x005c8b00,swig_TGEventManager_RemoveAllBroadcastHandlersForObject,swig,TGEventManager,,RemoveAllBroadcastHandlersForObject,direct,,c_symbol
0x005c8bc0,swig_TGEventManager_AddEvent,swig,TGEventManager,,AddEvent,direct,,c_symbol
0x005c8c70,swig_new_TGTimer,swig,TGTimer,TGTimer,new,swig_ctor,TGObject,swig_ctor_dtor
0x005c8cf0,swig_delete_TGTimer,swig,TGTimer,TGTimer,delete,swig_dtor,TGObject,swig_ctor_dtor
0x005c8d60,swig_TGTimer_Create,swig,TGTimer,TGTimer,Create,swig_helper,TGObject,swig_helper_synth
0x005c8dd0,swig_TGTimer_SetTimerStart,swig,TGTimer,,SetTimerStart,direct,TGObject,c_symbol
0x005c8e50,swig_TGTimer_SetDelay,swig,TGTimer,,SetDelay,direct,TGObject,c_symbol
0x005c8ed0,swig_TGTimer_SetDuration,swig,TGTimer,,SetDuration,direct,TGObject,c_symbol
0x005c8f50,swig_TGTimer_SetEvent,swig,TGTimer,,SetEvent,direct,TGObject,c_symbol
0x005c8ff0,swig_TGTimer_GetTimerStart,swig,TGTimer,,GetTimerStart,direct,TGObject,c_symbol
0x005c9060,swig_TGTimer_GetDelay,swig,TGTimer,,GetDelay,direct,TGObject,c_symbol
0x005c90d0,swig_TGTimer_GetDuration,swig,TGTimer,,GetDuration,direct,TGObject,c_symbol
0x005c9140,swig_TGTimer_GetEvent,swig,,TGTimer,GetEvent,python_wrapper,,python_class_method
0x005c91b0,swig_TGTimer_GetTGTimerPtr,swig,TGTimer,,GetTGTimerPtr,direct_unmatched,TGObject,class_prefix
0x005c91f0,swig_TGTimerManager_AddTimer,swig,TGTimerManager,,AddTimer,direct,,c_symbol
0x005c92a0,swig_TGTimerManager_RemoveTimer,swig,TGTimerManager,,RemoveTimer,direct,,c_symbol
0x005c9320,swig_TGTimerManager_DeleteTimer,swig,TGTimerManager,,DeleteTimer,direct,,c_symbol
0x005c93a0,swig_new_TGPythonInstanceWrapper,swig,TGPythonInstanceWrapper,TGPythonInstanceWrapper,new,swig_ctor,TGEventHandlerObject|TGTemplatedAttrObject|TGAttrObject|TGObject,swig_ctor_dtor
0x005c9400,swig_TGPythonInstanceWrapper_Create,swig,TGPythonInstanceWrapper,TGPythonInstanceWrapper,Create,swig_helper,TGEventHandlerObject|TGTemplatedAttrObject|TGAttrObject|TGObject,swig_helper_synth
0x005c9460,swig_delete_TGPythonInstanceWrapper,swig,TGPythonInstanceWrapper,TGPythonInstanceWrapper,delete,swig_dtor,TGEventHandlerObject|TGTemplatedAttrObject|TGAttrObject|TGObject,swig_ctor_dtor
0x005c94d0,swig_new_TGIEvent,swig,TGIEvent,TGIEvent,new,swig_ctor,TGEvent|TGObject,swig_ctor_dtor
0x005c9600,swig_TGIEvent_EventHandled,swig,TGIEvent,,EventHandled,direct,TGEvent|TGObject,c_symbol
0x005c9680,swig_TGIEvent_SetHandled,swig,TGIEvent,,SetHandled,direct,TGEvent|TGObject,c_symbol
0x005c96f0,swig_delete_TGIEvent,swig,TGIEvent,TGIEvent,delete,swig_dtor,TGEvent|TGObject,swig_ctor_dtor
0x005c9760,swig_new_TGMouseEvent,swig,TGMouseEvent,TGMouseEvent,new,swig_ctor,TGIEvent|TGEvent|TGObject,swig_ctor_dtor
0x005c98b0,swig_TGMouseEvent_Copy,swig,TGMouseEvent,,Copy,direct,TGIEvent|TGEvent|TGObject,c_symbol
0x005c9960,swig_TGMouseEvent_Create,swig,TGMouseEvent,TGMouseEvent,Create,swig_helper,TGIEvent|TGEvent|TGObject,swig_helper_synth
0x005c9a40,swig_TGMouseEvent_IsButtonEvent,swig,TGMouseEvent,,IsButtonEvent,direct,TGIEvent|TGEvent|TGObject,c_symbol
0x005c9ac0,swig_TGMouseEvent_GetButtonNum,swig,TGMouseEvent,,GetButtonNum,direct,TGIEvent|TGEvent|TGObject,c_symbol
0x005c9b30,swig_TGMouseEvent_GetFlags,swig,TGMouseEvent,,GetFlags,direct,TGIEvent|TGEvent|TGObject,c_symbol
0x005c9ba0,swig_TGMouseEvent_SetFlags,swig,TGMouseEvent,,SetFlags,direct,TGIEvent|TGEvent|TGObject,c_symbol
0x005c9c20,swig_TGMouseEvent_GetX,swig,TGMouseEvent,,GetX,direct,TGIEvent|TGEvent|TGObject,c_symbol
0x005c9c90,swig_TGMouseEvent_GetY,swig,TGMouseEvent,,GetY,direct,TGIEvent|TGEvent|TGObject,c_symbol
0x005c9d00,swig_delete_TGMouseEvent,swig,TGMouseEvent,TGMouseEvent,delete,swig_dtor,TGIEvent|TGEvent|TGObject,swig_ctor_dtor
0x005c9d70,swig_TGKeyboardEvent_Create,swig,TGKeyboardEvent,TGKeyboardEvent,Create,swig_helper,TGIEvent|TGEvent|TGObject,swig_helper_synth
0x005c9ef0,swig_new_TGKeyboardEvent,swig,TGKeyboardEvent,TGKeyboardEvent,new,swig_ctor,TGIEvent|TGEvent|TGObject,swig_ctor_dtor
0x005c9f80,swig_TGKeyboardEvent_Copy,swig,TGKeyboardEvent,,Copy,direct,TGIEvent|TGEvent|TGObject,c_symbol
0x005ca030,swig_TGKeyboardEvent_GetUnicode,swig,TGKeyboardEvent,,GetUnicode,direct,TGIEvent|TGEvent|TGObject,c_symbol
0x005ca090,swig_TGKeyboardEvent_SetUnicode,swig,TGKeyboardEvent,,SetUnicode,direct,TGIEvent|TGEvent|TGObject,c_symbol
0x005ca110,swig_TGKeyboardEvent_GetKeyData,swig,TGKeyboardEvent,,GetKeyData,direct,TGIEvent|TGEvent|TGObject,c_symbol
0x005ca170,swig_TGKeyboardEvent_SetKeyData,swig,TGKeyboardEvent,,SetKeyData,direct,TGIEvent|TGEvent|TGObject,c_symbol
0x005ca1f0,swig_TGKeyboardEvent_GetKeyState,swig,TGKeyboardEvent,,GetKeyState,direct,TGIEvent|TGEvent|TGObject,c_symbol
0x005ca250,swig_TGKeyboardEvent_SetKeyState,swig,TGKeyboardEvent,,SetKeyState,direct,TGIEvent|TGEvent|TGObject,c_symbol
0x005ca2d0,swig_delete_TGKeyboardEvent,swig,TGKeyboardEvent,TGKeyboardEvent,delete,swig_dtor,TGIEvent|TGEvent|TGObject,swig_ctor_dtor
0x005ca340,swig_new_TGGamepadEvent,swig,TGGamepadEvent,TGGamepadEvent,new,swig_ctor,TGIEvent|TGEvent|TGObject,swig_ctor_dtor
0x005ca490,swig_TGGamepadEvent_Copy,swig,TGGamepadEvent,,Copy,direct,TGIEvent|TGEvent|TGObject,c_symbol
0x005ca540,swig_TGGamepadEvent_GetInfo,swig,TGGamepadEvent,,GetInfo,direct,TGIEvent|TGEvent|TGObject,c_symbol
0x005ca650,swig_TGGamepadEvent_SetInfo,swig,TGGamepadEvent,,SetInfo,direct,TGIEvent|TGEvent|TGObject,c_symbol
0x005ca6f0,swig_delete_TGGamepadEvent,swig,TGGamepadEvent,TGGamepadEvent,delete,swig_dtor,TGIEvent|TGEvent|TGObject,swig_ctor_dtor
0x005ca760,swig_TGInputManager_Poll,swig,TGInputManager,,Poll,direct,,c_symbol
0x005ca7d0,swig_TGInputManager_UpdateDevices,swig,TGInputManager,,UpdateDevices,direct,,c_symbol
0x005ca840,swig_TGInputManager_KeyEvent,swig,TGInputManager,,KeyEvent,direct,,c_symbol
0x005ca8e0,swig_TGInputManager_MouseEvent,swig,TGInputManager,,MouseEvent,direct,,c_symbol
0x005ca980,swig_TGInputManager_GetMousePos,swig,,TGInputManager,GetMousePos,python_wrapper,,python_class_method
0x005caa20,swig_TGInputManager_GetMouseDelta,swig,,TGInputManager,GetMouseDelta,python_wrapper,,python_class_method
0x005caac0,swig_TGInputManager_SetMousePosition,swig,TGInputManager,,SetMousePosition,direct,,c_symbol
0x005cab70,swig_TGInputManager_GetMouseDeltaX,swig,TGInputManager,,GetMouseDeltaX,direct,,c_symbol
0x005cabd0,swig_TGInputManager_GetMouseDeltaY,swig,TGInputManager,,GetMouseDeltaY,direct,,c_symbol
0x005cac30,swig_TGInputManager_GetMouseX,swig,TGInputManager,,GetMouseX,direct,,c_symbol
0x005cac90,swig_TGInputManager_GetMouseY,swig,TGInputManager,,GetMouseY,direct,,c_symbol
0x005cacf0,swig_TGInputManager_GetCenterMouse,swig,TGInputManager,,GetCenterMouse,direct,,c_symbol
0x005cad70,swig_TGInputManager_SetCenterMouse,swig,TGInputManager,,SetCenterMouse,direct,,c_symbol
0x005cadf0,swig_TGInputManager_GamepadEvent,swig,TGInputManager,,GamepadEvent,direct,,c_symbol
0x005cae90,swig_TGInputManager_RegisterUnicodeKey,swig,TGInputManager,,RegisterUnicodeKey,direct,,c_symbol
0x005cafa0,swig_TGInputManager_RegisterDeadKey,swig,TGInputManager,,RegisterDeadKey,direct,,c_symbol
0x005cb030,swig_TGInputManager_GetUnicodeKey,swig,TGInputManager,,GetUnicodeKey,direct,,c_symbol
0x005cb0c0,swig_TGInputManager_GetScanCode,swig,TGInputManager,,GetScanCode,direct,,c_symbol
0x005cb130,swig_TGInputManager_SetCurrentUnicodeKeyList,swig,TGInputManager,,SetCurrentUnicodeKeyList,direct,,c_symbol
0x005cb1a0,swig_TGInputManager_SetDisplayStringForUnicode,swig,TGInputManager,,SetDisplayStringForUnicode,direct,,c_symbol
0x005cb360,swig_TGInputManager_GetDisplayStringFromUnicode,swig,,TGInputManager,GetDisplayStringFromUnicode,python_wrapper,,python_class_method
0x005cb400,swig_TGInputManager_SetKeyboardInputEnabled,swig,TGInputManager,,SetKeyboardInputEnabled,direct,,c_symbol
0x005cb490,swig_TGInputManager_MoveMouseCursorTo,swig,TGInputManager,,MoveMouseCursorTo,direct,,c_symbol
0x005cb530,swig_TGInputManager_PauseMouseCursorMoveTo,swig,TGInputManager,,PauseMouseCursorMoveTo,direct,,c_symbol
0x005cb5a0,swig_TGInputManager_ResumeMouseCursorMoveTo,swig,TGInputManager,,ResumeMouseCursorMoveTo,direct,,c_symbol
0x005cb610,swig_TGUIModule_PixelAlignRect,swig,TGUIModule,,PixelAlignRect,direct_unmatched,,class_prefix
0x005cb850,swig_TGUIModule_PixelAlignPoint,swig,TGUIModule,,PixelAlignPoint,direct_unmatched,,class_prefix
0x005cb980,swig_TGUIModule_PixelAlignValue,swig,TGUIModule,,PixelAlignValue,direct_unmatched,,class_prefix
0x005cba80,swig_new_TGRect,swig,TGRect,TGRect,new,swig_ctor,,swig_ctor_dtor
0x005cbb10,swig_delete_TGRect,swig,TGRect,TGRect,delete,swig_dtor,,swig_ctor_dtor
0x005cbb90,swig_TGRect_Set,swig,TGRect,,Set,direct,,c_symbol
0x005cbc30,swig_TGRect_GetLeft,swig,TGRect,,GetLeft,direct,,c_symbol
0x005cbc90,swig_TGRect_GetTop,swig,TGRect,,GetTop,direct,,c_symbol
0x005cbd00,swig_TGRect_GetWidth,swig,TGRect,,GetWidth,direct,,c_symbol
0x005cbd70,swig_TGRect_GetHeight,swig,TGRect,,GetHeight,direct,,c_symbol
0x005cbde0,swig_TGRect_GetRight,swig,TGRect,,GetRight,direct,,c_symbol
0x005cbe50,swig_TGRect_GetBottom,swig,TGRect,,GetBottom,direct,,c_symbol
0x005cbec0,swig_TGRect_GetPosition,swig,TGRect,,GetPosition,direct,,c_symbol
0x005cbf70,swig_TGRect_SetLeft,swig,TGRect,,SetLeft,direct,,c_symbol
0x005cbff0,swig_TGRect_SetTop,swig,TGRect,,SetTop,direct,,c_symbol
0x005cc070,swig_TGRect_SetWidth,swig,TGRect,,SetWidth,direct,,c_symbol
0x005cc0f0,swig_TGRect_SetHeight,swig,TGRect,,SetHeight,direct,,c_symbol
0x005cc170,swig_TGRect_SetRight,swig,TGRect,,SetRight,direct,,c_symbol
0x005cc1f0,swig_TGRect_SetBottom,swig,TGRect,,SetBottom,direct,,c_symbol
0x005cc270,swig_TGRect_SetPosition,swig,TGRect,,SetPosition,direct,,c_symbol
0x005cc320,swig_TGRect_IsEmpty,swig,TGRect,,IsEmpty,direct,,c_symbol
0x005cc3c0,swig_TGRect_IsClear,swig,TGRect,,IsClear,direct,,c_symbol
0x005cc480,swig_TGRect_DoesIntersect,swig,TGRect,,DoesIntersect,direct,,c_symbol
0x005cc530,swig_TGRect_IsWithin,swig,TGRect,,IsWithin,direct,,c_symbol
0x005cc5c0,swig_TGRect_ClipTo,swig,TGRect,,ClipTo,direct,,c_symbol
0x005cc660,swig_TGRect_Clear,swig,TGRect,,Clear,direct,,c_symbol
0x005cc6d0,swig_delete_TGUIObject,swig,TGUIObject,TGUIObject,delete,swig_dtor,TGEventHandlerObject|TGTemplatedAttrObject|TGAttrObject|TGObject,swig_ctor_dtor
0x005cc740,swig_TGUIObject_GetParent,swig,,TGUIObject,GetParent,python_wrapper,,python_class_method
0x005cc7b0,swig_TGUIObject_SetParent,swig,TGUIObject,,SetParent,direct,TGEventHandlerObject|TGTemplatedAttrObject|TGAttrObject|TGObject,c_symbol
0x005cc870,swig_TGUIObject_GetConceptualParent,swig,,TGUIObject,GetConceptualParent,python_wrapper,,python_class_method
0x005cc8e0,swig_TGUIObject_GetBounds,swig,TGUIObject,,GetBounds,direct,TGEventHandlerObject|TGTemplatedAttrObject|TGAttrObject|TGObject,c_symbol
0x005cc990,swig_TGUIObject_SetBounds,swig,TGUIObject,,SetBounds,direct,TGEventHandlerObject|TGTemplatedAttrObject|TGAttrObject|TGObject,c_symbol
0x005cca50,swig_TGUIObject_GetLeft,swig,TGUIObject,,GetLeft,direct,TGEventHandlerObject|TGTemplatedAttrObject|TGAttrObject|TGObject,c_symbol
0x005ccac0,swig_TGUIObject_GetTop,swig,TGUIObject,,GetTop,direct,TGEventHandlerObject|TGTemplatedAttrObject|TGAttrObject|TGObject,c_symbol
0x005ccb30,swig_TGUIObject_GetRight,swig,TGUIObject,,GetRight,direct,TGEventHandlerObject|TGTemplatedAttrObject|TGAttrObject|TGObject,c_symbol
0x005ccba0,swig_TGUIObject_GetBottom,swig,TGUIObject,,GetBottom,direct,TGEventHandlerObject|TGTemplatedAttrObject|TGAttrObject|TGObject,c_symbol
0x005ccc10,swig_TGUIObject_GetWidth,swig,TGUIObject,,GetWidth,direct,TGEventHandlerObject|TGTemplatedAttrObject|TGAttrObject|TGObject,c_symbol
0x005ccc80,swig_TGUIObject_GetHeight,swig,TGUIObject,,GetHeight,direct,TGEventHandlerObject|TGTemplatedAttrObject|TGAttrObject|TGObject,c_symbol
0x005cccf0,swig_TGUIObject_IsWithin,swig,TGUIObject,,IsWithin,direct,TGEventHandlerObject|TGTemplatedAttrObject|TGAttrObject|TGObject,c_symbol
0x005ccde0,swig_TGUIObject_GetPosition,swig,TGUIObject,,GetPosition,direct,TGEventHandlerObject|TGTemplatedAttrObject|TGAttrObject|TGObject,c_symbol
0x005cce90,swig_TGUIObject_SetPosition,swig,TGUIObject,,SetPosition,direct,TGEventHandlerObject|TGTemplatedAttrObject|TGAttrObject|TGObject,c_symbol
0x005ccf30,swig_TGUIObject_GetFlags,swig,TGUIObject,,GetFlags,direct,TGEventHandlerObject|TGTemplatedAttrObject|TGAttrObject|TGObject,c_symbol
0x005ccf90,swig_TGUIObject_GetScreenOffset,swig,TGUIObject,,GetScreenOffset,direct,TGEventHandlerObject|TGTemplatedAttrObject|TGAttrObject|TGObject,c_symbol
0x005cd030,swig_TGUIObject_GetClipRect,swig,TGUIObject,,GetClipRect,direct,TGEventHandlerObject|TGTemplatedAttrObject|TGAttrObject|TGObject,c_symbol
0x005cd0d0,swig_TGUIObject_GetCommonAncestor,swig,,TGUIObject,GetCommonAncestor,python_wrapper,,python_class_method
0x005cd170,swig_TGUIObject_Move,swig,TGUIObject,,Move,direct,TGEventHandlerObject|TGTemplatedAttrObject|TGAttrObject|TGObject,c_symbol
0x005cd210,swig_TGUIObject_Resize,swig,TGUIObject,,Resize,direct,TGEventHandlerObject|TGTemplatedAttrObject|TGAttrObject|TGObject,c_symbol
0x005cd2b0,swig_TGUIObject_AlignTo,swig,TGUIObject,,AlignTo,direct,TGEventHandlerObject|TGTemplatedAttrObject|TGAttrObject|TGObject,c_symbol
0x005cd380,swig_TGUIObject_GetFocusLeaf,swig,,TGUIObject,GetFocusLeaf,python_wrapper,,python_class_method
0x005cd3f0,swig_TGUIObject_GotFocus,swig,TGUIObject,,GotFocus,direct,TGEventHandlerObject|TGTemplatedAttrObject|TGAttrObject|TGObject,c_symbol
0x005cd480,swig_TGUIObject_GotTrueFocus,swig,TGUIObject,,GotTrueFocus,direct,TGEventHandlerObject|TGTemplatedAttrObject|TGAttrObject|TGObject,c_symbol
0x005cd510,swig_TGUIObject_GotTrueFocusPath,swig,TGUIObject,,GotTrueFocusPath,direct,TGEventHandlerObject|TGTemplatedAttrObject|TGAttrObject|TGObject,c_symbol
0x005cd5a0,swig_TGUIObject_LostFocus,swig,TGUIObject,,LostFocus,direct,TGEventHandlerObject|TGTemplatedAttrObject|TGAttrObject|TGObject,c_symbol
0x005cd630,swig_TGUIObject_LostTrueFocus,swig,TGUIObject,,LostTrueFocus,direct,TGEventHandlerObject|TGTemplatedAttrObject|TGAttrObject|TGObject,c_symbol
0x005cd6c0,swig_TGUIObject_LostTrueFocusPath,swig,TGUIObject,,LostTrueFocusPath,direct,TGEventHandlerObject|TGTemplatedAttrObject|TGAttrObject|TGObject,c_symbol
0x005cd750,swig_TGUIObject_HasFocus,swig,TGUIObject,,HasFocus,direct,TGEventHandlerObject|TGTemplatedAttrObject|TGAttrObject|TGObject,c_symbol
0x005cd7d0,swig_TGUIObject_HasTrueFocus,swig,TGUIObject,,HasTrueFocus,direct,TGEventHandlerObject|TGTemplatedAttrObject|TGAttrObject|TGObject,c_symbol
0x005cd850,swig_TGUIObject_HasAncestor,swig,TGUIObject,,HasAncestor,direct,TGEventHandlerObject|TGTemplatedAttrObject|TGAttrObject|TGObject,c_symbol
0x005cd900,swig_TGUIObject_IsInTrueFocusPath,swig,TGUIObject,,IsInTrueFocusPath,direct,TGEventHandlerObject|TGTemplatedAttrObject|TGAttrObject|TGObject,c_symbol
0x005cd980,swig_TGUIObject_FocusHeight,swig,TGUIObject,,FocusHeight,direct,TGEventHandlerObject|TGTemplatedAttrObject|TGAttrObject|TGObject,c_symbol
0x005cd9f0,swig_TGUIObject_GetDesiredSize,swig,TGUIObject,,GetDesiredSize,direct,TGEventHandlerObject|TGTemplatedAttrObject|TGAttrObject|TGObject,c_symbol
0x005cda90,swig_TGUIObject_MouseEntered,swig,TGUIObject,,MouseEntered,direct,TGEventHandlerObject|TGTemplatedAttrObject|TGAttrObject|TGObject,c_symbol
0x005cdb30,swig_TGUIObject_MouseExited,swig,TGUIObject,,MouseExited,direct,TGEventHandlerObject|TGTemplatedAttrObject|TGAttrObject|TGObject,c_symbol
0x005cdbd0,swig_TGUIObject_IsCompletelyEnabled,swig,TGUIObject,,IsCompletelyEnabled,direct,TGEventHandlerObject|TGTemplatedAttrObject|TGAttrObject|TGObject,c_symbol
0x005cdc50,swig_TGUIObject_IsEnabled,swig,TGUIObject,,IsEnabled,direct,TGEventHandlerObject|TGTemplatedAttrObject|TGAttrObject|TGObject,c_symbol
0x005cdcb0,swig_TGUIObject_SetEnabled,swig,TGUIObject,,SetEnabled,direct,TGEventHandlerObject|TGTemplatedAttrObject|TGAttrObject|TGObject,c_symbol
0x005cdd40,swig_TGUIObject_SetDisabled,swig,TGUIObject,,SetDisabled,direct,TGEventHandlerObject|TGTemplatedAttrObject|TGAttrObject|TGObject,c_symbol
0x005cddd0,swig_TGUIObject_ToggleEnabled,swig,TGUIObject,,ToggleEnabled,direct,TGEventHandlerObject|TGTemplatedAttrObject|TGAttrObject|TGObject,c_symbol
0x005cde80,swig_TGUIObject_SetEnabledFlag,swig,TGUIObject,,SetEnabledFlag,direct,TGEventHandlerObject|TGTemplatedAttrObject|TGAttrObject|TGObject,c_symbol
0x005cdf40,swig_TGUIObject_IsSelected,swig,TGUIObject,,IsSelected,direct,TGEventHandlerObject|TGTemplatedAttrObject|TGAttrObject|TGObject,c_symbol
0x005cdfa0,swig_TGUIObject_SetSelected,swig,TGUIObject,,SetSelected,direct,TGEventHandlerObject|TGTemplatedAttrObject|TGAttrObject|TGObject,c_symbol
0x005ce030,swig_TGUIObject_SetNotSelected,swig,TGUIObject,,SetNotSelected,direct,TGEventHandlerObject|TGTemplatedAttrObject|TGAttrObject|TGObject,c_symbol
0x005ce0c0,swig_TGUIObject_ToggleSelected,swig,TGUIObject,,ToggleSelected,direct,TGEventHandlerObject|TGTemplatedAttrObject|TGAttrObject|TGObject,c_symbol
0x005ce170,swig_TGUIObject_SetSelectedFlag,swig,TGUIObject,,SetSelectedFlag,direct,TGEventHandlerObject|TGTemplatedAttrObject|TGAttrObject|TGObject,c_symbol
0x005ce230,swig_TGUIObject_IsHighlighted,swig,TGUIObject,,IsHighlighted,direct,TGEventHandlerObject|TGTemplatedAttrObject|TGAttrObject|TGObject,c_symbol
0x005ce290,swig_TGUIObject_SetHighlighted,swig,TGUIObject,,SetHighlighted,direct,TGEventHandlerObject|TGTemplatedAttrObject|TGAttrObject|TGObject,c_symbol
0x005ce320,swig_TGUIObject_SetNotHighlighted,swig,TGUIObject,,SetNotHighlighted,direct,TGEventHandlerObject|TGTemplatedAttrObject|TGAttrObject|TGObject,c_symbol
0x005ce3b0,swig_TGUIObject_ToggleHighlighted,swig,TGUIObject,,ToggleHighlighted,direct,TGEventHandlerObject|TGTemplatedAttrObject|TGAttrObject|TGObject,c_symbol
0x005ce460,swig_TGUIObject_SetHighlightedFlag,swig,TGUIObject,,SetHighlightedFlag,direct,TGEventHandlerObject|TGTemplatedAttrObject|TGAttrObject|TGObject,c_symbol
0x005ce520,swig_TGUIObject_IsCompletelyVisible,swig,TGUIObject,,IsCompletelyVisible,direct,TGEventHandlerObject|TGTemplatedAttrObject|TGAttrObject|TGObject,c_symbol
0x005ce5a0,swig_TGUIObject_IsVisible,swig,TGUIObject,,IsVisible,direct,TGEventHandlerObject|TGTemplatedAttrObject|TGAttrObject|TGObject,c_symbol
0x005ce600,swig_TGUIObject_SetVisible,swig,TGUIObject,,SetVisible,direct,TGEventHandlerObject|TGTemplatedAttrObject|TGAttrObject|TGObject,c_symbol
0x005ce690,swig_TGUIObject_SetNotVisible,swig,TGUIObject,,SetNotVisible,direct,TGEventHandlerObject|TGTemplatedAttrObject|TGAttrObject|TGObject,c_symbol
0x005ce720,swig_TGUIObject_ToggleVisible,swig,TGUIObject,,ToggleVisible,direct,TGEventHandlerObject|TGTemplatedAttrObject|TGAttrObject|TGObject,c_symbol
0x005ce7d0,swig_TGUIObject_SetVisibleFlag,swig,TGUIObject,,SetVisibleFlag,direct,TGEventHandlerObject|TGTemplatedAttrObject|TGAttrObject|TGObject,c_symbol
0x005ce890,swig_TGUIObject_IsExclusive,swig,TGUIObject,,IsExclusive,direct,TGEventHandlerObject|TGTemplatedAttrObject|TGAttrObject|TGObject,c_symbol
0x005ce8f0,swig_TGUIObject_SetExclusive,swig,TGUIObject,,SetExclusive,direct,TGEventHandlerObject|TGTemplatedAttrObject|TGAttrObject|TGObject,c_symbol
0x005ce980,swig_TGUIObject_SetNotExclusive,swig,TGUIObject,,SetNotExclusive,direct,TGEventHandlerObject|TGTemplatedAttrObject|TGAttrObject|TGObject,c_symbol
0x005cea10,swig_TGUIObject_ToggleExclusive,swig,TGUIObject,,ToggleExclusive,direct,TGEventHandlerObject|TGTemplatedAttrObject|TGAttrObject|TGObject,c_symbol
0x005ceac0,swig_TGUIObject_SetExclusiveFlag,swig,TGUIObject,,SetExclusiveFlag,direct,TGEventHandlerObject|TGTemplatedAttrObject|TGAttrObject|TGObject,c_symbol
0x005ceb80,swig_TGUIObject_IsSkipParent,swig,TGUIObject,,IsSkipParent,direct,TGEventHandlerObject|TGTemplatedAttrObject|TGAttrObject|TGObject,c_symbol
0x005cebe0,swig_TGUIObject_SetSkipParent,swig,TGUIObject,,SetSkipParent,direct,TGEventHandlerObject|TGTemplatedAttrObject|TGAttrObject|TGObject,c_symbol
0x005cec50,swig_TGUIObject_SetNoSkipParent,swig,TGUIObject,,SetNoSkipParent,direct,TGEventHandlerObject|TGTemplatedAttrObject|TGAttrObject|TGObject,c_symbol
0x005cecc0,swig_TGUIObject_ToggleSkipParent,swig,TGUIObject,,ToggleSkipParent,direct,TGEventHandlerObject|TGTemplatedAttrObject|TGAttrObject|TGObject,c_symbol
0x005ced50,swig_TGUIObject_SetSkipParentFlag,swig,TGUIObject,,SetSkipParentFlag,direct,TGEventHandlerObject|TGTemplatedAttrObject|TGAttrObject|TGObject,c_symbol
0x005cedf0,swig_TGUIObject_IsAlwaysHandleEvents,swig,TGUIObject,,IsAlwaysHandleEvents,direct,TGEventHandlerObject|TGTemplatedAttrObject|TGAttrObject|TGObject,c_symbol
0x005cee50,swig_TGUIObject_SetAlwaysHandleEvents,swig,TGUIObject,,SetAlwaysHandleEvents,direct,TGEventHandlerObject|TGTemplatedAttrObject|TGAttrObject|TGObject,c_symbol
0x005ceec0,swig_TGUIObject_SetNotAlwaysHandleEvents,swig,TGUIObject,,SetNotAlwaysHandleEvents,direct,TGEventHandlerObject|TGTemplatedAttrObject|TGAttrObject|TGObject,c_symbol
0x005cef30,swig_TGUIObject_ToggleAlwaysHandleEvents,swig,TGUIObject,,ToggleAlwaysHandleEvents,direct,TGEventHandlerObject|TGTemplatedAttrObject|TGAttrObject|TGObject,c_symbol
0x005cefc0,swig_TGUIObject_SetAlwaysHandleEventsFlag,swig,TGUIObject,,SetAlwaysHandleEventsFlag,direct,TGEventHandlerObject|TGTemplatedAttrObject|TGAttrObject|TGObject,c_symbol
0x005cf060,swig_TGUIObject_IsUseParentBatch,swig,TGUIObject,,IsUseParentBatch,direct,TGEventHandlerObject|TGTemplatedAttrObject|TGAttrObject|TGObject,c_symbol
0x005cf0d0,swig_TGUIObject_SetUseParentBatch,swig,TGUIObject,,SetUseParentBatch,direct,TGEventHandlerObject|TGTemplatedAttrObject|TGAttrObject|TGObject,c_symbol
0x005cf160,swig_TGUIObject_SetNotUseParentBatch,swig,TGUIObject,,SetNotUseParentBatch,direct,TGEventHandlerObject|TGTemplatedAttrObject|TGAttrObject|TGObject,c_symbol
0x005cf1f0,swig_TGUIObject_ToggleUseParentBatch,swig,TGUIObject,,ToggleUseParentBatch,direct,TGEventHandlerObject|TGTemplatedAttrObject|TGAttrObject|TGObject,c_symbol
0x005cf2a0,swig_TGUIObject_SetUseParentBatchFlag,swig,TGUIObject,,SetUseParentBatchFlag,direct,TGEventHandlerObject|TGTemplatedAttrObject|TGAttrObject|TGObject,c_symbol
0x005cf360,swig_TGUIObject_IsBatchChildPolys,swig,TGUIObject,,IsBatchChildPolys,direct,TGEventHandlerObject|TGTemplatedAttrObject|TGAttrObject|TGObject,c_symbol
0x005cf3d0,swig_TGUIObject_SetBatchChildPolys,swig,TGUIObject,,SetBatchChildPolys,direct,TGEventHandlerObject|TGTemplatedAttrObject|TGAttrObject|TGObject,c_symbol
0x005cf460,swig_TGUIObject_SetNotBatchChildPolys,swig,TGUIObject,,SetNotBatchChildPolys,direct,TGEventHandlerObject|TGTemplatedAttrObject|TGAttrObject|TGObject,c_symbol
0x005cf4f0,swig_TGUIObject_ToggleBatchChildPolys,swig,TGUIObject,,ToggleBatchChildPolys,direct,TGEventHandlerObject|TGTemplatedAttrObject|TGAttrObject|TGObject,c_symbol
0x005cf5a0,swig_TGUIObject_SetBatchChildPolysFlag,swig,TGUIObject,,SetBatchChildPolysFlag,direct,TGEventHandlerObject|TGTemplatedAttrObject|TGAttrObject|TGObject,c_symbol
0x005cf660,swig_TGUIObject_IsNoFocus,swig,TGUIObject,,IsNoFocus,direct,TGEventHandlerObject|TGTemplatedAttrObject|TGAttrObject|TGObject,c_symbol
0x005cf6d0,swig_TGUIObject_SetNoFocus,swig,TGUIObject,,SetNoFocus,direct,TGEventHandlerObject|TGTemplatedAttrObject|TGAttrObject|TGObject,c_symbol
0x005cf740,swig_TGUIObject_SetNotNoFocus,swig,TGUIObject,,SetNotNoFocus,direct,TGEventHandlerObject|TGTemplatedAttrObject|TGAttrObject|TGObject,c_symbol
0x005cf7b0,swig_TGUIObject_ToggleNoFocus,swig,TGUIObject,,ToggleNoFocus,direct,TGEventHandlerObject|TGTemplatedAttrObject|TGAttrObject|TGObject,c_symbol
0x005cf840,swig_TGUIObject_SetNoFocusFlag,swig,TGUIObject,,SetNoFocusFlag,direct,TGEventHandlerObject|TGTemplatedAttrObject|TGAttrObject|TGObject,c_symbol
0x005cf8e0,swig_TGUIObject_Print,swig,TGUIObject,,Print,direct,TGEventHandlerObject|TGTemplatedAttrObject|TGAttrObject|TGObject,c_symbol
0x005cf970,swig_TGUIObject_Layout,swig,TGUIObject,,Layout,direct,TGEventHandlerObject|TGTemplatedAttrObject|TGAttrObject|TGObject,c_symbol
0x005cf9e0,swig_new_TGPane,swig,TGPane,TGPane,new,swig_ctor,TGUIObject|TGEventHandlerObject|TGTemplatedAttrObject|TGAttrObject|TGObject,swig_ctor_dtor
0x005cfa70,swig_TGPane_Create,swig,TGPane,TGPane,Create,swig_helper,TGUIObject|TGEventHandlerObject|TGTemplatedAttrObject|TGAttrObject|TGObject,swig_helper_synth
0x005cfb10,swig_delete_TGPane,swig,TGPane,TGPane,delete,swig_dtor,TGUIObject|TGEventHandlerObject|TGTemplatedAttrObject|TGAttrObject|TGObject,swig_ctor_dtor
0x005cfb80,swig_TGPane_Cast,swig,TGPane,TGPane,Cast,swig_helper,TGUIObject|TGEventHandlerObject|TGTemplatedAttrObject|TGAttrObject|TGObject,swig_helper_synth
0x005cfbf0,swig_TGPane_AddChild,swig,TGPane,,AddChild,direct,TGUIObject|TGEventHandlerObject|TGTemplatedAttrObject|TGAttrObject|TGObject,c_symbol
0x005cfce0,swig_TGPane_PrependChild,swig,TGPane,,PrependChild,direct,TGUIObject|TGEventHandlerObject|TGTemplatedAttrObject|TGAttrObject|TGObject,c_symbol
0x005cfdd0,swig_TGPane_InsertChild,swig,TGPane,,InsertChild,direct,TGUIObject|TGEventHandlerObject|TGTemplatedAttrObject|TGAttrObject|TGObject,c_symbol
0x005cfec0,swig_TGPane_RemoveChild,swig,TGPane,,RemoveChild,direct,TGUIObject|TGEventHandlerObject|TGTemplatedAttrObject|TGAttrObject|TGObject,c_symbol
0x005cff80,swig_TGPane_DeleteChild,swig,TGPane,,DeleteChild,direct,TGUIObject|TGEventHandlerObject|TGTemplatedAttrObject|TGAttrObject|TGObject,c_symbol
0x005d0040,swig_TGPane_GetNumChildren,swig,TGPane,,GetNumChildren,direct,TGUIObject|TGEventHandlerObject|TGTemplatedAttrObject|TGAttrObject|TGObject,c_symbol
0x005d00b0,swig_TGPane_FindPos,swig,TGPane,,FindPos,direct,TGUIObject|TGEventHandlerObject|TGTemplatedAttrObject|TGAttrObject|TGObject,c_symbol
0x005d0150,swig_TGPane_GetFirstChild,swig,,TGPane,GetFirstChild,python_wrapper,,python_class_method
0x005d01c0,swig_TGPane_GetLastChild,swig,,TGPane,GetLastChild,python_wrapper,,python_class_method
0x005d0230,swig_TGPane_GetNthChild,swig,,TGPane,GetNthChild,python_wrapper,,python_class_method
0x005d02b0,swig_TGPane_GetNextChild,swig,,TGPane,GetNextChild,python_wrapper,,python_class_method
0x005d0350,swig_TGPane_GetPrevChild,swig,,TGPane,GetPrevChild,python_wrapper,,python_class_method
0x005d03f0,swig_TGPane_KillChildren,swig,TGPane,,KillChildren,direct,TGUIObject|TGEventHandlerObject|TGTemplatedAttrObject|TGAttrObject|TGObject,c_symbol
0x005d0460,swig_TGPane_MoveToFront,swig,TGPane,,MoveToFront,direct,TGUIObject|TGEventHandlerObject|TGTemplatedAttrObject|TGAttrObject|TGObject,c_symbol
0x005d0520,swig_TGPane_MoveTowardsFront,swig,TGPane,,MoveTowardsFront,direct,TGUIObject|TGEventHandlerObject|TGTemplatedAttrObject|TGAttrObject|TGObject,c_symbol
0x005d05e0,swig_TGPane_MoveToBack,swig,TGPane,,MoveToBack,direct,TGUIObject|TGEventHandlerObject|TGTemplatedAttrObject|TGAttrObject|TGObject,c_symbol
0x005d06a0,swig_TGPane_MoveTowardsBack,swig,TGPane,,MoveTowardsBack,direct,TGUIObject|TGEventHandlerObject|TGTemplatedAttrObject|TGAttrObject|TGObject,c_symbol
0x005d0760,swig_TGPane_SetFocus,swig,TGPane,,SetFocus,direct,TGUIObject|TGEventHandlerObject|TGTemplatedAttrObject|TGAttrObject|TGObject,c_symbol
0x005d0820,swig_TGPane_GetFocus,swig,,TGPane,GetFocus,python_wrapper,,python_class_method
0x005d0890,swig_TGPane_MoveFocus,swig,TGPane,,MoveFocus,direct,TGUIObject|TGEventHandlerObject|TGTemplatedAttrObject|TGAttrObject|TGObject,c_symbol
0x005d0940,swig_TGPane_GetFocusLeaf,swig,,TGPane,GetFocusLeaf,python_wrapper,,python_class_method
0x005d09b0,swig_TGPane_FocusHeight,swig,TGPane,,FocusHeight,direct,TGUIObject|TGEventHandlerObject|TGTemplatedAttrObject|TGAttrObject|TGObject,c_symbol
0x005d0a20,swig_TGPane_GetTrueNumChildren,swig,TGPane,,GetTrueNumChildren,direct,TGUIObject|TGEventHandlerObject|TGTemplatedAttrObject|TGAttrObject|TGObject,c_symbol
0x005d0a80,swig_TGPane_GetTrueNthChild,swig,,TGPane,GetTrueNthChild,python_wrapper,,python_class_method
0x005d0b00,swig_new_TGIcon,swig,TGIcon,TGIcon,new,swig_ctor,TGUIObject|TGEventHandlerObject|TGTemplatedAttrObject|TGAttrObject|TGObject,swig_ctor_dtor
0x005d0c00,swig_TGIcon_Create,swig,TGIcon,TGIcon,Create,swig_helper,TGUIObject|TGEventHandlerObject|TGTemplatedAttrObject|TGAttrObject|TGObject,swig_helper_synth
0x005d0d00,swig_delete_TGIcon,swig,TGIcon,TGIcon,delete,swig_dtor,TGUIObject|TGEventHandlerObject|TGTemplatedAttrObject|TGAttrObject|TGObject,swig_ctor_dtor
0x005d0d70,swig_TGIcon_Cast,swig,TGIcon,TGIcon,Cast,swig_helper,TGUIObject|TGEventHandlerObject|TGTemplatedAttrObject|TGAttrObject|TGObject,swig_helper_synth
0x005d0de0,swig_TGIcon_SetIconNum,swig,TGIcon,,SetIconNum,direct,TGUIObject|TGEventHandlerObject|TGTemplatedAttrObject|TGAttrObject|TGObject,c_symbol
0x005d0e70,swig_TGIcon_GetIconNum,swig,TGIcon,,GetIconNum,direct,TGUIObject|TGEventHandlerObject|TGTemplatedAttrObject|TGAttrObject|TGObject,c_symbol
0x005d0ed0,swig_TGIcon_SetColor,swig,TGIcon,,SetColor,direct,TGUIObject|TGEventHandlerObject|TGTemplatedAttrObject|TGAttrObject|TGObject,c_symbol
0x005d0f70,swig_TGIcon_GetColor,swig,TGIcon,,GetColor,direct,TGUIObject|TGEventHandlerObject|TGTemplatedAttrObject|TGAttrObject|TGObject,c_symbol
0x005d1020,swig_TGIcon_SizeToArtwork,swig,TGIcon,,SizeToArtwork,direct,TGUIObject|TGEventHandlerObject|TGTemplatedAttrObject|TGAttrObject|TGObject,c_symbol
0x005d10b0,swig_TGIcon_SetClamp,swig,TGIcon,,SetClamp,direct,TGUIObject|TGEventHandlerObject|TGTemplatedAttrObject|TGAttrObject|TGObject,c_symbol
0x005d1130,swig_TGIcon_GetClamp,swig,TGIcon,,GetClamp,direct,TGUIObject|TGEventHandlerObject|TGTemplatedAttrObject|TGAttrObject|TGObject,c_symbol
0x005d1190,swig_TGIcon_GetIconPoly,swig,,TGIcon,GetIconPoly,python_wrapper,,python_class_method
0x005d1200,swig_TGIcon_GetIconGroupName,swig,TGIcon,,GetIconGroupName,direct,TGUIObject|TGEventHandlerObject|TGTemplatedAttrObject|TGAttrObject|TGObject,c_symbol
0x005d1270,swig_TGIcon_SetIconGroupName,swig,TGIcon,,SetIconGroupName,direct,TGUIObject|TGEventHandlerObject|TGTemplatedAttrObject|TGAttrObject|TGObject,c_symbol
0x005d1340,swig_TGFrame_Cast,swig,TGFrame,TGFrame,Cast,swig_helper,TGUIObject|TGEventHandlerObject|TGTemplatedAttrObject|TGAttrObject|TGObject,swig_helper_synth
0x005d13b0,swig_TGFrame_Create,swig,TGFrame,TGFrame,Create,swig_helper,TGUIObject|TGEventHandlerObject|TGTemplatedAttrObject|TGAttrObject|TGObject,swig_helper_synth
0x005d14f0,swig_TGFrame_SetIconGroupName,swig,TGFrame,,SetIconGroupName,direct,TGUIObject|TGEventHandlerObject|TGTemplatedAttrObject|TGAttrObject|TGObject,c_symbol
0x005d15c0,swig_TGFrame_SetScale,swig,TGFrame,,SetScale,direct,TGUIObject|TGEventHandlerObject|TGTemplatedAttrObject|TGAttrObject|TGObject,c_symbol
0x005d1650,swig_TGFrame_SetStretchType,swig,TGFrame,,SetStretchType,direct,TGUIObject|TGEventHandlerObject|TGTemplatedAttrObject|TGAttrObject|TGObject,c_symbol
0x005d16e0,swig_TGFrame_SetFirstIconNum,swig,TGFrame,,SetFirstIconNum,direct,TGUIObject|TGEventHandlerObject|TGTemplatedAttrObject|TGAttrObject|TGObject,c_symbol
0x005d1770,swig_new_TGFrame,swig,TGFrame,TGFrame,new,swig_ctor,TGUIObject|TGEventHandlerObject|TGTemplatedAttrObject|TGAttrObject|TGObject,swig_ctor_dtor
0x005d1880,swig_TGFrame_GetInnerRect,swig,,TGFrame,GetInnerRect,python_wrapper,,python_class_method
0x005d1930,swig_TGFrame_GetNiColor,swig,,TGFrame,GetNiColor,python_wrapper,,python_class_method
0x005d19d0,swig_TGFrame_SetNiColor,swig,TGFrame,,SetNiColor,direct,TGUIObject|TGEventHandlerObject|TGTemplatedAttrObject|TGAttrObject|TGObject,c_symbol
0x005d1a90,swig_TGFrame_SetEdgeStretch,swig,TGFrame,,SetEdgeStretch,direct,TGUIObject|TGEventHandlerObject|TGTemplatedAttrObject|TGAttrObject|TGObject,c_symbol
0x005d1b20,swig_TGFrame_GetEdgeStretch,swig,TGFrame,,GetEdgeStretch,direct,TGUIObject|TGEventHandlerObject|TGTemplatedAttrObject|TGAttrObject|TGObject,c_symbol
0x005d1b80,swig_delete_TGFrame,swig,TGFrame,TGFrame,delete,swig_dtor,TGUIObject|TGEventHandlerObject|TGTemplatedAttrObject|TGAttrObject|TGObject,swig_ctor_dtor
0x005d1bf0,swig_new_TGButtonBase,swig,TGButtonBase,TGButtonBase,new,swig_ctor,TGPane|TGUIObject|TGEventHandlerObject|TGTemplatedAttrObject|TGAttrObject|TGObject,swig_ctor_dtor
0x005d1c80,swig_delete_TGButtonBase,swig,TGButtonBase,TGButtonBase,delete,swig_dtor,TGPane|TGUIObject|TGEventHandlerObject|TGTemplatedAttrObject|TGAttrObject|TGObject,swig_ctor_dtor
0x005d1cf0,swig_TGButtonBase_Create,swig,TGButtonBase,TGButtonBase,Create,swig_helper,TGPane|TGUIObject|TGEventHandlerObject|TGTemplatedAttrObject|TGAttrObject|TGObject,swig_helper_synth
0x005d1d90,swig_TGButtonBase_Cast,swig,TGButtonBase,TGButtonBase,Cast,swig_helper,TGPane|TGUIObject|TGEventHandlerObject|TGTemplatedAttrObject|TGAttrObject|TGObject,swig_helper_synth
0x005d1e00,swig_TGButtonBase_ClearActivationEvent,swig,TGButtonBase,,ClearActivationEvent,direct,TGPane|TGUIObject|TGEventHandlerObject|TGTemplatedAttrObject|TGAttrObject|TGObject,c_symbol
0x005d1e70,swig_TGButtonBase_SetActivationEvent,swig,TGButtonBase,,SetActivationEvent,direct,TGPane|TGUIObject|TGEventHandlerObject|TGTemplatedAttrObject|TGAttrObject|TGObject,c_symbol
0x005d1f10,swig_TGButtonBase_SendActivationEvent,swig,TGButtonBase,,SendActivationEvent,direct,TGPane|TGUIObject|TGEventHandlerObject|TGTemplatedAttrObject|TGAttrObject|TGObject,c_symbol
0x005d1f80,swig_TGButtonBase_GetActivationEvent,swig,,TGButtonBase,GetActivationEvent,python_wrapper,,python_class_method
0x005d1ff0,swig_TGButtonBase_SetMouseDownEvent,swig,TGButtonBase,,SetMouseDownEvent,direct,TGPane|TGUIObject|TGEventHandlerObject|TGTemplatedAttrObject|TGAttrObject|TGObject,c_symbol
0x005d2090,swig_TGButtonBase_SendMouseDownEvent,swig,TGButtonBase,,SendMouseDownEvent,direct,TGPane|TGUIObject|TGEventHandlerObject|TGTemplatedAttrObject|TGAttrObject|TGObject,c_symbol
0x005d2100,swig_TGButtonBase_SetMouseUpEvent,swig,TGButtonBase,,SetMouseUpEvent,direct,TGPane|TGUIObject|TGEventHandlerObject|TGTemplatedAttrObject|TGAttrObject|TGObject,c_symbol
0x005d21a0,swig_TGButtonBase_SendMouseUpEvent,swig,TGButtonBase,,SendMouseUpEvent,direct,TGPane|TGUIObject|TGEventHandlerObject|TGTemplatedAttrObject|TGAttrObject|TGObject,c_symbol
0x005d2210,swig_TGButtonBase_ClearMouseDown,swig,TGButtonBase,,ClearMouseDown,direct,TGPane|TGUIObject|TGEventHandlerObject|TGTemplatedAttrObject|TGAttrObject|TGObject,c_symbol
0x005d2290,swig_new_TGButton,swig,TGButton,TGButton,new,swig_ctor,TGButtonBase|TGPane|TGUIObject|TGEventHandlerObject|TGTemplatedAttrObject|TGAttrObject|TGObject,swig_ctor_dtor
0x005d2390,swig_delete_TGButton,swig,TGButton,TGButton,delete,swig_dtor,TGButtonBase|TGPane|TGUIObject|TGEventHandlerObject|TGTemplatedAttrObject|TGAttrObject|TGObject,swig_ctor_dtor
0x005d2400,swig_TGButton_Create,swig,TGButton,TGButton,Create,swig_helper,TGButtonBase|TGPane|TGUIObject|TGEventHandlerObject|TGTemplatedAttrObject|TGAttrObject|TGObject,swig_helper_synth
0x005d2510,swig_TGButton_Cast,swig,TGButton,TGButton,Cast,swig_helper,TGButtonBase|TGPane|TGUIObject|TGEventHandlerObject|TGTemplatedAttrObject|TGAttrObject|TGObject,swig_helper_synth
0x005d2580,swig_TGButton_SetIcons,swig,TGButton,,SetIcons,direct,TGButtonBase|TGPane|TGUIObject|TGEventHandlerObject|TGTemplatedAttrObject|TGAttrObject|TGObject,c_symbol
0x005d2640,swig_TGButton_SetIconColor,swig,TGButton,,SetIconColor,direct,TGButtonBase|TGPane|TGUIObject|TGEventHandlerObject|TGTemplatedAttrObject|TGAttrObject|TGObject,c_symbol
0x005d26f0,swig_TGButton_GetFirstIconNum,swig,TGButton,,GetFirstIconNum,direct,TGButtonBase|TGPane|TGUIObject|TGEventHandlerObject|TGTemplatedAttrObject|TGAttrObject|TGObject,c_symbol
0x005d2750,swig_new_TGTextButton,swig,TGTextButton,TGTextButton,new,swig_ctor,TGButtonBase|TGPane|TGUIObject|TGEventHandlerObject|TGTemplatedAttrObject|TGAttrObject|TGObject,swig_ctor_dtor
0x005d28c0,swig_delete_TGTextButton,swig,TGTextButton,TGTextButton,delete,swig_dtor,TGButtonBase|TGPane|TGUIObject|TGEventHandlerObject|TGTemplatedAttrObject|TGAttrObject|TGObject,swig_ctor_dtor
0x005d2930,swig_TGTextButton_Create,swig,TGTextButton,TGTextButton,Create,swig_helper,TGButtonBase|TGPane|TGUIObject|TGEventHandlerObject|TGTemplatedAttrObject|TGAttrObject|TGObject,swig_helper_synth
0x005d2ab0,swig_TGTextButton_CreateW,swig,TGTextButton,TGTextButton,CreateW,swig_helper,TGButtonBase|TGPane|TGUIObject|TGEventHandlerObject|TGTemplatedAttrObject|TGAttrObject|TGObject,swig_helper_synth
0x005d2c10,swig_TGTextButton_Cast,swig,TGTextButton,TGTextButton,Cast,swig_helper,TGButtonBase|TGPane|TGUIObject|TGEventHandlerObject|TGTemplatedAttrObject|TGAttrObject|TGObject,swig_helper_synth
0x005d2c80,swig_TGTextButton_SetText,swig,TGTextButton,,SetText,direct,TGButtonBase|TGPane|TGUIObject|TGEventHandlerObject|TGTemplatedAttrObject|TGAttrObject|TGObject,c_symbol
0x005d2d40,swig_TGTextButton_SetTextW,swig,TGTextButton,,SetTextW,direct,TGButtonBase|TGPane|TGUIObject|TGEventHandlerObject|TGTemplatedAttrObject|TGAttrObject|TGObject,c_symbol
0x005d2de0,swig_TGTextButton_SetIcons,swig,TGTextButton,,SetIcons,direct,TGButtonBase|TGPane|TGUIObject|TGEventHandlerObject|TGTemplatedAttrObject|TGAttrObject|TGObject,c_symbol
0x005d2ea0,swig_TGTextButton_SetTextWrapWidth,swig,TGTextButton,,SetTextWrapWidth,direct,TGButtonBase|TGPane|TGUIObject|TGEventHandlerObject|TGTemplatedAttrObject|TGAttrObject|TGObject,c_symbol
0x005d2f20,swig_TGTextButton_AlignTextHorizontal,swig,TGTextButton,,AlignTextHorizontal,direct,TGButtonBase|TGPane|TGUIObject|TGEventHandlerObject|TGTemplatedAttrObject|TGAttrObject|TGObject,c_symbol
0x005d2fc0,swig_TGTextButton_AlignTextVertical,swig,TGTextButton,,AlignTextVertical,direct,TGButtonBase|TGPane|TGUIObject|TGEventHandlerObject|TGTemplatedAttrObject|TGAttrObject|TGObject,c_symbol
0x005d3060,swig_TGTextButton_GetInnerRect,swig,TGTextButton,,GetInnerRect,direct,TGButtonBase|TGPane|TGUIObject|TGEventHandlerObject|TGTemplatedAttrObject|TGAttrObject|TGObject,c_symbol
0x005d3120,swig_TGRootPane_SetMouseCursor,swig,TGRootPane,,SetMouseCursor,direct,TGPane|TGUIObject|TGEventHandlerObject|TGTemplatedAttrObject|TGAttrObject|TGObject,c_symbol
0x005d3200,swig_TGRootPane_GetMouseCursor,swig,,TGRootPane,GetMouseCursor,python_wrapper,,python_class_method
0x005d3270,swig_TGRootPane_SetCursorVisible,swig,TGRootPane,,SetCursorVisible,direct,TGPane|TGUIObject|TGEventHandlerObject|TGTemplatedAttrObject|TGAttrObject|TGObject,c_symbol
0x005d3310,swig_TGRootPane_PushCursor,swig,TGRootPane,,PushCursor,direct,TGPane|TGUIObject|TGEventHandlerObject|TGTemplatedAttrObject|TGAttrObject|TGObject,c_symbol
0x005d33f0,swig_TGRootPane_PopCursor,swig,TGRootPane,,PopCursor,direct,TGPane|TGUIObject|TGEventHandlerObject|TGTemplatedAttrObject|TGAttrObject|TGObject,c_symbol
0x005d3460,swig_TGRootPane_GrabMouse,swig,TGRootPane,,GrabMouse,direct,TGPane|TGUIObject|TGEventHandlerObject|TGTemplatedAttrObject|TGAttrObject|TGObject,c_symbol
0x005d3510,swig_TGRootPane_ReleaseMouse,swig,TGRootPane,,ReleaseMouse,direct,TGPane|TGUIObject|TGEventHandlerObject|TGTemplatedAttrObject|TGAttrObject|TGObject,c_symbol
0x005d35c0,swig_TGRootPane_GetMouseGrabOwner,swig,,TGRootPane,GetMouseGrabOwner,python_wrapper,,python_class_method
0x005d3630,swig_TGRootPane_UpdateTrueFocus,swig,TGRootPane,,UpdateTrueFocus,direct,TGPane|TGUIObject|TGEventHandlerObject|TGTemplatedAttrObject|TGAttrObject|TGObject,c_symbol
0x005d36c0,swig_TGRootPane_GetTrueFocus,swig,,TGRootPane,GetTrueFocus,python_wrapper,,python_class_method
0x005d3730,swig_TGRootPane_ShowFPS,swig,TGRootPane,,ShowFPS,direct,TGPane|TGUIObject|TGEventHandlerObject|TGTemplatedAttrObject|TGAttrObject|TGObject,c_symbol
0x005d37a0,swig_TGRootPane_HideFPS,swig,TGRootPane,,HideFPS,direct,TGPane|TGUIObject|TGEventHandlerObject|TGTemplatedAttrObject|TGAttrObject|TGObject,c_symbol
0x005d3810,swig_TGRootPane_Layout,swig,TGRootPane,,Layout,direct,TGPane|TGUIObject|TGEventHandlerObject|TGTemplatedAttrObject|TGAttrObject|TGObject,c_symbol
0x005d3880,swig_delete_TGRootPane,swig,TGRootPane,TGRootPane,delete,swig_dtor,TGPane|TGUIObject|TGEventHandlerObject|TGTemplatedAttrObject|TGAttrObject|TGObject,swig_ctor_dtor
0x005d38f0,swig_new_TGParagraph,swig,TGParagraph,TGParagraph,new,swig_ctor,TGPane|TGUIObject|TGEventHandlerObject|TGTemplatedAttrObject|TGAttrObject|TGObject,swig_ctor_dtor
0x005d3a80,swig_TGParagraph_Create,swig,TGParagraph,TGParagraph,Create,swig_helper,TGPane|TGUIObject|TGEventHandlerObject|TGTemplatedAttrObject|TGAttrObject|TGObject,swig_helper_synth
0x005d3c20,swig_TGParagraph_CreateW,swig,TGParagraph,TGParagraph,CreateW,swig_helper,TGPane|TGUIObject|TGEventHandlerObject|TGTemplatedAttrObject|TGAttrObject|TGObject,swig_helper_synth
0x005d3da0,swig_delete_TGParagraph,swig,TGParagraph,TGParagraph,delete,swig_dtor,TGPane|TGUIObject|TGEventHandlerObject|TGTemplatedAttrObject|TGAttrObject|TGObject,swig_ctor_dtor
0x005d3e10,swig_TGParagraph_Cast,swig,TGParagraph,TGParagraph,Cast,swig_helper,TGPane|TGUIObject|TGEventHandlerObject|TGTemplatedAttrObject|TGAttrObject|TGObject,swig_helper_synth
0x005d3e80,swig_TGParagraph_GetFontGroup,swig,,TGParagraph,GetFontGroup,python_wrapper,,python_class_method
0x005d3ef0,swig_TGParagraph_SetFontGroup,swig,TGParagraph,,SetFontGroup,direct,TGPane|TGUIObject|TGEventHandlerObject|TGTemplatedAttrObject|TGAttrObject|TGObject,c_symbol
0x005d3fb0,swig_TGParagraph_SetColor,swig,TGParagraph,,SetColor,direct,TGPane|TGUIObject|TGEventHandlerObject|TGTemplatedAttrObject|TGAttrObject|TGObject,c_symbol
0x005d4050,swig_TGParagraph_SetReadOnly,swig,TGParagraph,,SetReadOnly,direct,TGPane|TGUIObject|TGEventHandlerObject|TGTemplatedAttrObject|TGAttrObject|TGObject,c_symbol
0x005d40d0,swig_TGParagraph_IsReadOnly,swig,TGParagraph,,IsReadOnly,direct,TGPane|TGUIObject|TGEventHandlerObject|TGTemplatedAttrObject|TGAttrObject|TGObject,c_symbol
0x005d4150,swig_TGParagraph_SetCursorBlinkInterval,swig,TGParagraph,,SetCursorBlinkInterval,direct_unmatched,TGPane|TGUIObject|TGEventHandlerObject|TGTemplatedAttrObject|TGAttrObject|TGObject,class_prefix
0x005d4190,swig_TGParagraph_GetString,swig,TGParagraph,,GetString,direct,TGPane|TGUIObject|TGEventHandlerObject|TGTemplatedAttrObject|TGAttrObject|TGObject,c_symbol
0x005d4230,swig_TGParagraph_GetWrapWidth,swig,TGParagraph,,GetWrapWidth,direct,TGPane|TGUIObject|TGEventHandlerObject|TGTemplatedAttrObject|TGAttrObject|TGObject,c_symbol
0x005d42a0,swig_TGParagraph_SetWrapWidth,swig,TGParagraph,,SetWrapWidth,direct,TGPane|TGUIObject|TGEventHandlerObject|TGTemplatedAttrObject|TGAttrObject|TGObject,c_symbol
0x005d4340,swig_TGParagraph_SetMaxChars,swig,TGParagraph,,SetMaxChars,direct,TGPane|TGUIObject|TGEventHandlerObject|TGTemplatedAttrObject|TGAttrObject|TGObject,c_symbol
0x005d43c0,swig_TGParagraph_GetMaxChars,swig,TGParagraph,,GetMaxChars,direct,TGPane|TGUIObject|TGEventHandlerObject|TGTemplatedAttrObject|TGAttrObject|TGObject,c_symbol
0x005d4420,swig_TGParagraph_InsertChild,swig,TGParagraph,,InsertChild,direct,TGPane|TGUIObject|TGEventHandlerObject|TGTemplatedAttrObject|TGAttrObject|TGObject,c_symbol
0x005d4510,swig_TGParagraph_InsertChar,swig,TGParagraph,,InsertChar,direct,TGPane|TGUIObject|TGEventHandlerObject|TGTemplatedAttrObject|TGAttrObject|TGObject,c_symbol
0x005d45b0,swig_TGParagraph_RecalcBounds,swig,TGParagraph,,RecalcBounds,direct,TGPane|TGUIObject|TGEventHandlerObject|TGTemplatedAttrObject|TGAttrObject|TGObject,c_symbol
0x005d4640,swig_TGParagraph_AppendChar,swig,TGParagraph,,AppendChar,direct,TGPane|TGUIObject|TGEventHandlerObject|TGTemplatedAttrObject|TGAttrObject|TGObject,c_symbol
0x005d46f0,swig_TGParagraph_InsertString,swig,TGParagraph,,InsertString,direct,TGPane|TGUIObject|TGEventHandlerObject|TGTemplatedAttrObject|TGAttrObject|TGObject,c_symbol
0x005d4830,swig_TGParagraph_AppendString,swig,TGParagraph,,AppendString,direct,TGPane|TGUIObject|TGEventHandlerObject|TGTemplatedAttrObject|TGAttrObject|TGObject,c_symbol
0x005d4970,swig_TGParagraph_InsertStringW,swig,TGParagraph,,InsertStringW,direct,TGPane|TGUIObject|TGEventHandlerObject|TGTemplatedAttrObject|TGAttrObject|TGObject,c_symbol
0x005d4a30,swig_TGParagraph_AppendStringW,swig,TGParagraph,,AppendStringW,direct,TGPane|TGUIObject|TGEventHandlerObject|TGTemplatedAttrObject|TGAttrObject|TGObject,c_symbol
0x005d4b00,swig_TGParagraph_SetString,swig,TGParagraph,,SetString,direct,TGPane|TGUIObject|TGEventHandlerObject|TGTemplatedAttrObject|TGAttrObject|TGObject,c_symbol
0x005d4bd0,swig_TGParagraph_SetStringW,swig,TGParagraph,,SetStringW,direct,TGPane|TGUIObject|TGEventHandlerObject|TGTemplatedAttrObject|TGAttrObject|TGObject,c_symbol
0x005d4c90,swig_TGParagraph_SetIgnoreString,swig,TGParagraph,,SetIgnoreString,direct,TGPane|TGUIObject|TGEventHandlerObject|TGTemplatedAttrObject|TGAttrObject|TGObject,c_symbol
0x005d4d50,swig_TGParagraph_SetIgnoreStringW,swig,TGParagraph,,SetIgnoreStringW,direct,TGPane|TGUIObject|TGEventHandlerObject|TGTemplatedAttrObject|TGAttrObject|TGObject,c_symbol
0x005d4df0,swig_TGParagraph_SetCursorPosition,swig,TGParagraph,,SetCursorPosition,direct,TGPane|TGUIObject|TGEventHandlerObject|TGTemplatedAttrObject|TGAttrObject|TGObject,c_symbol
0x005d4e70,swig_TGParagraph_MoveCursorToStart,swig,TGParagraph,,MoveCursorToStart,direct,TGPane|TGUIObject|TGEventHandlerObject|TGTemplatedAttrObject|TGAttrObject|TGObject,c_symbol
0x005d4ee0,swig_TGParagraph_MoveCursorToEnd,swig,TGParagraph,,MoveCursorToEnd,direct,TGPane|TGUIObject|TGEventHandlerObject|TGTemplatedAttrObject|TGAttrObject|TGObject,c_symbol
0x005d4f50,swig_new_TGIconGroup,swig,TGIconGroup,TGIconGroup,new,swig_ctor,,swig_ctor_dtor
0x005d4ff0,swig_delete_TGIconGroup,swig,TGIconGroup,TGIconGroup,delete,swig_dtor,,swig_ctor_dtor
0x005d5060,swig_TGIconGroup_Reset,swig,TGIconGroup,,Reset,direct,,c_symbol
0x005d50d0,swig_TGIconGroup_SetName,swig,TGIconGroup,,SetName,direct,,c_symbol
0x005d5190,swig_TGIconGroup_GetName,swig,TGIconGroup,,GetName,direct,,c_symbol
0x005d5200,swig_TGIconGroup_LoadIconTexture,swig,TGIconGroup,,LoadIconTexture,direct,,c_symbol
0x005d52d0,swig_TGIconGroup_SetIconLocation,swig,TGIconGroup,,SetIconLocation,direct,,c_symbol
0x005d53a0,swig_TGIconGroup_GetIconPixelWidth,swig,TGIconGroup,,GetIconPixelWidth,direct,,c_symbol
0x005d5420,swig_TGIconGroup_GetIconPixelHeight,swig,TGIconGroup,,GetIconPixelHeight,direct,,c_symbol
0x005d54a0,swig_TGIconGroup_GetIconScreenWidth,swig,TGIconGroup,,GetIconScreenWidth,direct,,c_symbol
0x005d5520,swig_TGIconGroup_GetIconScreenHeight,swig,TGIconGroup,,GetIconScreenHeight,direct,,c_symbol
0x005d55a0,swig_TGIconGroup_GetPyWrapper,swig,TGIconGroup,,GetPyWrapper,direct,,c_symbol
0x005d5610,swig_TGIconGroup_IsNumValid,swig,TGIconGroup,,IsNumValid,direct,,c_symbol
0x005d5690,swig_TGIconGroup_GoToFirstPos,swig,TGIconGroup,,GoToFirstPos,direct,,c_symbol
0x005d5700,swig_TGIconGroup_GetCount,swig,TGIconGroup,,GetCount,direct,,c_symbol
0x005d5760,swig_TGIconGroup_GetNext,swig,TGIconGroup,,GetNext,direct,,c_symbol
0x005d57c0,swig_TGIconManager_RegisterIconGroup,swig,TGIconManager,,RegisterIconGroup,direct,,c_symbol
0x005d5920,swig_TGIconManager_CreateIconGroup,swig,,TGIconManager,CreateIconGroup,python_wrapper,,python_class_method
0x005d59d0,swig_TGIconManager_AddIconGroup,swig,TGIconManager,,AddIconGroup,direct,,c_symbol
0x005d5a70,swig_TGIconManager_DeleteIconGroup,swig,TGIconManager,,DeleteIconGroup,direct,,c_symbol
0x005d5b30,swig_TGIconManager_GetIconGroup,swig,,TGIconManager,GetIconGroup,python_wrapper,,python_class_method
0x005d5be0,swig_TGIconManager_GetScreenWidth,swig,TGIconManager,,GetScreenWidth,direct,,c_symbol
0x005d5c50,swig_TGIconManager_GetScreenHeight,swig,TGIconManager,,GetScreenHeight,direct,,c_symbol
0x005d5cc0,swig_TGIconManager_SetScreenWidth,swig,TGIconManager,,SetScreenWidth,direct,,c_symbol
0x005d5d40,swig_TGIconManager_SetScreenHeight,swig,TGIconManager,,SetScreenHeight,direct,,c_symbol
0x005d5dc0,swig_TGIconManager_Purge,swig,TGIconManager,,Purge,direct,,c_symbol
0x005d5e30,swig_TGIconManager_SetScale,swig,TGIconManager,,SetScale,direct,,c_symbol
0x005d5eb0,swig_TGIconManager_GetScale,swig,TGIconManager,,GetScale,direct,,c_symbol
0x005d5f20,swig_TGIconManager_SetPixelCenterAdj,swig,TGIconManager,,SetPixelCenterAdj,direct,,c_symbol
0x005d5fa0,swig_TGIconManager_GetPixelCenterAdj,swig,TGIconManager,,GetPixelCenterAdj,direct,,c_symbol
0x005d6010,swig_TGIconManager_SetDisplayInfo,swig,TGIconManager,,SetDisplayInfo,direct,,c_symbol
0x005d60d0,swig_TGIconManager_GetCamera,swig,TGIconManager,,GetCamera,direct,,c_symbol
0x005d6160,swig_TGIconManager_SetCamera,swig,TGIconManager,,SetCamera,direct,,c_symbol
0x005d6240,swig_TGIconManager_Draw,swig,TGIconManager,,Draw,direct,,c_symbol
0x005d62b0,swig_TGFontGroup_GetFontName,swig,TGFontGroup,,GetFontName,direct,TGIconGroup,c_symbol
0x005d6320,swig_TGFontGroup_GetFontSize,swig,TGFontGroup,,GetFontSize,direct,TGIconGroup,c_symbol
0x005d6390,swig_TGFontGroup_MapChar,swig,TGFontGroup,,MapChar,direct,TGIconGroup,c_symbol
0x005d6400,swig_TGFontGroup_SetSpaceWidth,swig,TGFontGroup,,SetSpaceWidth,direct,TGIconGroup,c_symbol
0x005d6480,swig_TGFontGroup_GetPixelSpaceWidth,swig,TGFontGroup,,GetPixelSpaceWidth,direct,TGIconGroup,c_symbol
0x005d64f0,swig_TGFontGroup_GetScreenSpaceWidth,swig,TGFontGroup,,GetScreenSpaceWidth,direct,TGIconGroup,c_symbol
0x005d6560,swig_TGFontGroup_SetTabWidth,swig,TGFontGroup,,SetTabWidth,direct,TGIconGroup,c_symbol
0x005d65e0,swig_TGFontGroup_GetPixelTabWidth,swig,TGFontGroup,,GetPixelTabWidth,direct,TGIconGroup,c_symbol
0x005d6650,swig_TGFontGroup_GetScreenTabWidth,swig,TGFontGroup,,GetScreenTabWidth,direct,TGIconGroup,c_symbol
0x005d66c0,swig_TGFontGroup_SetHorizontalSpacing,swig,TGFontGroup,,SetHorizontalSpacing,direct,TGIconGroup,c_symbol
0x005d6740,swig_TGFontGroup_GetPixelHorizontalSpacing,swig,TGFontGroup,,GetPixelHorizontalSpacing,direct,TGIconGroup,c_symbol
0x005d67b0,swig_TGFontGroup_GetScreenHorizontalSpacing,swig,TGFontGroup,,GetScreenHorizontalSpacing,direct,TGIconGroup,c_symbol
0x005d6820,swig_TGFontGroup_SetVerticalSpacing,swig,TGFontGroup,,SetVerticalSpacing,direct,TGIconGroup,c_symbol
0x005d68a0,swig_TGFontGroup_GetPixelVerticalSpacing,swig,TGFontGroup,,GetPixelVerticalSpacing,direct,TGIconGroup,c_symbol
0x005d6910,swig_TGFontGroup_GetScreenVerticalSpacing,swig,TGFontGroup,,GetScreenVerticalSpacing,direct,TGIconGroup,c_symbol
0x005d6980,swig_TGFontGroup_GetPixelMaxHeight,swig,TGFontGroup,,GetPixelMaxHeight,direct,TGIconGroup,c_symbol
0x005d69f0,swig_TGFontGroup_GetScreenMaxHeight,swig,TGFontGroup,,GetScreenMaxHeight,direct,TGIconGroup,c_symbol
0x005d6a60,swig_delete_TGFontGroup,swig,TGFontGroup,TGFontGroup,delete,swig_dtor,TGIconGroup,swig_ctor_dtor
0x005d6ad0,swig_new_TGFontManager,swig,TGFontManager,TGFontManager,new,swig_ctor,,swig_ctor_dtor
0x005d6b20,swig_delete_TGFontManager,swig,TGFontManager,TGFontManager,delete,swig_dtor,,swig_ctor_dtor
0x005d6ba0,swig_TGFontManager_RegisterFont,swig,TGFontManager,,RegisterFont,direct,,c_symbol
0x005d6d10,swig_TGFontManager_CreateFontGroup,swig,,TGFontManager,CreateFontGroup,python_wrapper,,python_class_method
0x005d6dd0,swig_TGFontManager_AddFontGroup,swig,TGFontManager,,AddFontGroup,direct,,c_symbol
0x005d6e70,swig_TGFontManager_GetDefaultFont,swig,,TGFontManager,GetDefaultFont,python_wrapper,,python_class_method
0x005d6ee0,swig_TGFontManager_SetDefaultFont,swig,TGFontManager,,SetDefaultFont,direct,,c_symbol
0x005d6fa0,swig_TGFontManager_GetFontGroup,swig,,TGFontManager,GetFontGroup,python_wrapper,,python_class_method
0x005d7060,swig_TGFontManager_Purge,swig,TGFontManager,,Purge,direct,,c_symbol
0x005d70d0,swig_TGFontManager_RemoveGroup,swig,TGFontManager,,RemoveGroup,direct,,c_symbol
0x005d7170,swig_TGWindow_Create,swig,TGWindow,TGWindow,Create,swig_helper,TGPane|TGUIObject|TGEventHandlerObject|TGTemplatedAttrObject|TGAttrObject|TGObject,swig_helper_synth
0x005d7210,swig_TGWindow_Cast,swig,TGWindow,TGWindow,Cast,swig_helper,TGPane|TGUIObject|TGEventHandlerObject|TGTemplatedAttrObject|TGAttrObject|TGObject,swig_helper_synth
0x005d7280,swig_TGWindow_SetIndent,swig,TGWindow,,SetIndent,direct,TGPane|TGUIObject|TGEventHandlerObject|TGTemplatedAttrObject|TGAttrObject|TGObject,c_symbol
0x005d7310,swig_new_TGWindow,swig,TGWindow,TGWindow,new,swig_ctor,TGPane|TGUIObject|TGEventHandlerObject|TGTemplatedAttrObject|TGAttrObject|TGObject,swig_ctor_dtor
0x005d7400,swig_delete_TGWindow,swig,TGWindow,TGWindow,delete,swig_dtor,TGPane|TGUIObject|TGEventHandlerObject|TGTemplatedAttrObject|TGAttrObject|TGObject,swig_ctor_dtor
0x005d7470,swig_TGWindow_GetSubPane,swig,,TGWindow,GetSubPane,python_wrapper,,python_class_method
0x005d74e0,swig_TGFrameWindow_CreateFromTheme,swig,TGFrameWindow,,CreateFromTheme,direct_unmatched,TGWindow|TGPane|TGUIObject|TGEventHandlerObject|TGTemplatedAttrObject|TGAttrObject|TGObject,class_prefix
0x005d7570,swig_TGFrameWindow_Create,swig,TGFrameWindow,TGFrameWindow,Create,swig_helper,TGWindow|TGPane|TGUIObject|TGEventHandlerObject|TGTemplatedAttrObject|TGAttrObject|TGObject,swig_helper_synth
0x005d7660,swig_TGFrameWindow_Cast,swig,TGFrameWindow,TGFrameWindow,Cast,swig_helper,TGWindow|TGPane|TGUIObject|TGEventHandlerObject|TGTemplatedAttrObject|TGAttrObject|TGObject,swig_helper_synth
0x005d76c0,swig_new_TGFrameWindow,swig,TGFrameWindow,TGFrameWindow,new,swig_ctor,TGWindow|TGPane|TGUIObject|TGEventHandlerObject|TGTemplatedAttrObject|TGAttrObject|TGObject,swig_ctor_dtor
0x005d77f0,swig_delete_TGFrameWindow,swig,TGFrameWindow,TGFrameWindow,delete,swig_dtor,TGWindow|TGPane|TGUIObject|TGEventHandlerObject|TGTemplatedAttrObject|TGAttrObject|TGObject,swig_ctor_dtor
0x005d7860,swig_TGFrameWindow_GetFramePane,swig,,TGFrameWindow,GetFramePane,python_wrapper,,python_class_method
0x005d78d0,swig_new_TGDialogWindow,swig,TGDialogWindow,TGDialogWindow,new,swig_ctor,TGFrameWindow|TGWindow|TGPane|TGUIObject|TGEventHandlerObject|TGTemplatedAttrObject|TGAttrObject|TGObject,swig_ctor_dtor
0x005d7aa0,swig_delete_TGDialogWindow,swig,TGDialogWindow,TGDialogWindow,delete,swig_dtor,TGFrameWindow|TGWindow|TGPane|TGUIObject|TGEventHandlerObject|TGTemplatedAttrObject|TGAttrObject|TGObject,swig_ctor_dtor
0x005d7b10,swig_TGDialogWindow_CreateFromTheme,swig,TGDialogWindow,,CreateFromTheme,direct_unmatched,TGFrameWindow|TGWindow|TGPane|TGUIObject|TGEventHandlerObject|TGTemplatedAttrObject|TGAttrObject|TGObject,class_prefix
0x005d7be0,swig_TGDialogWindow_Create,swig,TGDialogWindow,TGDialogWindow,Create,swig_helper,TGFrameWindow|TGWindow|TGPane|TGUIObject|TGEventHandlerObject|TGTemplatedAttrObject|TGAttrObject|TGObject,swig_helper_synth
0x005d7d80,swig_TGDialogWindow_Cast,swig,TGDialogWindow,TGDialogWindow,Cast,swig_helper,TGFrameWindow|TGWindow|TGPane|TGUIObject|TGEventHandlerObject|TGTemplatedAttrObject|TGAttrObject|TGObject,swig_helper_synth
0x005d7de0,swig_TGDialogWindow_SetEventType,swig,TGDialogWindow,,SetEventType,direct,TGFrameWindow|TGWindow|TGPane|TGUIObject|TGEventHandlerObject|TGTemplatedAttrObject|TGAttrObject|TGObject,c_symbol
0x005d7e60,swig_TGDialogWindow_GetEventType,swig,TGDialogWindow,,GetEventType,direct,TGFrameWindow|TGWindow|TGPane|TGUIObject|TGEventHandlerObject|TGTemplatedAttrObject|TGAttrObject|TGObject,c_symbol
0x005d7ec0,swig_TGUITheme_Create,swig,TGUITheme,TGUITheme,Create,swig_helper,,swig_helper_synth
0x005d7f40,swig_TGUITheme_SetThemeName,swig,TGUITheme,,SetThemeName,direct,,c_symbol
0x005d8000,swig_TGUITheme_Copy,swig,TGUITheme,,Copy,direct,,c_symbol
0x005d80a0,swig_TGUITheme_SetWindowFrameName,swig,TGUITheme,,SetWindowFrameName,direct,,c_symbol
0x005d8160,swig_TGUITheme_SetButtonFrameName,swig,TGUITheme,,SetButtonFrameName,direct,,c_symbol
0x005d8220,swig_TGUITheme_SetDialogFrameName,swig,TGUITheme,,SetDialogFrameName,direct,,c_symbol
0x005d82e0,swig_TGUITheme_SetWindowFrameScale,swig,TGUITheme,,SetWindowFrameScale,direct,,c_symbol
0x005d8360,swig_TGUITheme_SetButtonFrameScale,swig,TGUITheme,,SetButtonFrameScale,direct,,c_symbol
0x005d83e0,swig_TGUITheme_SetDialogFrameScale,swig,TGUITheme,,SetDialogFrameScale,direct,,c_symbol
0x005d8460,swig_new_TGUITheme,swig,TGUITheme,TGUITheme,new,swig_ctor,,swig_ctor_dtor
0x005d8500,swig_delete_TGUITheme,swig,TGUITheme,TGUITheme,delete,swig_dtor,,swig_ctor_dtor
0x005d8570,swig_TGUITheme_GetWindowFrameName,swig,TGUITheme,,GetWindowFrameName,direct,,c_symbol
0x005d85e0,swig_TGUITheme_GetWindowFrameScale,swig,TGUITheme,,GetWindowFrameScale,direct,,c_symbol
0x005d8650,swig_TGUITheme_GetButtonFrameName,swig,TGUITheme,,GetButtonFrameName,direct,,c_symbol
0x005d86c0,swig_TGUITheme_GetButtonFrameScale,swig,TGUITheme,,GetButtonFrameScale,direct,,c_symbol
0x005d8730,swig_TGUITheme_GetDialogFrameName,swig,TGUITheme,,GetDialogFrameName,direct,,c_symbol
0x005d87a0,swig_TGUITheme_GetDialogFrameScale,swig,TGUITheme,,GetDialogFrameScale,direct,,c_symbol
0x005d8810,swig_TGUITheme_GetThemeName,swig,TGUITheme,,GetThemeName,direct,,c_symbol
0x005d8880,swig_TGUIThemeManager_FindTheme,swig,,TGUIThemeManager,FindTheme,python_wrapper,,python_class_method
0x005d8930,swig_TGUIThemeManager_SetCurrentTheme,swig,TGUIThemeManager,,SetCurrentTheme,direct,,c_symbol
0x005d89f0,swig_TGUIThemeManager_AddTheme,swig,TGUIThemeManager,,AddTheme,direct,,c_symbol
0x005d8a90,swig_TGUIThemeManager_GetCurrentTheme,swig,,TGUIThemeManager,GetCurrentTheme,python_wrapper,,python_class_method
0x005d8b00,swig_new_TGConsole,swig,TGConsole,TGConsole,new,swig_ctor,TGPane|TGUIObject|TGEventHandlerObject|TGTemplatedAttrObject|TGAttrObject|TGObject,swig_ctor_dtor
0x005d8b60,swig_delete_TGConsole,swig,TGConsole,TGConsole,delete,swig_dtor,TGPane|TGUIObject|TGEventHandlerObject|TGTemplatedAttrObject|TGAttrObject|TGObject,swig_ctor_dtor
0x005d8bd0,swig_TGConsole_GetPyString,swig,TGConsole,,GetPyString,direct_unmatched,TGPane|TGUIObject|TGEventHandlerObject|TGTemplatedAttrObject|TGAttrObject|TGObject,class_prefix
0x005d8c00,swig_TGConsole_Cast,swig,TGConsole,TGConsole,Cast,swig_helper,TGPane|TGUIObject|TGEventHandlerObject|TGTemplatedAttrObject|TGAttrObject|TGObject,swig_helper_synth
0x005d8c70,swig_TGConsole_EvalString,swig,TGConsole,,EvalString,direct,TGPane|TGUIObject|TGEventHandlerObject|TGTemplatedAttrObject|TGAttrObject|TGObject,c_symbol
0x005d8d30,swig_TGConsole_AddConsoleString,swig,TGConsole,,AddConsoleString,direct,TGPane|TGUIObject|TGEventHandlerObject|TGTemplatedAttrObject|TGAttrObject|TGObject,c_symbol
0x005d8df0,swig_TGConsole_SetConsoleFont,swig,TGConsole,,SetConsoleFont,direct,TGPane|TGUIObject|TGEventHandlerObject|TGTemplatedAttrObject|TGAttrObject|TGObject,c_symbol
0x005d8eb0,swig_TGConsole_SetTextIndent,swig,TGConsole,,SetTextIndent,direct_unmatched,TGPane|TGUIObject|TGEventHandlerObject|TGTemplatedAttrObject|TGAttrObject|TGObject,class_prefix
0x005d8ef0,swig_TGConsole_GetTextIndent,swig,TGConsole,,GetTextIndent,direct_unmatched,TGPane|TGUIObject|TGEventHandlerObject|TGTemplatedAttrObject|TGAttrObject|TGObject,class_prefix
0x005d8f20,swig_new_TGPrompt,swig,TGPrompt,TGPrompt,new,swig_ctor,TGParagraph|TGPane|TGUIObject|TGEventHandlerObject|TGTemplatedAttrObject|TGAttrObject|TGObject,swig_ctor_dtor
0x005d9000,swig_TGPrompt_GetString,swig,TGPrompt,,GetString,direct,TGParagraph|TGPane|TGUIObject|TGEventHandlerObject|TGTemplatedAttrObject|TGAttrObject|TGObject,c_symbol
0x005d90a0,swig_TGPrompt_GetCString,swig,TGPrompt,,GetCString,direct,TGParagraph|TGPane|TGUIObject|TGEventHandlerObject|TGTemplatedAttrObject|TGAttrObject|TGObject,c_symbol
0x005d9110,swig_TGPrompt_SetCursorPosition,swig,TGPrompt,,SetCursorPosition,direct,TGParagraph|TGPane|TGUIObject|TGEventHandlerObject|TGTemplatedAttrObject|TGAttrObject|TGObject,c_symbol
0x005d9190,swig_delete_TGPrompt,swig,TGPrompt,TGPrompt,delete,swig_dtor,TGParagraph|TGPane|TGUIObject|TGEventHandlerObject|TGTemplatedAttrObject|TGAttrObject|TGObject,swig_ctor_dtor
0x005d9200,swig_TGSound_Create,swig,TGSound,TGSound,Create,swig_helper,,swig_helper_synth
0x005d9360,swig_TGSound_Load,swig,TGSound,,Load,direct,,c_symbol
0x005d93e0,swig_TGSound_Unload,swig,TGSound,,Unload,direct,,c_symbol
0x005d9450,swig_TGSound_SetGroup,swig,TGSound,,SetGroup,direct,,c_symbol
0x005d9510,swig_TGSound_GetGroup,swig,TGSound,,GetGroup,direct,,c_symbol
0x005d9580,swig_TGSound_Play,swig,TGSound,,Play,direct,,c_symbol
0x005d9610,swig_TGSound_PlayAndNotify,swig,TGSound,,PlayAndNotify,direct,,c_symbol
0x005d96d0,swig_TGSound_Stop,swig,TGSound,,Stop,direct,,c_symbol
0x005d9750,swig_TGSound_Rewind,swig,TGSound,,Rewind,direct,,c_symbol
0x005d97d0,swig_TGSound_Pause,swig,TGSound,,Pause,direct,,c_symbol
0x005d9840,swig_TGSound_IsPaused,swig,TGSound,,IsPaused,direct,,c_symbol
0x005d98c0,swig_TGSound_Unpause,swig,TGSound,,Unpause,direct,,c_symbol
0x005d9930,swig_TGSound_SetSingleShot,swig,TGSound,,SetSingleShot,direct,,c_symbol
0x005d99b0,swig_TGSound_IsSingleShot,swig,TGSound,,IsSingleShot,direct,,c_symbol
0x005d9a30,swig_TGSound_GetStatus,swig,TGSound,,GetStatus,direct,,c_symbol
0x005d9a90,swig_TGSound_GetSoundName,swig,TGSound,,GetSoundName,direct,,c_symbol
0x005d9b00,swig_TGSound_GetFileName,swig,TGSound,,GetFileName,direct,,c_symbol
0x005d9b70,swig_TGSound_Is3D,swig,TGSound,,Is3D,direct,,c_symbol
0x005d9bf0,swig_TGSound_IsStreamed,swig,TGSound,,IsStreamed,direct,,c_symbol
0x005d9c70,swig_TGSound_IsLoaded,swig,TGSound,,IsLoaded,direct,,c_symbol
0x005d9cf0,swig_TGSound_SetSFX,swig,TGSound,,SetSFX,direct,,c_symbol
0x005d9d70,swig_TGSound_IsSFX,swig,TGSound,,IsSFX,direct,,c_symbol
0x005d9df0,swig_TGSound_SetVoice,swig,TGSound,,SetVoice,direct,,c_symbol
0x005d9e70,swig_TGSound_IsVoice,swig,TGSound,,IsVoice,direct,,c_symbol
0x005d9ef0,swig_TGSound_SetInterface,swig,TGSound,,SetInterface,direct,,c_symbol
0x005d9f70,swig_TGSound_IsInterface,swig,TGSound,,IsInterface,direct,,c_symbol
0x005d9ff0,swig_TGSound_AttachToNode,swig,TGSound,,AttachToNode,direct,,c_symbol
0x005da0a0,swig_TGSound_DetachFromNode,swig,TGSound,,DetachFromNode,direct,,c_symbol
0x005da120,swig_TGSound_GetParentNode,swig,,TGSound,GetParentNode,python_wrapper,,python_class_method
0x005da190,swig_TGSound_SetOrientation,swig,TGSound,,SetOrientation,direct,,c_symbol
0x005da270,swig_TGSound_GetOrientation,swig,TGSound,,GetOrientation,direct,,c_symbol
0x005da350,swig_TGSound_SetPosition,swig,TGSound,,SetPosition,direct,,c_symbol
0x005da3f0,swig_TGSound_GetPosition,swig,,TGSound,GetPosition,python_wrapper,,python_class_method
0x005da480,swig_TGSound_SetConeData,swig,TGSound,,SetConeData,direct,,c_symbol
0x005da520,swig_TGSound_GetConeData,swig,TGSound,,GetConeData,direct,,c_symbol
0x005da630,swig_TGSound_SetMinMaxDistance,swig,TGSound,,SetMinMaxDistance,direct,,c_symbol
0x005da6c0,swig_TGSound_GetMinMaxDistance,swig,TGSound,,GetMinMaxDistance,direct,,c_symbol
0x005da7a0,swig_TGSound_SetLooping,swig,TGSound,,SetLooping,direct,,c_symbol
0x005da820,swig_TGSound_GetLooping,swig,TGSound,,GetLooping,direct,,c_symbol
0x005da8a0,swig_TGSound_SetVolume,swig,TGSound,,SetVolume,direct,,c_symbol
0x005da920,swig_TGSound_GetVolume,swig,TGSound,,GetVolume,direct,,c_symbol
0x005da990,swig_TGSound_SetPitch,swig,TGSound,,SetPitch,direct,,c_symbol
0x005daa10,swig_TGSound_GetPitch,swig,TGSound,,GetPitch,direct,,c_symbol
0x005daa80,swig_TGSound_SetPlayPositionSeconds,swig,TGSound,,SetPlayPositionSeconds,direct,,c_symbol
0x005dab00,swig_TGSound_GetPlayPositionSeconds,swig,TGSound,,GetPlayPositionSeconds,direct,,c_symbol
0x005dab70,swig_TGSound_SetPlayPosition,swig,TGSound,,SetPlayPosition,direct,,c_symbol
0x005dac20,swig_TGSound_GetPlayPosition,swig,TGSound,,GetPlayPosition,direct,,c_symbol
0x005dacb0,swig_TGSound_GetDurationSeconds,swig,TGSound,,GetDurationSeconds,direct,,c_symbol
0x005dad20,swig_TGSound_SetPriority,swig,TGSound,,SetPriority,direct,,c_symbol
0x005dad90,swig_TGSound_GetPriority,swig,TGSound,,GetPriority,direct,,c_symbol
0x005dae00,swig_TGSound_SetEndEvent,swig,TGSound,,SetEndEvent,direct,,c_symbol
0x005daeb0,swig_TGSound_GetEndEvent,swig,,TGSound,GetEndEvent,python_wrapper,,python_class_method
0x005daf20,swig_TGSound_Update,swig,TGSound,,Update,direct,,c_symbol
0x005daf90,swig_TGSound_GetNiSourceObj,swig,TGSound,,GetNiSourceObj,direct,,c_symbol
0x005db040,swig_TGSound_AddFadePoint,swig,TGSound,,AddFadePoint,direct,,c_symbol
0x005db0d0,swig_TGSound_ClearFadePoints,swig,TGSound,,ClearFadePoints,direct,,c_symbol
0x005db140,swig_TGSoundManager_Reload,swig,TGSoundManager,,Reload,direct,TGEventHandlerObject|TGTemplatedAttrObject|TGAttrObject|TGObject,c_symbol
0x005db1d0,swig_TGSoundManager_SetEnabled,swig,TGSoundManager,,SetEnabled,direct,TGEventHandlerObject|TGTemplatedAttrObject|TGAttrObject|TGObject,c_symbol
0x005db250,swig_TGSoundManager_IsEnabled,swig,TGSoundManager,,IsEnabled,direct,TGEventHandlerObject|TGTemplatedAttrObject|TGAttrObject|TGObject,c_symbol
0x005db2e0,swig_TGSoundManager_SetMaxSoundsAtOnce,swig,TGSoundManager,,SetMaxSoundsAtOnce,direct,TGEventHandlerObject|TGTemplatedAttrObject|TGAttrObject|TGObject,c_symbol
0x005db360,swig_TGSoundManager_GetMaxSoundsAtOnce,swig,TGSoundManager,,GetMaxSoundsAtOnce,direct,TGEventHandlerObject|TGTemplatedAttrObject|TGAttrObject|TGObject,c_symbol
0x005db3c0,swig_TGSoundManager_SetUnitsPerMeter,swig,TGSoundManager,,SetUnitsPerMeter,direct,TGEventHandlerObject|TGTemplatedAttrObject|TGAttrObject|TGObject,c_symbol
0x005db440,swig_TGSoundManager_GetUnitsPerMeter,swig,TGSoundManager,,GetUnitsPerMeter,direct,TGEventHandlerObject|TGTemplatedAttrObject|TGAttrObject|TGObject,c_symbol
0x005db4b0,swig_TGSoundManager_SetMasterVolume,swig,TGSoundManager,,SetMasterVolume,direct,TGEventHandlerObject|TGTemplatedAttrObject|TGAttrObject|TGObject,c_symbol
0x005db530,swig_TGSoundManager_GetMasterVolume,swig,TGSoundManager,,GetMasterVolume,direct,TGEventHandlerObject|TGTemplatedAttrObject|TGAttrObject|TGObject,c_symbol
0x005db5a0,swig_TGSoundManager_SetSFXVolume,swig,TGSoundManager,,SetSFXVolume,direct,TGEventHandlerObject|TGTemplatedAttrObject|TGAttrObject|TGObject,c_symbol
0x005db620,swig_TGSoundManager_GetSFXVolume,swig,TGSoundManager,,GetSFXVolume,direct,TGEventHandlerObject|TGTemplatedAttrObject|TGAttrObject|TGObject,c_symbol
0x005db690,swig_TGSoundManager_SetSFXEnabled,swig,TGSoundManager,,SetSFXEnabled,direct,TGEventHandlerObject|TGTemplatedAttrObject|TGAttrObject|TGObject,c_symbol
0x005db710,swig_TGSoundManager_IsSFXEnabled,swig,TGSoundManager,,IsSFXEnabled,direct,TGEventHandlerObject|TGTemplatedAttrObject|TGAttrObject|TGObject,c_symbol
0x005db790,swig_TGSoundManager_SetVoiceVolume,swig,TGSoundManager,,SetVoiceVolume,direct,TGEventHandlerObject|TGTemplatedAttrObject|TGAttrObject|TGObject,c_symbol
0x005db810,swig_TGSoundManager_GetVoiceVolume,swig,TGSoundManager,,GetVoiceVolume,direct,TGEventHandlerObject|TGTemplatedAttrObject|TGAttrObject|TGObject,c_symbol
0x005db880,swig_TGSoundManager_SetVoiceEnabled,swig,TGSoundManager,,SetVoiceEnabled,direct,TGEventHandlerObject|TGTemplatedAttrObject|TGAttrObject|TGObject,c_symbol
0x005db900,swig_TGSoundManager_IsVoiceEnabled,swig,TGSoundManager,,IsVoiceEnabled,direct,TGEventHandlerObject|TGTemplatedAttrObject|TGAttrObject|TGObject,c_symbol
0x005db980,swig_TGSoundManager_SetInterfaceVolume,swig,TGSoundManager,,SetInterfaceVolume,direct,TGEventHandlerObject|TGTemplatedAttrObject|TGAttrObject|TGObject,c_symbol
0x005dba00,swig_TGSoundManager_GetInterfaceVolume,swig,TGSoundManager,,GetInterfaceVolume,direct,TGEventHandlerObject|TGTemplatedAttrObject|TGAttrObject|TGObject,c_symbol
0x005dba70,swig_TGSoundManager_GetSound,swig,,TGSoundManager,GetSound,python_wrapper,,python_class_method
0x005dbb20,swig_TGSoundManager_GetPlayingSound,swig,,TGSoundManager,GetPlayingSound,python_wrapper,,python_class_method
0x005dbba0,swig_TGSoundManager_PlaySound,swig,TGSoundManager,,PlaySound,direct,TGEventHandlerObject|TGTemplatedAttrObject|TGAttrObject|TGObject,c_symbol
0x005dbc50,swig_TGSoundManager_StopSound,swig,TGSoundManager,,StopSound,direct,TGEventHandlerObject|TGTemplatedAttrObject|TGAttrObject|TGObject,c_symbol
0x005dbd10,swig_TGSoundManager_SetSFXAdjustmentMinimum,swig,TGSoundManager,,SetSFXAdjustmentMinimum,direct,TGEventHandlerObject|TGTemplatedAttrObject|TGAttrObject|TGObject,c_symbol
0x005dbd90,swig_TGSoundManager_StopAllSounds,swig,TGSoundManager,,StopAllSounds,direct,TGEventHandlerObject|TGTemplatedAttrObject|TGAttrObject|TGObject,c_symbol
0x005dbe10,swig_TGSoundManager_StopAllSoundsInGroup,swig,TGSoundManager,,StopAllSoundsInGroup,direct,TGEventHandlerObject|TGTemplatedAttrObject|TGAttrObject|TGObject,c_symbol
0x005dbed0,swig_TGSoundManager_DeleteSound,swig,TGSoundManager,,DeleteSound,direct,TGEventHandlerObject|TGTemplatedAttrObject|TGAttrObject|TGObject,c_symbol
0x005dbf90,swig_TGSoundManager_DeleteAllSounds,swig,TGSoundManager,,DeleteAllSounds,direct,TGEventHandlerObject|TGTemplatedAttrObject|TGAttrObject|TGObject,c_symbol
0x005dc000,swig_TGSoundManager_DeleteAllSoundsInGroup,swig,TGSoundManager,,DeleteAllSoundsInGroup,direct,TGEventHandlerObject|TGTemplatedAttrObject|TGAttrObject|TGObject,c_symbol
0x005dc0c0,swig_TGSoundManager_GetNumSoundsAllocated,swig,TGSoundManager,,GetNumSoundsAllocated,direct,TGEventHandlerObject|TGTemplatedAttrObject|TGAttrObject|TGObject,c_symbol
0x005dc120,swig_TGSoundManager_GetRoughMemoryUsage,swig,TGSoundManager,,GetRoughMemoryUsage,direct,TGEventHandlerObject|TGTemplatedAttrObject|TGAttrObject|TGObject,c_symbol
0x005dc180,swig_TGSoundManager_IsA3DSupported,swig,TGSoundManager,,IsA3DSupported,direct,TGEventHandlerObject|TGTemplatedAttrObject|TGAttrObject|TGObject,c_symbol
0x005dc200,swig_TGSoundManager_IsEAXSupported,swig,TGSoundManager,,IsEAXSupported,direct,TGEventHandlerObject|TGTemplatedAttrObject|TGAttrObject|TGObject,c_symbol
0x005dc280,swig_delete_TGSoundManager,swig,TGSoundManager,TGSoundManager,delete,swig_dtor,TGEventHandlerObject|TGTemplatedAttrObject|TGAttrObject|TGObject,swig_ctor_dtor
0x005dc2f0,swig_TGRedbookClass_OpenRedbookCD,swig,TGRedbookClass,,OpenRedbookCD,direct,,c_symbol
0x005dc370,swig_TGRedbookClass_PlayRedbookCDTrack,swig,TGRedbookClass,,PlayRedbookCDTrack,direct,,c_symbol
0x005dc420,swig_TGRedbookClass_StopRedbookCDTrack,swig,TGRedbookClass,,StopRedbookCDTrack,direct,,c_symbol
0x005dc4a0,swig_TGRedbookClass_CloseRedbookCD,swig,TGRedbookClass,,CloseRedbookCD,direct,,c_symbol
0x005dc520,swig_TGRedbookClass_IsRedbookCDTrackFinishedPlaying,swig,TGRedbookClass,,IsRedbookCDTrackFinishedPlaying,direct,,c_symbol
0x005dc5a0,swig_TGRedbookClass_GetCDID,swig,TGRedbookClass,,GetCDID,direct,,c_symbol
0x005dc600,swig_TGRedbookClass_SetCDDonePlaying,swig,TGRedbookClass,,SetCDDonePlaying,direct,,c_symbol
0x005dc670,swig_TGRedbookClass_GetCDTrackLengthInMilliseconds,swig,TGRedbookClass,,GetCDTrackLengthInMilliseconds,direct,,c_symbol
0x005dc6e0,swig_TGRedbookClass_SetRedbookCDVolume,swig,TGRedbookClass,,SetRedbookCDVolume,direct,,c_symbol
0x005dc760,swig_TGRedbookClass_FadeRedbookCDVolume,swig,TGRedbookClass,,FadeRedbookCDVolume,direct,,c_symbol
0x005dc800,swig_TGRedbookClass_UpdateRedbookCD,swig,TGRedbookClass,,UpdateRedbookCD,direct,,c_symbol
0x005dc870,swig_TGMusic_LoadMusic,swig,TGMusic,,LoadMusic,direct,TGEventHandlerObject|TGTemplatedAttrObject|TGAttrObject|TGObject,c_symbol
0x005dc9a0,swig_TGMusic_UnloadMusic,swig,TGMusic,,UnloadMusic,direct,TGEventHandlerObject|TGTemplatedAttrObject|TGAttrObject|TGObject,c_symbol
0x005dca70,swig_TGMusic_StartMusic,swig,TGMusic,,StartMusic,direct,TGEventHandlerObject|TGTemplatedAttrObject|TGAttrObject|TGObject,c_symbol
0x005dcb50,swig_TGMusic_StopMusic,swig,TGMusic,,StopMusic,direct,TGEventHandlerObject|TGTemplatedAttrObject|TGAttrObject|TGObject,c_symbol
0x005dcbc0,swig_TGMusic_PlayFanfare,swig,TGMusic,,PlayFanfare,direct,TGEventHandlerObject|TGTemplatedAttrObject|TGAttrObject|TGObject,c_symbol
0x005dcc80,swig_TGMusic_SetEnabled,swig,TGMusic,,SetEnabled,direct,TGEventHandlerObject|TGTemplatedAttrObject|TGAttrObject|TGObject,c_symbol
0x005dcd00,swig_TGMusic_IsEnabled,swig,TGMusic,,IsEnabled,direct,TGEventHandlerObject|TGTemplatedAttrObject|TGAttrObject|TGObject,c_symbol
0x005dcd80,swig_TGMusic_SetVolume,swig,TGMusic,,SetVolume,direct,TGEventHandlerObject|TGTemplatedAttrObject|TGAttrObject|TGObject,c_symbol
0x005dce00,swig_TGMusic_GetVolume,swig,TGMusic,,GetVolume,direct,TGEventHandlerObject|TGTemplatedAttrObject|TGAttrObject|TGObject,c_symbol
0x005dce70,swig_delete_TGMusic,swig,TGMusic,TGMusic,delete,swig_dtor,TGEventHandlerObject|TGTemplatedAttrObject|TGAttrObject|TGObject,swig_ctor_dtor
0x005dcee0,swig_TGSoundRegion_Create,swig,TGSoundRegion,TGSoundRegion,Create,swig_helper,TGObject,swig_helper_synth
0x005dcf90,swig_TGSoundRegion_GetRegion,swig,TGSoundRegion,,GetRegion,direct_unmatched,TGObject,class_prefix
0x005dd010,swig_TGSoundRegion_AddSound,swig,TGSoundRegion,,AddSound,direct,TGObject,c_symbol
0x005dd0c0,swig_TGSoundRegion_RemoveSound,swig,TGSoundRegion,,RemoveSound,direct,TGObject,c_symbol
0x005dd170,swig_TGSoundRegion_SetFilter,swig,TGSoundRegion,,SetFilter,direct,TGObject,c_symbol
0x005dd1f0,swig_PyEmbed_SerializeModule,swig,PyEmbed,,SerializeModule,direct_unmatched,,class_prefix
0x005dd2d0,swig_PyEmbed_UnserializeModule,swig,PyEmbed,,UnserializeModule,direct_unmatched,,class_prefix
0x005dd390,swig_PyEmbed_StartSave,swig,PyEmbed,,StartSave,direct_unmatched,,class_prefix
0x005dd410,swig_PyEmbed_FinishSave,swig,PyEmbed,,FinishSave,direct_unmatched,,class_prefix
0x005dd490,swig_PyEmbed_StartLoad,swig,PyEmbed,,StartLoad,direct_unmatched,,class_prefix
0x005dd510,swig_PyEmbed_FinishLoad,swig,PyEmbed,,FinishLoad,direct_unmatched,,class_prefix
0x005dd590,swig_new_TGModelProperty,swig,TGModelProperty,TGModelProperty,new,swig_ctor,TGObject,swig_ctor_dtor
0x005dd610,swig_delete_TGModelProperty,swig,TGModelProperty,TGModelProperty,delete,swig_dtor,TGObject,swig_ctor_dtor
0x005dd680,swig_TGModelProperty_GetRefCount,swig,TGModelProperty,,GetRefCount,direct,TGObject,c_symbol
0x005dd6e0,swig_TGModelProperty_DecRefCount,swig,TGModelProperty,,DecRefCount,direct,TGObject,c_symbol
0x005dd750,swig_TGModelProperty_IncRefCount,swig,TGModelProperty,,IncRefCount,direct,TGObject,c_symbol
0x005dd7c0,swig_TGModelProperty_Cast,swig,TGModelProperty,TGModelProperty,Cast,swig_helper,TGObject,swig_helper_synth
0x005dd830,swig_TGModelProperty_Create,swig,TGModelProperty,TGModelProperty,Create,swig_helper,TGObject,swig_helper_synth
0x005dd8b0,swig_TGModelProperty_GetName,swig,,TGModelProperty,GetName,python_wrapper,,python_class_method
0x005dd940,swig_TGModelProperty_WriteInit,swig,TGModelProperty,,WriteInit,direct,TGObject,c_symbol
0x005dda30,swig_TGModelProperty_Duplicate,swig,,TGModelProperty,Duplicate,python_wrapper,,python_class_method
0x005ddaa0,swig_TGModelProperty_Edit,swig,TGModelProperty,,Edit,direct,TGObject,c_symbol
0x005ddb50,swig_TGModelProperty_SetName,swig,TGModelProperty,,SetName,direct,TGObject,c_symbol
0x005ddc90,swig_TGModelProperty_SetNameW,swig,TGModelProperty,,SetNameW,direct,TGObject,c_symbol
0x005ddfc0,swig_TGModelPropertyManager_IsLocalTemplate,swig,TGModelPropertyManager,,IsLocalTemplate,direct,,c_symbol
0x005de070,swig_TGModelPropertyManager_IsGlobalTemplate,swig,TGModelPropertyManager,,IsGlobalTemplate,direct,,c_symbol
0x005de120,swig_TGModelPropertyManager_RegisterLocalTemplate,swig,TGModelPropertyManager,,RegisterLocalTemplate,direct,,c_symbol
0x005de1d0,swig_TGModelPropertyManager_RegisterGlobalTemplate,swig,TGModelPropertyManager,,RegisterGlobalTemplate,direct,,c_symbol
0x005de280,swig_TGModelPropertyManager_ClearGlobalTemplates,swig,TGModelPropertyManager,,ClearGlobalTemplates,direct,,c_symbol
0x005de2f0,swig_TGModelPropertyManager_ClearLocalTemplates,swig,TGModelPropertyManager,,ClearLocalTemplates,direct,,c_symbol
0x005de360,swig_TGModelPropertyManager_ClearRegisteredFilters,swig,TGModelPropertyManager,,ClearRegisteredFilters,direct,,c_symbol
0x005de3d0,swig_TGModelPropertyManager_RegisterFilter,swig,TGModelPropertyManager,,RegisterFilter,direct,,c_symbol
0x005de4c0,swig_TGModelPropertyManager_AddFilter,swig,TGModelPropertyManager,,AddFilter,direct,,c_symbol
0x005de560,swig_TGModelPropertyManager_ApplyFilters,swig,TGModelPropertyManager,,ApplyFilters,direct,,c_symbol
0x005de610,swig_TGModelPropertyManager_ClearCurrentFilters,swig,TGModelPropertyManager,,ClearCurrentFilters,direct,,c_symbol
0x005de680,swig_TGModelPropertyManager_RemoveFilter,swig,TGModelPropertyManager,,RemoveFilter,direct,,c_symbol
0x005de730,swig_TGModelPropertyManager_RemoveTemplate,swig,TGModelPropertyManager,,RemoveTemplate,direct,,c_symbol
0x005de800,swig_TGModelPropertyManager_FindByNameAndType,swig,,TGModelPropertyManager,FindByNameAndType,python_wrapper,,python_class_method
0x005de8e0,swig_TGModelPropertyManager_FindByName,swig,,TGModelPropertyManager,FindByName,python_wrapper,,python_class_method
0x005de9b0,swig_new_TGModelPropertySet,swig,TGModelPropertySet,TGModelPropertySet,new,swig_ctor,TGObject,swig_ctor_dtor
0x005dea90,swig_TGModelPropertySet_Create,swig,TGModelPropertySet,TGModelPropertySet,Create,swig_helper,TGObject,swig_helper_synth
0x005deac0,swig_delete_TGModelPropertySet,swig,TGModelPropertySet,TGModelPropertySet,delete,swig_dtor,TGObject,swig_ctor_dtor
0x005deb30,swig_TGModelPropertySet_GetPropertyList,swig,,TGModelPropertySet,GetPropertyList,python_wrapper,,python_class_method
0x005debe0,swig_TGModelPropertySet_GetPropertiesByType,swig,,TGModelPropertySet,GetPropertiesByType,python_wrapper,,python_class_method
0x005dec60,swig_TGModelPropertySet_AddToSet,swig,TGModelPropertySet,,AddToSet,direct,TGObject,c_symbol
0x005ded50,swig_new_TGModelPropertyInstance,swig,TGModelPropertyInstance,TGModelPropertyInstance,new,swig_ctor,,swig_ctor_dtor
0x005dee20,swig_delete_TGModelPropertyInstance,swig,TGModelPropertyInstance,TGModelPropertyInstance,delete,swig_dtor,,swig_ctor_dtor
0x005dee90,swig_TGModelPropertyInstance_UseOriginalTemplate,swig,TGModelPropertyInstance,,UseOriginalTemplate,direct,,c_symbol
0x005def00,swig_TGModelPropertyInstance_GetHardpointName,swig,TGModelPropertyInstance,,GetHardpointName,direct,,c_symbol
0x005def70,swig_TGModelPropertyInstance_GetProperty,swig,,TGModelPropertyInstance,GetProperty,python_wrapper,,python_class_method
0x005defe0,swig_TGModelPropertyInstance_GetOriginalTemplate,swig,,TGModelPropertyInstance,GetOriginalTemplate,python_wrapper,,python_class_method
0x005df050,swig_new_TGModelPropertyList,swig,TGModelPropertyList,TGModelPropertyList,new,swig_ctor,,swig_ctor_dtor
0x005df0a0,swig_delete_TGModelPropertyList,swig,TGModelPropertyList,TGModelPropertyList,delete,swig_dtor,,swig_ctor_dtor
0x005df110,swig_TGModelPropertyList_TGBeginIteration,swig,TGModelPropertyList,,TGBeginIteration,direct,,c_symbol
0x005df180,swig_TGModelPropertyList_TGGetNext,swig,,TGModelPropertyList,TGGetNext,python_wrapper,,python_class_method
0x005df1f0,swig_TGModelPropertyList_TGDoneIterating,swig,TGModelPropertyList,,TGDoneIterating,direct,,c_symbol
0x005df270,swig_TGModelPropertyList_TGDestroy,swig,TGModelPropertyList,,TGDestroy,direct,,c_symbol
0x005df2e0,swig_TGModelPropertyList_TGGetNumItems,swig,TGModelPropertyList,,TGGetNumItems,direct,,c_symbol
0x005df340,swig_TGAction_CreateNull,swig,TGAction,TGAction,CreateNull,swig_helper,TGObject,swig_helper_synth
0x005df370,swig_TGAction_Cast,swig,TGAction,TGAction,Cast,swig_helper,TGObject,swig_helper_synth
0x005df3e0,swig_TGAction_IsPlaying,swig,TGAction,,IsPlaying,direct,TGObject,c_symbol
0x005df460,swig_TGAction_ConstructDescription,swig,TGAction,,ConstructDescription,direct,TGObject,c_symbol
0x005df540,swig_TGAction_SetupEditControls,swig,TGAction,,SetupEditControls,direct,TGObject,c_symbol
0x005df5c0,swig_TGAction_ExtractControlValues,swig,TGAction,,ExtractControlValues,direct,TGObject,c_symbol
0x005df640,swig_TGAction_Play,swig,TGAction,,Play,direct,TGObject,c_symbol
0x005df6b0,swig_TGAction_Restart,swig,TGAction,,Restart,direct,TGObject,c_symbol
0x005df730,swig_TGAction_Skip,swig,TGAction,,Skip,direct,TGObject,c_symbol
0x005df7a0,swig_TGAction_Abort,swig,TGAction,,Abort,direct,TGObject,c_symbol
0x005df810,swig_TGAction_IsSkippable,swig,TGAction,,IsSkippable,direct,TGObject,c_symbol
0x005df890,swig_TGAction_SetSkippable,swig,TGAction,,SetSkippable,direct,TGObject,c_symbol
0x005df920,swig_TGAction_AddCompletedEvent,swig,TGAction,,AddCompletedEvent,direct,TGObject,c_symbol
0x005df9c0,swig_TGAction_IsPartOfSequence,swig,TGAction,,IsPartOfSequence,direct,TGObject,c_symbol
0x005dfa70,swig_TGAction_GetSequence,swig,,TGAction,GetSequence,python_wrapper,,python_class_method
0x005dfae0,swig_TGAction_Completed,swig,TGAction,,Completed,direct,TGObject,c_symbol
0x005dfb50,swig_TGAction_SetUseRealTime,swig,TGAction,,SetUseRealTime,direct,TGObject,c_symbol
0x005dfbd0,swig_TGAction_IsUseRealTime,swig,TGAction,,IsUseRealTime,direct,TGObject,c_symbol
0x005dfc50,swig_TGAction_SetSurviveGlobalAbort,swig,TGAction,,SetSurviveGlobalAbort,direct,TGObject,c_symbol
0x005dfcd0,swig_TGAction_IsGlobalAbortSurvivor,swig,TGAction,,IsGlobalAbortSurvivor,direct,TGObject,c_symbol
0x005dfd50,swig_delete_TGActionManager,swig,TGActionManager,TGActionManager,delete,swig_dtor,TGEventHandlerObject|TGTemplatedAttrObject|TGAttrObject|TGObject,swig_ctor_dtor
0x005dfdc0,swig_TGSequence_Create,swig,TGSequence,TGSequence,Create,swig_helper,TGAction|TGObject,swig_helper_synth
0x005dfe30,swig_TGSequence_Cast,swig,TGSequence,TGSequence,Cast,swig_helper,TGAction|TGObject,swig_helper_synth
0x005dfea0,swig_TGSequence_AddAction,swig,TGSequence,,AddAction,direct,TGAction|TGObject,c_symbol
0x005dff90,swig_TGSequence_AppendAction,swig,TGSequence,,AppendAction,direct,TGAction|TGObject,c_symbol
0x005e0050,swig_TGSequence_Play,swig,TGSequence,,Play,direct,TGAction|TGObject,c_symbol
0x005e00c0,swig_TGSequence_Skip,swig,TGSequence,,Skip,direct,TGAction|TGObject,c_symbol
0x005e0130,swig_TGSequence_GetNumActions,swig,TGSequence,,GetNumActions,direct,TGAction|TGObject,c_symbol
0x005e0190,swig_TGSequence_GetAction,swig,,TGSequence,GetAction,python_wrapper,,python_class_method
0x005e0210,swig_TGScriptAction_Play,swig,TGScriptAction,,Play,direct,TGAction|TGObject,c_symbol
0x005e0280,swig_TGTimedAction_SetDuration,swig,TGTimedAction,,SetDuration,direct,TGAction|TGObject,c_symbol
0x005e0300,swig_TGTimedAction_GetDuration,swig,TGTimedAction,,GetDuration,direct,TGAction|TGObject,c_symbol
0x005e0370,swig_TGSoundAction_Create,swig,TGSoundAction,TGSoundAction,Create,swig_helper,TGAction|TGObject,swig_helper_synth
0x005e0490,swig_TGSoundAction_Play,swig,TGSoundAction,,Play,direct,TGAction|TGObject,c_symbol
0x005e0500,swig_TGSoundAction_Restart,swig,TGSoundAction,,Restart,direct,TGAction|TGObject,c_symbol
0x005e0580,swig_TGSoundAction_Completed,swig,TGSoundAction,,Completed,direct,TGAction|TGObject,c_symbol
0x005e05f0,swig_TGSoundAction_Skip,swig,TGSoundAction,,Skip,direct,TGAction|TGObject,c_symbol
0x005e0660,swig_TGSoundAction_SetPriority,swig,TGSoundAction,,SetPriority,direct,TGAction|TGObject,c_symbol
0x005e06e0,swig_TGSoundAction_SetNode,swig,TGSoundAction,,SetNode,direct,TGAction|TGObject,c_symbol
0x005e07b0,swig_TGAnimAction_Create,swig,TGAnimAction,TGAnimAction,Create,swig_helper,TGTimedAction|TGAction|TGObject,swig_helper_synth
0x005e08f0,swig_TGAnimAction_Play,swig,TGAnimAction,,Play,direct,TGTimedAction|TGAction|TGObject,c_symbol
0x005e0960,swig_TGAnimAction_Restart,swig,TGAnimAction,,Restart,direct,TGTimedAction|TGAction|TGObject,c_symbol
0x005e09e0,swig_TGAnimAction_Completed,swig,TGAnimAction,,Completed,direct,TGTimedAction|TGAction|TGObject,c_symbol
0x005e0a50,swig_TGAnimAction_Skip,swig,TGAnimAction,,Skip,direct,TGTimedAction|TGAction|TGObject,c_symbol
0x005e0ac0,swig_TGAnimPosition_Create,swig,TGAnimPosition,TGAnimPosition,Create,swig_helper,TGAction|TGObject,swig_helper_synth
0x005e0bb0,swig_TGAnimPosition_Play,swig,TGAnimPosition,,Play,direct,TGAction|TGObject,c_symbol
0x005e0c20,swig_TGCondition_Cast,swig,TGCondition,TGCondition,Cast,swig_helper,TGObject,swig_helper_synth
0x005e0c90,swig_TGCondition_GetStatus,swig,TGCondition,,GetStatus,direct,TGObject,c_symbol
0x005e0d10,swig_TGCondition_SetStatus,swig,TGCondition,,SetStatus,direct,TGObject,c_symbol
0x005e0d90,swig_TGCondition_AddHandler,swig,TGCondition,,AddHandler,direct,TGObject,c_symbol
0x005e0e30,swig_TGCondition_RemoveHandler,swig,TGCondition,,RemoveHandler,direct,TGObject,c_symbol
0x005e0ed0,swig_TGCondition_SetActive,swig,TGCondition,,SetActive,direct,TGObject,c_symbol
0x005e0f40,swig_TGCondition_SetInactive,swig,TGCondition,,SetInactive,direct,TGObject,c_symbol
0x005e0fb0,swig_TGCondition_IsActive,swig,TGCondition,,IsActive,direct,TGObject,c_symbol
0x005e1030,swig_TGConditionHandler_ConditionChanged,swig,TGConditionHandler,,ConditionChanged,direct,,c_symbol
0x005e10d0,swig_TGConditionHandler_AddCondition,swig,TGConditionHandler,,AddCondition,direct,,c_symbol
0x005e1170,swig_TGConditionHandler_RemoveCondition,swig,TGConditionHandler,,RemoveCondition,direct,,c_symbol
0x005e1210,swig_TGConditionAction_Create,swig,TGConditionAction,TGConditionAction,Create,swig_helper,TGAction|TGObject|TGConditionHandler,swig_helper_synth
0x005e1270,swig_TGConditionAction_Play,swig,TGConditionAction,,Play,direct,TGAction|TGObject|TGConditionHandler,c_symbol
0x005e12e0,swig_new_TGMessage,swig,TGMessage,TGMessage,new,swig_ctor,,swig_ctor_dtor
0x005e1340,swig_delete_TGMessage,swig,TGMessage,TGMessage,delete,swig_dtor,,swig_ctor_dtor
0x005e13b0,swig_TGMessage_Create,swig,TGMessage,TGMessage,Create,swig_helper,,swig_helper_synth
0x005e1410,swig_TGMessage_Serialize,swig,TGMessage,,Serialize,direct,,c_symbol
0x005e14d0,swig_TGMessage_UnSerialize,swig,TGMessage,,UnSerialize,direct_unmatched,,class_prefix
0x005e1550,swig_TGMessage_Merge,swig,TGMessage,,Merge,direct,,c_symbol
0x005e1600,swig_TGMessage_OverrideOldPackets,swig,TGMessage,,OverrideOldPackets,direct,,c_symbol
0x005e1680,swig_TGMessage_SetData,swig,TGMessage,,SetData,direct,,c_symbol
0x005e1740,swig_TGMessage_GetData,swig,TGMessage,,GetData,direct,,c_symbol
0x005e1800,swig_TGMessage_GetDataLength,swig,TGMessage,,GetDataLength,direct,,c_symbol
0x005e1860,swig_TGMessage_SetDataNoCopy,swig,TGMessage,,SetDataNoCopy,direct,,c_symbol
0x005e1920,swig_TGMessage_SetDataFromStream,swig,TGMessage,,SetDataFromStream,direct,,c_symbol
0x005e19c0,swig_TGMessage_SetGuaranteed,swig,TGMessage,,SetGuaranteed,direct,,c_symbol
0x005e1a40,swig_TGMessage_IsGuaranteed,swig,TGMessage,,IsGuaranteed,direct,,c_symbol
0x005e1ac0,swig_TGMessage_SetHighPriority,swig,TGMessage,,SetHighPriority,direct,,c_symbol
0x005e1b40,swig_TGMessage_IsHighPriority,swig,TGMessage,,IsHighPriority,direct,,c_symbol
0x005e1bc0,swig_TGMessage_GetFromID,swig,TGMessage,,GetFromID,direct,,c_symbol
0x005e1c20,swig_TGMessage_GetFromAddress,swig,TGMessage,,GetFromAddress,direct,,c_symbol
0x005e1c80,swig_TGMessage_SetFirstResendTime,swig,TGMessage,,SetFirstResendTime,direct,,c_symbol
0x005e1d00,swig_TGMessage_GetFirstResendTime,swig,TGMessage,,GetFirstResendTime,direct,,c_symbol
0x005e1d70,swig_TGMessage_SetBackoffType,swig,TGMessage,,SetBackoffType,direct,,c_symbol
0x005e1df0,swig_TGMessage_GetBackoffType,swig,TGMessage,,GetBackoffType,direct,,c_symbol
0x005e1e50,swig_TGMessage_SetBackoffFactor,swig,TGMessage,,SetBackoffFactor,direct,,c_symbol
0x005e1ed0,swig_TGMessage_GetBackoffFactor,swig,TGMessage,,GetBackoffFactor,direct,,c_symbol
0x005e1f40,swig_TGMessage_ReadyToResend,swig,TGMessage,,ReadyToResend,direct,,c_symbol
0x005e1fc0,swig_TGMessage_GetBufferSpaceRequired,swig,TGMessage,,GetBufferSpaceRequired,direct,,c_symbol
0x005e2020,swig_TGMessage_SetSequenceNumber,swig,TGMessage,,SetSequenceNumber,direct,,c_symbol
0x005e20a0,swig_TGMessage_GetSequenceNumber,swig,TGMessage,,GetSequenceNumber,direct,,c_symbol
0x005e2110,swig_TGMessage_SetFromID,swig,TGMessage,,SetFromID,direct,,c_symbol
0x005e2190,swig_TGMessage_SetFromAddress,swig,TGMessage,,SetFromAddress,direct,,c_symbol
0x005e2210,swig_TGMessage_SetToID,swig,TGMessage,,SetToID,direct,,c_symbol
0x005e2290,swig_TGMessage_GetToID,swig,TGMessage,,GetToID,direct,,c_symbol
0x005e22f0,swig_TGMessage_SetNumRetries,swig,TGMessage,,SetNumRetries,direct,,c_symbol
0x005e2370,swig_TGMessage_IncrementNumRetries,swig,TGMessage,,IncrementNumRetries,direct,,c_symbol
0x005e23e0,swig_TGMessage_GetNumRetries,swig,TGMessage,,GetNumRetries,direct,,c_symbol
0x005e2440,swig_TGMessage_SetBackoffTime,swig,TGMessage,,SetBackoffTime,direct,,c_symbol
0x005e24c0,swig_TGMessage_GetBackoffTime,swig,TGMessage,,GetBackoffTime,direct,,c_symbol
0x005e2530,swig_TGMessage_SetTimeStamp,swig,TGMessage,,SetTimeStamp,direct,,c_symbol
0x005e25b0,swig_TGMessage_GetTimeStamp,swig,TGMessage,,GetTimeStamp,direct,,c_symbol
0x005e2620,swig_TGMessage_SetFirstSendTime,swig,TGMessage,,SetFirstSendTime,direct,,c_symbol
0x005e26a0,swig_TGMessage_GetFirstSendTime,swig,TGMessage,,GetFirstSendTime,direct,,c_symbol
0x005e2710,swig_TGMessage_SetMultiPartSequenceNumber,swig,TGMessage,,SetMultiPartSequenceNumber,direct,,c_symbol
0x005e2790,swig_TGMessage_GetMultiPartSequenceNumber,swig,TGMessage,,GetMultiPartSequenceNumber,direct,,c_symbol
0x005e2810,swig_TGMessage_SetMultiPartCount,swig,TGMessage,,SetMultiPartCount,direct,,c_symbol
0x005e2890,swig_TGMessage_GetMultiPartCount,swig,TGMessage,,GetMultiPartCount,direct,,c_symbol
0x005e2910,swig_TGMessage_SetMultiPart,swig,TGMessage,,SetMultiPart,direct,,c_symbol
0x005e2990,swig_TGMessage_IsMultiPart,swig,TGMessage,,IsMultiPart,direct,,c_symbol
0x005e2a10,swig_TGMessage_SetAggregate,swig,TGMessage,,SetAggregate,direct,,c_symbol
0x005e2a90,swig_TGMessage_IsAggregate,swig,TGMessage,,IsAggregate,direct,,c_symbol
0x005e2b10,swig_TGMessage_Copy,swig,,TGMessage,Copy,python_wrapper,,python_class_method
0x005e2b80,swig_TGMessage_BreakUpMessage,swig,TGMessage,,BreakUpMessage,direct,,c_symbol
0x005e2c30,swig_TGMessage_GetBufferStream,swig,,TGMessage,GetBufferStream,python_wrapper,,python_class_method
0x005e2ca0,swig_new_TGPlayerList,swig,TGPlayerList,TGPlayerList,new,swig_ctor,,swig_ctor_dtor
0x005e2cf0,swig_delete_TGPlayerList,swig,TGPlayerList,TGPlayerList,delete,swig_dtor,,swig_ctor_dtor
0x005e2d60,swig_TGPlayerList_AddPlayer,swig,TGPlayerList,,AddPlayer,direct,,c_symbol
0x005e2ec0,swig_TGPlayerList_DeletePlayer,swig,TGPlayerList,,DeletePlayer,direct,,c_symbol
0x005e2fc0,swig_TGPlayerList_DeletePlayerAtIndex,swig,TGPlayerList,,DeletePlayerAtIndex,direct,,c_symbol
0x005e3090,swig_TGPlayerList_GetNumPlayers,swig,TGPlayerList,,GetNumPlayers,direct,,c_symbol
0x005e30f0,swig_TGPlayerList_GetPlayerAtIndex,swig,,TGPlayerList,GetPlayerAtIndex,python_wrapper,,python_class_method
0x005e3170,swig_TGPlayerList_GetPlayer,swig,,TGPlayerList,GetPlayer,python_wrapper,,python_class_method
0x005e3230,swig_TGPlayerList_GetPlayerFromAddress,swig,,TGPlayerList,GetPlayerFromAddress,python_wrapper,,python_class_method
0x005e32b0,swig_TGPlayerList_GetPlayerList,swig,TGPlayerList,,GetPlayerList,direct,,c_symbol
0x005e3320,swig_TGPlayerList_ChangePlayerNetID,swig,TGPlayerList,,ChangePlayerNetID,direct,,c_symbol
0x005e33b0,swig_TGPlayerList_DeleteAllPlayers,swig,TGPlayerList,,DeleteAllPlayers,direct,,c_symbol
0x005e3470,swig_TGPlayerList_DeletePlayerByAddress,swig,TGPlayerList,,DeletePlayerByAddress,direct,,c_symbol
0x005e34f0,swig_new_TGNetwork,swig,TGNetwork,TGNetwork,new,swig_ctor,TGEventHandlerObject|TGTemplatedAttrObject|TGAttrObject|TGObject,swig_ctor_dtor
0x005e3560,swig_delete_TGNetwork,swig,TGNetwork,TGNetwork,delete,swig_dtor,TGEventHandlerObject|TGTemplatedAttrObject|TGAttrObject|TGObject,swig_ctor_dtor
0x005e35d0,swig_TGNetwork_Update,swig,TGNetwork,,Update,direct,TGEventHandlerObject|TGTemplatedAttrObject|TGAttrObject|TGObject,c_symbol
0x005e3640,swig_TGNetwork_Connect,swig,TGNetwork,,Connect,direct,TGEventHandlerObject|TGTemplatedAttrObject|TGAttrObject|TGObject,c_symbol
0x005e3730,swig_TGNetwork_Disconnect,swig,TGNetwork,,Disconnect,direct,TGEventHandlerObject|TGTemplatedAttrObject|TGAttrObject|TGObject,c_symbol
0x005e3790,swig_TGNetwork_GetConnectStatus,swig,TGNetwork,,GetConnectStatus,direct,TGEventHandlerObject|TGTemplatedAttrObject|TGAttrObject|TGObject,c_symbol
0x005e37f0,swig_TGNetwork_CreateLocalPlayer,swig,TGNetwork,,CreateLocalPlayer,direct,TGEventHandlerObject|TGTemplatedAttrObject|TGAttrObject|TGObject,c_symbol
0x005e3890,swig_TGNetwork_DeleteLocalPlayer,swig,TGNetwork,,DeleteLocalPlayer,direct,TGEventHandlerObject|TGTemplatedAttrObject|TGAttrObject|TGObject,c_symbol
0x005e38f0,swig_TGNetwork_SetName,swig,TGNetwork,,SetName,direct,TGEventHandlerObject|TGTemplatedAttrObject|TGAttrObject|TGObject,c_symbol
0x005e3990,swig_TGNetwork_GetName,swig,,TGNetwork,GetName,python_wrapper,,python_class_method
0x005e3a00,swig_TGNetwork_GetCName,swig,TGNetwork,,GetCName,direct,TGEventHandlerObject|TGTemplatedAttrObject|TGAttrObject|TGObject,c_symbol
0x005e3a70,swig_TGNetwork_SendTGMessage,swig,TGNetwork,,SendTGMessage,direct,TGEventHandlerObject|TGTemplatedAttrObject|TGAttrObject|TGObject,c_symbol
0x005e3b20,swig_TGNetwork_SendTGMessageToGroup,swig,TGNetwork,,SendTGMessageToGroup,direct,TGEventHandlerObject|TGTemplatedAttrObject|TGAttrObject|TGObject,c_symbol
0x005e3c00,swig_TGNetwork_SetSendTimeout,swig,TGNetwork,,SetSendTimeout,direct,TGEventHandlerObject|TGTemplatedAttrObject|TGAttrObject|TGObject,c_symbol
0x005e3c70,swig_TGNetwork_SetConnectionTimeout,swig,TGNetwork,,SetConnectionTimeout,direct,TGEventHandlerObject|TGTemplatedAttrObject|TGAttrObject|TGObject,c_symbol
0x005e3cf0,swig_TGNetwork_GetNextMessage,swig,,TGNetwork,GetNextMessage,python_wrapper,,python_class_method
0x005e3d80,swig_TGNetwork_GetHostName,swig,,TGNetwork,GetHostName,python_wrapper,,python_class_method
0x005e3df0,swig_TGNetwork_GetHostID,swig,TGNetwork,,GetHostID,direct,TGEventHandlerObject|TGTemplatedAttrObject|TGAttrObject|TGObject,c_symbol
0x005e3e50,swig_TGNetwork_GetLocalID,swig,TGNetwork,,GetLocalID,direct,TGEventHandlerObject|TGTemplatedAttrObject|TGAttrObject|TGObject,c_symbol
0x005e3eb0,swig_TGNetwork_IsHost,swig,TGNetwork,,IsHost,direct,TGEventHandlerObject|TGTemplatedAttrObject|TGAttrObject|TGObject,c_symbol
0x005e3f30,swig_TGNetwork_GetNumPlayers,swig,TGNetwork,,GetNumPlayers,direct,TGEventHandlerObject|TGTemplatedAttrObject|TGAttrObject|TGObject,c_symbol
0x005e3f90,swig_TGNetwork_GetPlayerList,swig,,TGNetwork,GetPlayerList,python_wrapper,,python_class_method
0x005e4000,swig_TGNetwork_SetPassword,swig,TGNetwork,,SetPassword,direct,TGEventHandlerObject|TGTemplatedAttrObject|TGAttrObject|TGObject,c_symbol
0x005e40a0,swig_TGNetwork_GetPassword,swig,,TGNetwork,GetPassword,python_wrapper,,python_class_method
0x005e4110,swig_TGNetwork_GetLocalIPAddress,swig,TGNetwork,,GetLocalIPAddress,direct,TGEventHandlerObject|TGTemplatedAttrObject|TGAttrObject|TGObject,c_symbol
0x005e4180,swig_TGNetwork_SetEncryptor,swig,TGNetwork,,SetEncryptor,direct,TGEventHandlerObject|TGTemplatedAttrObject|TGAttrObject|TGObject,c_symbol
0x005e4220,swig_TGNetwork_GetEncryptor,swig,TGNetwork,,GetEncryptor,direct,TGEventHandlerObject|TGTemplatedAttrObject|TGAttrObject|TGObject,c_symbol
0x005e4290,swig_TGNetwork_GetGroup,swig,,TGNetwork,GetGroup,python_wrapper,,python_class_method
0x005e43e0,swig_TGNetwork_AddGroup,swig,TGNetwork,,AddGroup,direct,TGEventHandlerObject|TGTemplatedAttrObject|TGAttrObject|TGObject,c_symbol
0x005e4490,swig_TGNetwork_DeleteGroup,swig,TGNetwork,,DeleteGroup,direct,TGEventHandlerObject|TGTemplatedAttrObject|TGAttrObject|TGObject,c_symbol
0x005e4620,swig_TGNetwork_SetBootReason,swig,TGNetwork,,SetBootReason,direct,TGEventHandlerObject|TGTemplatedAttrObject|TGAttrObject|TGObject,c_symbol
0x005e46a0,swig_TGNetwork_GetBootReason,swig,TGNetwork,,GetBootReason,direct,TGEventHandlerObject|TGTemplatedAttrObject|TGAttrObject|TGObject,c_symbol
0x005e4700,swig_TGNetwork_EnableProfiling,swig,TGNetwork,,EnableProfiling,direct,TGEventHandlerObject|TGTemplatedAttrObject|TGAttrObject|TGObject,c_symbol
0x005e4790,swig_TGNetwork_GetIPPacketHeaderSize,swig,TGNetwork,,GetIPPacketHeaderSize,direct,TGEventHandlerObject|TGTemplatedAttrObject|TGAttrObject|TGObject,c_symbol
0x005e47f0,swig_TGNetwork_GetTimeElapsedSinceLastHostPing,swig,TGNetwork,,GetTimeElapsedSinceLastHostPing,direct,TGEventHandlerObject|TGTemplatedAttrObject|TGAttrObject|TGObject,c_symbol
0x005e4860,swig_TGNetwork_RegisterMessageType,swig,TGNetwork,,RegisterMessageType,direct_unmatched,TGEventHandlerObject|TGTemplatedAttrObject|TGAttrObject|TGObject,class_prefix
0x005e48e0,swig_TGNetwork_GetTGNetworkList,swig,TGNetwork,,GetTGNetworkList,direct_unmatched,TGEventHandlerObject|TGTemplatedAttrObject|TGAttrObject|TGObject,class_prefix
0x005e4910,swig_TGNetwork_RegisterHandlers,swig,TGNetwork,,RegisterHandlers,direct_unmatched,TGEventHandlerObject|TGTemplatedAttrObject|TGAttrObject|TGObject,class_prefix
0x005e4940,swig_TGNetwork_AddClassHandlers,swig,TGNetwork,,AddClassHandlers,direct_unmatched,TGEventHandlerObject|TGTemplatedAttrObject|TGAttrObject|TGObject,class_prefix
0x005e4970,swig_TGNetwork_ReceiveMessageHandler,swig,TGNetwork,,ReceiveMessageHandler,direct,TGEventHandlerObject|TGTemplatedAttrObject|TGAttrObject|TGObject,c_symbol
0x005e4a10,swig_new_TGWinsockNetwork,swig,TGWinsockNetwork,TGWinsockNetwork,new,swig_ctor,TGNetwork|TGEventHandlerObject|TGTemplatedAttrObject|TGAttrObject|TGObject,swig_ctor_dtor
0x005e4a80,swig_delete_TGWinsockNetwork,swig,TGWinsockNetwork,TGWinsockNetwork,delete,swig_dtor,TGNetwork|TGEventHandlerObject|TGTemplatedAttrObject|TGAttrObject|TGObject,swig_ctor_dtor
0x005e4af0,swig_TGWinsockNetwork_SetPortNumber,swig,TGWinsockNetwork,,SetPortNumber,direct,TGNetwork|TGEventHandlerObject|TGTemplatedAttrObject|TGAttrObject|TGObject,c_symbol
0x005e4b90,swig_TGWinsockNetwork_GetPortNumber,swig,TGWinsockNetwork,,GetPortNumber,direct,TGNetwork|TGEventHandlerObject|TGTemplatedAttrObject|TGAttrObject|TGObject,c_symbol
0x005e4bf0,swig_TGWinsockNetwork_GetLocalIPAddress,swig,TGWinsockNetwork,,GetLocalIPAddress,direct,TGNetwork|TGEventHandlerObject|TGTemplatedAttrObject|TGAttrObject|TGObject,c_symbol
0x005e4c60,swig_TGWinsockNetwork_GetIPPacketHeaderSize,swig,TGWinsockNetwork,,GetIPPacketHeaderSize,direct,TGNetwork|TGEventHandlerObject|TGTemplatedAttrObject|TGAttrObject|TGObject,c_symbol
0x005e4cc0,swig_TGWinsockNetwork_BanPlayerByIP,swig,TGWinsockNetwork,,BanPlayerByIP,direct_unmatched,TGNetwork|TGEventHandlerObject|TGTemplatedAttrObject|TGAttrObject|TGObject,class_prefix
0x005e4d00,swig_TGWinsockNetwork_BanPlayerByName,swig,TGWinsockNetwork,,BanPlayerByName,direct_unmatched,TGNetwork|TGEventHandlerObject|TGTemplatedAttrObject|TGAttrObject|TGObject,class_prefix
0x005e4d80,swig_new_TGNameChangeMessage,swig,TGNameChangeMessage,TGNameChangeMessage,new,swig_ctor,TGMessage,swig_ctor_dtor
0x005e4de0,swig_delete_TGNameChangeMessage,swig,TGNameChangeMessage,TGNameChangeMessage,delete,swig_dtor,TGMessage,swig_ctor_dtor
0x005e4e50,swig_TGNameChangeMessage_Serialize,swig,TGNameChangeMessage,,Serialize,direct,TGMessage,c_symbol
0x005e4f10,swig_TGNameChangeMessage_UnSerialize,swig,TGNameChangeMessage,,UnSerialize,direct_unmatched,TGMessage,class_prefix
0x005e4f90,swig_TGNameChangeMessage_GetBufferSpaceRequired,swig,TGNameChangeMessage,,GetBufferSpaceRequired,direct,TGMessage,c_symbol
0x005e4ff0,swig_TGNameChangeMessage_Copy,swig,,TGNameChangeMessage,Copy,python_wrapper,,python_class_method
0x005e5060,swig_new_TGAckMessage,swig,TGAckMessage,TGAckMessage,new,swig_ctor,TGMessage,swig_ctor_dtor
0x005e50c0,swig_delete_TGAckMessage,swig,TGAckMessage,TGAckMessage,delete,swig_dtor,TGMessage,swig_ctor_dtor
0x005e5130,swig_TGAckMessage_Serialize,swig,TGAckMessage,,Serialize,direct,TGMessage,c_symbol
0x005e51f0,swig_TGAckMessage_UnSerialize,swig,TGAckMessage,,UnSerialize,direct_unmatched,TGMessage,class_prefix
0x005e5270,swig_TGAckMessage_GetBufferSpaceRequired,swig,TGAckMessage,,GetBufferSpaceRequired,direct,TGMessage,c_symbol
0x005e52d0,swig_TGAckMessage_Copy,swig,,TGAckMessage,Copy,python_wrapper,,python_class_method
0x005e5340,swig_TGAckMessage_SetSystemMessage,swig,TGAckMessage,,SetSystemMessage,direct,TGMessage,c_symbol
0x005e53c0,swig_TGAckMessage_IsSystemMessage,swig,TGAckMessage,,IsSystemMessage,direct,TGMessage,c_symbol
0x005e5440,swig_new_TGDoNothingMessage,swig,TGDoNothingMessage,TGDoNothingMessage,new,swig_ctor,TGMessage,swig_ctor_dtor
0x005e54a0,swig_delete_TGDoNothingMessage,swig,TGDoNothingMessage,TGDoNothingMessage,delete,swig_dtor,TGMessage,swig_ctor_dtor
0x005e5510,swig_TGDoNothingMessage_Serialize,swig,TGDoNothingMessage,,Serialize,direct,TGMessage,c_symbol
0x005e55d0,swig_TGDoNothingMessage_UnSerialize,swig,TGDoNothingMessage,,UnSerialize,direct_unmatched,TGMessage,class_prefix
0x005e5650,swig_TGDoNothingMessage_GetBufferSpaceRequired,swig,TGDoNothingMessage,,GetBufferSpaceRequired,direct,TGMessage,c_symbol
0x005e56b0,swig_TGDoNothingMessage_Copy,swig,,TGDoNothingMessage,Copy,python_wrapper,,python_class_method
0x005e5720,swig_new_TGBootPlayerMessage,swig,TGBootPlayerMessage,TGBootPlayerMessage,new,swig_ctor,TGMessage,swig_ctor_dtor
0x005e5780,swig_delete_TGBootPlayerMessage,swig,TGBootPlayerMessage,TGBootPlayerMessage,delete,swig_dtor,TGMessage,swig_ctor_dtor
0x005e57f0,swig_TGBootPlayerMessage_Serialize,swig,TGBootPlayerMessage,,Serialize,direct,TGMessage,c_symbol
0x005e58b0,swig_TGBootPlayerMessage_UnSerialize,swig,TGBootPlayerMessage,,UnSerialize,direct_unmatched,TGMessage,class_prefix
0x005e5930,swig_TGBootPlayerMessage_SetBootReason,swig,TGBootPlayerMessage,,SetBootReason,direct,TGMessage,c_symbol
0x005e59b0,swig_TGBootPlayerMessage_GetBootReason,swig,TGBootPlayerMessage,,GetBootReason,direct,TGMessage,c_symbol
0x005e5a10,swig_TGBootPlayerMessage_GetBufferSpaceRequired,swig,TGBootPlayerMessage,,GetBufferSpaceRequired,direct,TGMessage,c_symbol
0x005e5a70,swig_TGBootPlayerMessage_Copy,swig,,TGBootPlayerMessage,Copy,python_wrapper,,python_class_method
0x005e5ae0,swig_new_TGConnectMessage,swig,TGConnectMessage,TGConnectMessage,new,swig_ctor,TGMessage,swig_ctor_dtor
0x005e5b40,swig_delete_TGConnectMessage,swig,TGConnectMessage,TGConnectMessage,delete,swig_dtor,TGMessage,swig_ctor_dtor
0x005e5bb0,swig_TGConnectMessage_Serialize,swig,TGConnectMessage,,Serialize,direct,TGMessage,c_symbol
0x005e5c70,swig_TGConnectMessage_UnSerialize,swig,TGConnectMessage,,UnSerialize,direct_unmatched,TGMessage,class_prefix
0x005e5cf0,swig_TGConnectMessage_GetBufferSpaceRequired,swig,TGConnectMessage,,GetBufferSpaceRequired,direct,TGMessage,c_symbol
0x005e5d50,swig_TGConnectMessage_Copy,swig,,TGConnectMessage,Copy,python_wrapper,,python_class_method
0x005e5dc0,swig_new_TGDisconnectMessage,swig,TGDisconnectMessage,TGDisconnectMessage,new,swig_ctor,TGMessage,swig_ctor_dtor
0x005e5e20,swig_delete_TGDisconnectMessage,swig,TGDisconnectMessage,TGDisconnectMessage,delete,swig_dtor,TGMessage,swig_ctor_dtor
0x005e5e90,swig_TGDisconnectMessage_Serialize,swig,TGDisconnectMessage,,Serialize,direct,TGMessage,c_symbol
0x005e5f50,swig_TGDisconnectMessage_UnSerialize,swig,TGDisconnectMessage,,UnSerialize,direct_unmatched,TGMessage,class_prefix
0x005e5fd0,swig_TGDisconnectMessage_GetBufferSpaceRequired,swig,TGDisconnectMessage,,GetBufferSpaceRequired,direct,TGMessage,c_symbol
0x005e6030,swig_TGDisconnectMessage_Copy,swig,,TGDisconnectMessage,Copy,python_wrapper,,python_class_method
0x005e60a0,swig_new_TGMessageEvent,swig,TGMessageEvent,TGMessageEvent,new,swig_ctor,TGEvent|TGObject,swig_ctor_dtor
0x005e6100,swig_delete_TGMessageEvent,swig,TGMessageEvent,TGMessageEvent,delete,swig_dtor,TGEvent|TGObject,swig_ctor_dtor
0x005e6170,swig_TGMessageEvent_Create,swig,TGMessageEvent,TGMessageEvent,Create,swig_helper,TGEvent|TGObject,swig_helper_synth
0x005e61d0,swig_TGMessageEvent_SetMessage,swig,TGMessageEvent,,SetMessage,direct,TGEvent|TGObject,c_symbol
0x005e6270,swig_TGMessageEvent_GetMessage,swig,,TGMessageEvent,GetMessage,python_wrapper,,python_class_method
0x005e62e0,swig_new_TGPlayerEvent,swig,TGPlayerEvent,TGPlayerEvent,new,swig_ctor,TGEvent|TGObject,swig_ctor_dtor
0x005e6340,swig_delete_TGPlayerEvent,swig,TGPlayerEvent,TGPlayerEvent,delete,swig_dtor,TGEvent|TGObject,swig_ctor_dtor
0x005e63b0,swig_TGPlayerEvent_Create,swig,TGPlayerEvent,TGPlayerEvent,Create,swig_helper,TGEvent|TGObject,swig_helper_synth
0x005e6410,swig_TGPlayerEvent_SetPlayerID,swig,TGPlayerEvent,,SetPlayerID,direct,TGEvent|TGObject,c_symbol
0x005e6490,swig_TGPlayerEvent_GetPlayerID,swig,TGPlayerEvent,,GetPlayerID,direct,TGEvent|TGObject,c_symbol
0x005e64f0,swig_TGGroupPlayer_m_iNetID_set,swig,TGGroupPlayer,TGGroupPlayer,m_iNetID,swig_field_accessor,,swig_accessor
0x005e6570,swig_TGGroupPlayer_m_iNetID_get,swig,TGGroupPlayer,TGGroupPlayer,m_iNetID,swig_field_accessor,,swig_accessor
0x005e65d0,swig_new_TGNetGroup,swig,TGNetGroup,TGNetGroup,new,swig_ctor,,swig_ctor_dtor
0x005e66f0,swig_delete_TGNetGroup,swig,TGNetGroup,TGNetGroup,delete,swig_dtor,,swig_ctor_dtor
0x005e6760,swig_TGNetGroup_Copy,swig,,TGNetGroup,Copy,python_wrapper,,python_class_method
0x005e6960,swig_TGNetGroup_SetName,swig,TGNetGroup,,SetName,direct,,c_symbol
0x005e6a70,swig_TGNetGroup_GetName,swig,TGNetGroup,,GetName,direct,,c_symbol
0x005e6ae0,swig_TGNetGroup_GetPlayerList,swig,TGNetGroup,,GetPlayerList,direct,,c_symbol
0x005e6b50,swig_TGNetGroup_Validate,swig,TGNetGroup,,Validate,direct,,c_symbol
0x005e6d00,swig_TGNetGroup_AddPlayerToGroup,swig,TGNetGroup,,AddPlayerToGroup,direct,,c_symbol
0x005e6e40,swig_TGNetGroup_DeletePlayerFromGroup,swig,TGNetGroup,,DeletePlayerFromGroup,direct,,c_symbol
0x005e6f30,swig_TGNetGroup_IsPlayerInGroup,swig,TGNetGroup,,IsPlayerInGroup,direct,,c_symbol
0x005e6ff0,swig_new_TGNetPlayer,swig,TGNetPlayer,TGNetPlayer,new,swig_ctor,,swig_ctor_dtor
0x005e7050,swig_delete_TGNetPlayer,swig,TGNetPlayer,TGNetPlayer,delete,swig_dtor,,swig_ctor_dtor
0x005e70c0,swig_TGNetPlayer_SetName,swig,TGNetPlayer,,SetName,direct,,c_symbol
0x005e7160,swig_TGNetPlayer_GetName,swig,,TGNetPlayer,GetName,python_wrapper,,python_class_method
0x005e71d0,swig_TGNetPlayer_SetNetID,swig,TGNetPlayer,,SetNetID,direct,,c_symbol
0x005e7250,swig_TGNetPlayer_GetNetID,swig,TGNetPlayer,,GetNetID,direct,,c_symbol
0x005e72b0,swig_TGNetPlayer_SetNetAddress,swig,TGNetPlayer,,SetNetAddress,direct,,c_symbol
0x005e7330,swig_TGNetPlayer_GetNetAddress,swig,TGNetPlayer,,GetNetAddress,direct,,c_symbol
0x005e7390,swig_TGNetPlayer_SetDisconnected,swig,TGNetPlayer,,SetDisconnected,direct,,c_symbol
0x005e7410,swig_TGNetPlayer_IsDisconnected,swig,TGNetPlayer,,IsDisconnected,direct,,c_symbol
0x005e7490,swig_TGNetPlayer_SetConnectUID,swig,TGNetPlayer,,SetConnectUID,direct,,c_symbol
0x005e7510,swig_TGNetPlayer_GetConnectUID,swig,TGNetPlayer,,GetConnectUID,direct,,c_symbol
0x005e7570,swig_TGNetPlayer_SetConnectAddress,swig,TGNetPlayer,,SetConnectAddress,direct,,c_symbol
0x005e75f0,swig_TGNetPlayer_GetConnectAddress,swig,TGNetPlayer,,GetConnectAddress,direct,,c_symbol
0x005e7650,swig_TGNetPlayer_Copy,swig,,TGNetPlayer,Copy,python_wrapper,,python_class_method
0x005e76c0,swig_TGNetPlayer_GetBytesPerSecondTo,swig,TGNetPlayer,,GetBytesPerSecondTo,direct,,c_symbol
0x005e7720,swig_TGNetPlayer_GetBytesPerSecondFrom,swig,TGNetPlayer,,GetBytesPerSecondFrom,direct,,c_symbol
0x005e7780,swig_TGNetPlayer_Compare,swig,TGNetPlayer,,Compare,direct,,c_symbol
0x005e7820,swig_TGMovieAction_Create,swig,TGMovieAction,TGMovieAction,Create,swig_helper,TGAction|TGObject,swig_helper_synth
0x005e7950,swig_TGMovieAction_Play,swig,TGMovieAction,,Play,direct,TGAction|TGObject,c_symbol
0x005e79c0,swig_TGMovieAction_Skip,swig,TGMovieAction,,Skip,direct,TGAction|TGObject,c_symbol
0x005e7a30,swig_TGMovieAction_Completed,swig,TGMovieAction,,Completed,direct,TGAction|TGObject,c_symbol
0x005e7aa0,swig_TGMovieAction_SetOffset,swig,TGMovieAction,,SetOffset,direct,TGAction|TGObject,c_symbol
0x005e7b30,swig_TGMovieAction_GetOffsetX,swig,TGMovieAction,,GetOffsetX,direct,TGAction|TGObject,c_symbol
0x005e7ba0,swig_TGMovieAction_GetOffsetY,swig,TGMovieAction,,GetOffsetY,direct,TGAction|TGObject,c_symbol
0x005e7c10,swig_TGMovieAction_Repeats,swig,TGMovieAction,,Repeats,direct,TGAction|TGObject,c_symbol
0x005e7c90,swig_TGMovieAction_AddFrameAction,swig,TGMovieAction,,AddFrameAction,direct,TGAction|TGObject,c_symbol
0x005e7d60,swig_TGMovieAction_DeleteFrameAction,swig,TGMovieAction,,DeleteFrameAction,direct,TGAction|TGObject,c_symbol
0x005e7de0,swig_TGCreditAction_Create,swig,TGCreditAction,TGCreditAction,Create,swig_helper,TGTimedAction|TGAction|TGObject,swig_helper_synth
0x005e7f70,swig_TGCreditAction_CreateSTR,swig,TGCreditAction,,CreateSTR,direct_unmatched,TGTimedAction|TGAction|TGObject,class_prefix
0x005e8170,swig_new_TGCreditAction,swig,TGCreditAction,TGCreditAction,new,swig_ctor,TGTimedAction|TGAction|TGObject,swig_ctor_dtor
0x005e82e0,swig_delete_TGCreditAction,swig,TGCreditAction,TGCreditAction,delete,swig_dtor,TGTimedAction|TGAction|TGObject,swig_ctor_dtor
0x005e8350,swig_TGCreditAction_SetDefaultColor,swig,TGCreditAction,,SetDefaultColor,direct_unmatched,TGTimedAction|TGAction|TGObject,class_prefix
0x005e83e0,swig_TGCreditAction_SetColor,swig,TGCreditAction,,SetColor,direct,TGTimedAction|TGAction|TGObject,c_symbol
0x005e84a0,swig_TGCreditAction_Play,swig,TGCreditAction,,Play,direct,TGTimedAction|TGAction|TGObject,c_symbol
0x005e8510,swig_TGMovieManager_IsAnyPlaying,swig,TGMovieManager,,IsAnyPlaying,direct,,c_symbol
0x005e8590,swig_TGMovieManager_PlayNextFrame,swig,TGMovieManager,,PlayNextFrame,direct,,c_symbol
0x005e8600,swig_TGMovieManager_SwitchToMovieMode,swig,TGMovieManager,,SwitchToMovieMode,direct,,c_symbol
0x005e8670,swig_TGMovieManager_SwitchOutOfMovieMode,swig,TGMovieManager,,SwitchOutOfMovieMode,direct,,c_symbol
0x005e86e0,swig_TGMovieManager_SetMovieVolume,swig,TGMovieManager,,SetMovieVolume,direct,,c_symbol
0x005e8760,swig_TGMovieManager_LoadForcedMovie,swig,TGMovieManager,,LoadForcedMovie,direct,,c_symbol
0x005e8820,swig_TGGeomUtils_LineSphereIntersection,swig,TGGeomUtils,,LineSphereIntersection,direct_unmatched,,class_prefix
0x005e8960,swig_TGGeomUtils_CalcAngularDifferenceSingle,swig,TGGeomUtils,,CalcAngularDifferenceSingle,direct_unmatched,,class_prefix
0x005e8b80,swig_UtopiaModule_RenderDefaultCamera,swig,UtopiaModule,,RenderDefaultCamera,direct,,c_symbol
0x005e8bf0,swig_UtopiaModule_GetCamera,swig,,UtopiaModule,GetCamera,python_wrapper,,python_class_method
0x005e8c60,swig_UtopiaModule_GetGameTime,swig,UtopiaModule,,GetGameTime,direct,,c_symbol
0x005e8cd0,swig_UtopiaModule_SetGameTime,swig,UtopiaModule,,SetGameTime,direct,,c_symbol
0x005e8d50,swig_UtopiaModule_GetRealTime,swig,UtopiaModule,,GetRealTime,direct,,c_symbol
0x005e8dc0,swig_UtopiaModule_IsGamePaused,swig,UtopiaModule,,IsGamePaused,direct,,c_symbol
0x005e8e50,swig_UtopiaModule_SetTimeRate,swig,UtopiaModule,,SetTimeRate,direct,,c_symbol
0x005e8ed0,swig_UtopiaModule_SetTimeScale,swig,UtopiaModule,,SetTimeScale,direct,,c_symbol
0x005e8f50,swig_UtopiaModule_IsDirectStart,swig,UtopiaModule,,IsDirectStart,direct,,c_symbol
0x005e8fd0,swig_UtopiaModule_Pause,swig,UtopiaModule,,Pause,direct,,c_symbol
0x005e9050,swig_UtopiaModule_ForceUnpause,swig,UtopiaModule,,ForceUnpause,direct,,c_symbol
0x005e90d0,swig_UtopiaModule_LoadEpisodeSounds,swig,UtopiaModule,,LoadEpisodeSounds,direct,,c_symbol
0x005e91d0,swig_UtopiaModule_CDCheck,swig,UtopiaModule,,CDCheck,direct,,c_symbol
0x005e92a0,swig_UtopiaModule_SaveToFile,swig,UtopiaModule,,SaveToFile,direct,,c_symbol
0x005e9360,swig_UtopiaModule_LoadFromFile,swig,UtopiaModule,,LoadFromFile,direct,,c_symbol
0x005e9420,swig_UtopiaModule_SetLoadFromFileName,swig,UtopiaModule,,SetLoadFromFileName,direct,,c_symbol
0x005e94e0,swig_UtopiaModule_SetInternalLoadFileName,swig,UtopiaModule,,SetInternalLoadFileName,direct,,c_symbol
0x005e95a0,swig_UtopiaModule_GetSaveFilename,swig,UtopiaModule,,GetSaveFilename,direct,,c_symbol
0x005e9610,swig_UtopiaModule_GetLoadFilename,swig,UtopiaModule,,GetLoadFilename,direct,,c_symbol
0x005e9680,swig_UtopiaModule_SaveMissionState,swig,UtopiaModule,,SaveMissionState,direct,,c_symbol
0x005e9740,swig_UtopiaModule_LoadMissionState,swig,UtopiaModule,,LoadMissionState,direct,,c_symbol
0x005e9800,swig_UtopiaModule_GetNextEventType,swig,UtopiaModule,,GetNextEventType,direct_unmatched,,class_prefix
0x005e9830,swig_UtopiaModule_SetIsClient,swig,UtopiaModule,,SetIsClient,direct,,c_symbol
0x005e98b0,swig_UtopiaModule_IsClient,swig,UtopiaModule,,IsClient,direct,,c_symbol
0x005e9930,swig_UtopiaModule_SetMultiplayer,swig,UtopiaModule,,SetMultiplayer,direct,,c_symbol
0x005e99b0,swig_UtopiaModule_IsMultiplayer,swig,UtopiaModule,,IsMultiplayer,direct,,c_symbol
0x005e9a30,swig_UtopiaModule_SetIsHost,swig,UtopiaModule,,SetIsHost,direct,,c_symbol
0x005e9ab0,swig_UtopiaModule_IsHost,swig,UtopiaModule,,IsHost,direct,,c_symbol
0x005e9b30,swig_UtopiaModule_DetermineModemConnection,swig,UtopiaModule,,DetermineModemConnection,direct,,c_symbol
0x005e9bb0,swig_UtopiaModule_IsModemConnection,swig,UtopiaModule,,IsModemConnection,direct,,c_symbol
0x005e9c30,swig_UtopiaModule_SetProcessingPackets,swig,UtopiaModule,,SetProcessingPackets,direct,,c_symbol
0x005e9cb0,swig_UtopiaModule_IsProcessingPackets,swig,UtopiaModule,,IsProcessingPackets,direct,,c_symbol
0x005e9d30,swig_UtopiaModule_SetPlayerNumber,swig,UtopiaModule,,SetPlayerNumber,direct,,c_symbol
0x005e9db0,swig_UtopiaModule_GetPlayerNumber,swig,UtopiaModule,,GetPlayerNumber,direct,,c_symbol
0x005e9e10,swig_UtopiaModule_GetGameVersion,swig,UtopiaModule,,GetGameVersion,direct_unmatched,,class_prefix
0x005e9e40,swig_UtopiaModule_SetCaptainName,swig,UtopiaModule,,SetCaptainName,direct,,c_symbol
0x005e9ef0,swig_UtopiaModule_GetCaptainName,swig,,UtopiaModule,GetCaptainName,python_wrapper,,python_class_method
0x005ea0b0,swig_UtopiaModule_IsLoading,swig,UtopiaModule,,IsLoading,direct,,c_symbol
0x005ea130,swig_UtopiaModule_InitializeNetwork,swig,UtopiaModule,,InitializeNetwork,direct,,c_symbol
0x005ea220,swig_UtopiaModule_TerminateNetwork,swig,UtopiaModule,,TerminateNetwork,direct,,c_symbol
0x005ea290,swig_UtopiaModule_GetNetwork,swig,,UtopiaModule,GetNetwork,python_wrapper,,python_class_method
0x005ea300,swig_UtopiaModule_CreateGameSpy,swig,UtopiaModule,,CreateGameSpy,direct,,c_symbol
0x005ea370,swig_UtopiaModule_GetGameSpy,swig,,UtopiaModule,GetGameSpy,python_wrapper,,python_class_method
0x005ea3e0,swig_UtopiaModule_TerminateGameSpy,swig,UtopiaModule,,TerminateGameSpy,direct,,c_symbol
0x005ea450,swig_UtopiaModule_SetUnusedClientID,swig,UtopiaModule,,SetUnusedClientID,direct,,c_symbol
0x005ea4d0,swig_UtopiaModule_GetUnusedClientID,swig,UtopiaModule,,GetUnusedClientID,direct,,c_symbol
0x005ea530,swig_UtopiaModule_IncrementClientID,swig,UtopiaModule,,IncrementClientID,direct,,c_symbol
0x005ea5a0,swig_UtopiaModule_SetIgnoreClientIDForObjectCreation,swig,UtopiaModule,,SetIgnoreClientIDForObjectCreation,direct,,c_symbol
0x005ea620,swig_UtopiaModule_IsIgnoreClientIDForObjectCreation,swig,UtopiaModule,,IsIgnoreClientIDForObjectCreation,direct,,c_symbol
0x005ea6a0,swig_UtopiaModule_SetMaxTorpedoLoad,swig,UtopiaModule,,SetMaxTorpedoLoad,direct,,c_symbol
0x005ea720,swig_UtopiaModule_GetMaxTorpedoLoad,swig,UtopiaModule,,GetMaxTorpedoLoad,direct,,c_symbol
0x005ea790,swig_UtopiaModule_SetCurrentStarbaseTorpedoLoad,swig,UtopiaModule,,SetCurrentStarbaseTorpedoLoad,direct,,c_symbol
0x005ea810,swig_UtopiaModule_GetCurrentStarbaseTorpedoLoad,swig,UtopiaModule,,GetCurrentStarbaseTorpedoLoad,direct,,c_symbol
0x005ea880,swig_UtopiaModule_SetGameName,swig,UtopiaModule,,SetGameName,direct,,c_symbol
0x005ea940,swig_UtopiaModule_SetGamePath,swig,UtopiaModule,,SetGamePath,direct,,c_symbol
0x005eaa00,swig_UtopiaModule_SetDataPath,swig,UtopiaModule,,SetDataPath,direct,,c_symbol
0x005eaac0,swig_UtopiaModule_GetGameName,swig,UtopiaModule,,GetGameName,direct,,c_symbol
0x005eab30,swig_UtopiaModule_GetGamePath,swig,UtopiaModule,,GetGamePath,direct,,c_symbol
0x005eaba0,swig_UtopiaModule_GetDataPath,swig,UtopiaModule,,GetDataPath,direct,,c_symbol
0x005eac10,swig_UtopiaModule_GetFriendlyFireTolerance,swig,UtopiaModule,,GetFriendlyFireTolerance,direct,,c_symbol
0x005eac80,swig_UtopiaModule_SetMaxFriendlyFire,swig,UtopiaModule,,SetMaxFriendlyFire,direct,,c_symbol
0x005ead00,swig_UtopiaModule_GetCurrentFriendlyFire,swig,UtopiaModule,,GetCurrentFriendlyFire,direct,,c_symbol
0x005ead70,swig_UtopiaModule_SetCurrentFriendlyFire,swig,UtopiaModule,,SetCurrentFriendlyFire,direct,,c_symbol
0x005eadf0,swig_UtopiaModule_GetFriendlyFireWarningPoints,swig,UtopiaModule,,GetFriendlyFireWarningPoints,direct,,c_symbol
0x005eae60,swig_UtopiaModule_SetFriendlyFireWarningPoints,swig,UtopiaModule,,SetFriendlyFireWarningPoints,direct,,c_symbol
0x005eaee0,swig_UtopiaModule_GetFriendlyTractorTime,swig,UtopiaModule,,GetFriendlyTractorTime,direct,,c_symbol
0x005eaf50,swig_UtopiaModule_SetFriendlyTractorTime,swig,UtopiaModule,,SetFriendlyTractorTime,direct,,c_symbol
0x005eafd0,swig_UtopiaModule_GetFriendlyTractorWarning,swig,UtopiaModule,,GetFriendlyTractorWarning,direct,,c_symbol
0x005eb040,swig_UtopiaModule_SetFriendlyTractorWarning,swig,UtopiaModule,,SetFriendlyTractorWarning,direct,,c_symbol
0x005eb0c0,swig_UtopiaModule_GetMaxFriendlyTractorTime,swig,UtopiaModule,,GetMaxFriendlyTractorTime,direct,,c_symbol
0x005eb130,swig_UtopiaModule_SetMaxFriendlyTractorTime,swig,UtopiaModule,,SetMaxFriendlyTractorTime,direct,,c_symbol
0x005eb1b0,swig_UtopiaModule_GetTestMenuState,swig,UtopiaModule,,GetTestMenuState,direct,,c_symbol
0x005eb220,swig_UtopiaModule_ConvertGameUnitsToKilometers,swig,UtopiaModule,,ConvertGameUnitsToKilometers,direct_unmatched,,class_prefix
0x005eb260,swig_UtopiaModule_ConvertKilometersToGameUnits,swig,UtopiaModule,,ConvertKilometersToGameUnits,direct_unmatched,,class_prefix
0x005eb2a0,swig_UtopiaModule_SetGameUnitConversionFactor,swig,UtopiaModule,,SetGameUnitConversionFactor,direct_unmatched,,class_prefix
0x005eb2e0,swig_new_UtopiaApp,swig,UtopiaApp,UtopiaApp,new,swig_ctor,,swig_ctor_dtor
0x005eb340,swig_UtopiaApp_IsFullscreen,swig,UtopiaApp,,IsFullscreen,direct,,c_symbol
0x005eb3c0,swig_UtopiaApp_GetWidth,swig,UtopiaApp,,GetWidth,direct,,c_symbol
0x005eb420,swig_UtopiaApp_GetHeight,swig,UtopiaApp,,GetHeight,direct,,c_symbol
0x005eb480,swig_UtopiaApp_GetBitDepth,swig,UtopiaApp,,GetBitDepth,direct,,c_symbol
0x005eb4e0,swig_UtopiaApp_GetDeviceDesc,swig,UtopiaApp,,GetDeviceDesc,direct,,c_symbol
0x005eb550,swig_UtopiaApp_IsDirectStart,swig,UtopiaApp,,IsDirectStart,direct,,c_symbol
0x005eb5d0,swig_UtopiaApp_GetTestMenuState,swig,UtopiaApp,,GetTestMenuState,direct,,c_symbol
0x005eb630,swig_UtopiaApp_SetTestMenuState,swig,UtopiaApp,,SetTestMenuState,direct,,c_symbol
0x005eb6b0,swig_UtopiaApp_GetApp,swig,UtopiaApp,,GetApp,direct_unmatched,,class_prefix
0x005eb6e0,swig_UtopiaApp_SetFrameRate,swig,UtopiaApp,,SetFrameRate,direct,,c_symbol
0x005eb790,swig_new_TGMatrix3,swig,TGMatrix3,TGMatrix3,new,swig_ctor,NiMatrix3,swig_ctor_dtor
0x005eb7c0,swig_delete_TGMatrix3,swig,TGMatrix3,TGMatrix3,delete,swig_dtor,NiMatrix3,swig_ctor_dtor
0x005eb830,swig_TGMatrix3_GetRow,swig,TGMatrix3,,GetRow,direct,NiMatrix3,c_symbol
0x005eb8f0,swig_TGMatrix3_SetRow,swig,TGMatrix3,,SetRow,direct,NiMatrix3,c_symbol
0x005eb9b0,swig_TGMatrix3_GetCol,swig,TGMatrix3,,GetCol,direct,NiMatrix3,c_symbol
0x005eba70,swig_TGMatrix3_SetCol,swig,TGMatrix3,,SetCol,direct,NiMatrix3,c_symbol
0x005ebb30,swig_TGMatrix3_GetEntry,swig,TGMatrix3,,GetEntry,direct,NiMatrix3,c_symbol
0x005ebbb0,swig_TGMatrix3_SetEntry,swig,TGMatrix3,,SetEntry,direct,NiMatrix3,c_symbol
0x005ebc40,swig_TGMatrix3_MakeZero,swig,TGMatrix3,,MakeZero,direct,NiMatrix3,c_symbol
0x005ebcb0,swig_TGMatrix3_MakeIdentity,swig,TGMatrix3,,MakeIdentity,direct,NiMatrix3,c_symbol
0x005ebd20,swig_TGMatrix3_MakeDiagonal,swig,TGMatrix3,,MakeDiagonal,direct,NiMatrix3,c_symbol
0x005ebdb0,swig_TGMatrix3_MakeXRotation,swig,TGMatrix3,,MakeXRotation,direct,NiMatrix3,c_symbol
0x005ebe30,swig_TGMatrix3_MakeYRotation,swig,TGMatrix3,,MakeYRotation,direct,NiMatrix3,c_symbol
0x005ebeb0,swig_TGMatrix3_MakeZRotation,swig,TGMatrix3,,MakeZRotation,direct,NiMatrix3,c_symbol
0x005ebf30,swig_TGMatrix3_MakeRotation,swig,TGMatrix3,,MakeRotation,direct,NiMatrix3,c_symbol
0x005ebfe0,swig_TGMatrix3_Set,swig,TGMatrix3,,Set,direct,NiMatrix3,c_symbol
0x005ec080,swig_TGMatrix3_Inverse,swig,,TGMatrix3,Inverse,python_wrapper,,python_class_method
0x005ec110,swig_TGMatrix3_Transpose,swig,,TGMatrix3,Transpose,python_wrapper,,python_class_method
0x005ec1a0,swig_TGMatrix3_ExtractAngleAndAxis,swig,TGMatrix3,,ExtractAngleAndAxis,direct,NiMatrix3,c_symbol
0x005ec2e0,swig_TGMatrix3_MultMatrix,swig,,TGMatrix3,MultMatrix,python_wrapper,,python_class_method
0x005ec3d0,swig_TGMatrix3_MultMatrixLeft,swig,,TGMatrix3,MultMatrixLeft,python_wrapper,,python_class_method
0x005ec4a0,TGMatrix3_MultMatrixLeft,engine_internal,,,,,,
0x005ec4c0,swig_TGMatrix3_ToEulerAnglesXYZ,swig,TGMatrix3,,ToEulerAnglesXYZ,direct,NiMatrix3,c_symbol
0x005ec5d0,swig_TGMatrix3_ToEulerAnglesXZY,swig,TGMatrix3,,ToEulerAnglesXZY,direct,NiMatrix3,c_symbol
0x005ec6e0,swig_TGMatrix3_ToEulerAnglesYXZ,swig,TGMatrix3,,ToEulerAnglesYXZ,direct,NiMatrix3,c_symbol
0x005ec7f0,swig_TGMatrix3_ToEulerAnglesYZX,swig,TGMatrix3,,ToEulerAnglesYZX,direct,NiMatrix3,c_symbol
0x005ec900,swig_TGMatrix3_ToEulerAnglesZXY,swig,TGMatrix3,,ToEulerAnglesZXY,direct,NiMatrix3,c_symbol
0x005eca10,swig_TGMatrix3_ToEulerAnglesZYX,swig,TGMatrix3,,ToEulerAnglesZYX,direct,NiMatrix3,c_symbol
0x005ecb20,swig_TGMatrix3_FromEulerAnglesXYZ,swig,TGMatrix3,,FromEulerAnglesXYZ,direct,NiMatrix3,c_symbol
0x005ecbb0,swig_TGMatrix3_FromEulerAnglesXZY,swig,TGMatrix3,,FromEulerAnglesXZY,direct,NiMatrix3,c_symbol
0x005ecc40,swig_TGMatrix3_FromEulerAnglesYXZ,swig,TGMatrix3,,FromEulerAnglesYXZ,direct,NiMatrix3,c_symbol
0x005eccd0,swig_TGMatrix3_FromEulerAnglesYZX,swig,TGMatrix3,,FromEulerAnglesYZX,direct,NiMatrix3,c_symbol
0x005ecd60,swig_TGMatrix3_FromEulerAnglesZXY,swig,TGMatrix3,,FromEulerAnglesZXY,direct,NiMatrix3,c_symbol
0x005ecdf0,swig_TGMatrix3_FromEulerAnglesZYX,swig,TGMatrix3,,FromEulerAnglesZYX,direct,NiMatrix3,c_symbol
0x005ece80,swig_TGMatrix3_Reorthogonalize,swig,TGMatrix3,,Reorthogonalize,direct,NiMatrix3,c_symbol
0x005ecf00,swig_TGMatrix3_TransposeTimes,swig,,TGMatrix3,TransposeTimes,python_wrapper,,python_class_method
0x005ecfd0,swig_TGMatrix3_Congruence,swig,,TGMatrix3,Congruence,python_wrapper,,python_class_method
0x005ed0a0,swig_TGMatrix3_TransformVertices,swig,TGMatrix3,,TransformVertices,direct_unmatched,NiMatrix3,class_prefix
0x005ed1c0,swig_TGMatrix3_TransformNormals,swig,TGMatrix3,,TransformNormals,direct_unmatched,NiMatrix3,class_prefix
0x005ed2b0,swig_TGMatrix3_TransformVerticesAndNormals,swig,TGMatrix3,,TransformVerticesAndNormals,direct_unmatched,NiMatrix3,class_prefix
0x005ed430,swig_TGMatrix3_EigenSolveSymmetric,swig,TGMatrix3,,EigenSolveSymmetric,direct,NiMatrix3,c_symbol
0x005ed510,swig_new_TGPoint3,swig,TGPoint3,TGPoint3,new,swig_ctor,NiPoint3,swig_ctor_dtor
0x005ed540,swig_delete_TGPoint3,swig,TGPoint3,TGPoint3,delete,swig_dtor,NiPoint3,swig_ctor_dtor
0x005ed5b0,swig_TGPoint3_GetRandomUnitVector,swig,TGPoint3,,GetRandomUnitVector,direct_unmatched,NiPoint3,class_prefix
0x005ed610,swig_TGPoint3_GetModelForward,swig,TGPoint3,,GetModelForward,direct_unmatched,NiPoint3,class_prefix
0x005ed670,swig_TGPoint3_GetModelBackward,swig,TGPoint3,,GetModelBackward,direct_unmatched,NiPoint3,class_prefix
0x005ed700,swig_TGPoint3_GetModelUp,swig,TGPoint3,,GetModelUp,direct_unmatched,NiPoint3,class_prefix
0x005ed760,swig_TGPoint3_GetModelDown,swig,TGPoint3,,GetModelDown,direct_unmatched,NiPoint3,class_prefix
0x005ed7f0,swig_TGPoint3_GetModelRight,swig,TGPoint3,,GetModelRight,direct_unmatched,NiPoint3,class_prefix
0x005ed850,swig_TGPoint3_GetModelLeft,swig,TGPoint3,,GetModelLeft,direct_unmatched,NiPoint3,class_prefix
0x005ed8e0,swig_TGPoint3_Cross,swig,,TGPoint3,Cross,python_wrapper,,python_class_method
0x005ed9b0,swig_TGPoint3_UnitCross,swig,,TGPoint3,UnitCross,python_wrapper,,python_class_method
0x005eda80,swig_TGPoint3_GetX,swig,TGPoint3,,GetX,direct,NiPoint3,c_symbol
0x005edae0,swig_TGPoint3_GetY,swig,TGPoint3,,GetY,direct,NiPoint3,c_symbol
0x005edb50,swig_TGPoint3_GetZ,swig,TGPoint3,,GetZ,direct,NiPoint3,c_symbol
0x005edbc0,swig_TGPoint3_SetX,swig,TGPoint3,,SetX,direct,NiPoint3,c_symbol
0x005edc40,swig_TGPoint3_SetY,swig,TGPoint3,,SetY,direct,NiPoint3,c_symbol
0x005edcc0,swig_TGPoint3_SetZ,swig,TGPoint3,,SetZ,direct,NiPoint3,c_symbol
0x005edd40,swig_TGPoint3_SetXYZ,swig,TGPoint3,,SetXYZ,direct,NiPoint3,c_symbol
0x005eddd0,swig_TGPoint3_GetAlignedComponent,swig,,TGPoint3,GetAlignedComponent,python_wrapper,,python_class_method
0x005edea0,swig_TGPoint3_GetPerpendicularComponent,swig,,TGPoint3,GetPerpendicularComponent,python_wrapper,,python_class_method
0x005edf70,swig_TGPoint3_MultMatrix,swig,TGPoint3,,MultMatrix,direct,NiPoint3,c_symbol
0x005ee010,swig_TGPoint3_MultMatrixLeft,swig,TGPoint3,,MultMatrixLeft,direct,NiPoint3,c_symbol
0x005ee0b0,swig_TGPoint3_Add,swig,TGPoint3,,Add,direct,NiPoint3,c_symbol
0x005ee160,swig_TGPoint3_Subtract,swig,TGPoint3,,Subtract,direct,NiPoint3,c_symbol
0x005ee210,swig_TGPoint3_Scale,swig,TGPoint3,,Scale,direct,NiPoint3,c_symbol
0x005ee2a0,swig_TGPoint3_Set,swig,TGPoint3,,Set,direct,NiPoint3,c_symbol
0x005ee380,swig_TGPoint3_LoadBinary,swig,TGPoint3,,LoadBinary,direct,NiPoint3,c_symbol
0x005ee420,swig_TGPoint3_SaveBinary,swig,TGPoint3,,SaveBinary,direct,NiPoint3,c_symbol
0x005ee4c0,swig_TGPoint3_UnitizeVectors,swig,TGPoint3,,UnitizeVectors,direct_unmatched,NiPoint3,class_prefix
0x005ee540,swig_TGPoint3_UnitizeVector,swig,TGPoint3,,UnitizeVector,direct_unmatched,NiPoint3,class_prefix
0x005ee640,swig_TGPoint3_VectorLength,swig,TGPoint3,,VectorLength,direct_unmatched,NiPoint3,class_prefix
0x005ee730,swig_new_TGColorA,swig,TGColorA,TGColorA,new,swig_ctor,NiColorA,swig_ctor_dtor
0x005ee790,swig_delete_TGColorA,swig,TGColorA,TGColorA,delete,swig_dtor,NiColorA,swig_ctor_dtor
0x005ee800,swig_TGColorA_GetR,swig,TGColorA,,GetR,direct,NiColorA,c_symbol
0x005ee860,swig_TGColorA_GetG,swig,TGColorA,,GetG,direct,NiColorA,c_symbol
0x005ee8d0,swig_TGColorA_GetB,swig,TGColorA,,GetB,direct,NiColorA,c_symbol
0x005ee940,swig_TGColorA_GetA,swig,TGColorA,,GetA,direct,NiColorA,c_symbol
0x005ee9b0,swig_TGColorA_SetR,swig,TGColorA,,SetR,direct,NiColorA,c_symbol
0x005eea30,swig_TGColorA_SetG,swig,TGColorA,,SetG,direct,NiColorA,c_symbol
0x005eeab0,swig_TGColorA_SetB,swig,TGColorA,,SetB,direct,NiColorA,c_symbol
0x005eeb30,swig_TGColorA_SetA,swig,TGColorA,,SetA,direct,NiColorA,c_symbol
0x005eebb0,swig_TGColorA_SetRGBA,swig,TGColorA,,SetRGBA,direct,NiColorA,c_symbol
0x005eec50,swig_TGColorA_Copy,swig,TGColorA,,Copy,direct,NiColorA,c_symbol
0x005eed30,swig_TGColorA_ScaleRGB,swig,TGColorA,,ScaleRGB,direct,NiColorA,c_symbol
0x005eedc0,swig_SetClass_Create,swig,SetClass,SetClass,Create,swig_helper,TGEventHandlerObject|TGTemplatedAttrObject|TGAttrObject|TGObject,swig_helper_synth
0x005eee30,swig_SetClass_GetNull,swig,SetClass,,GetNull,direct_unmatched,TGEventHandlerObject|TGTemplatedAttrObject|TGAttrObject|TGObject,class_prefix
0x005eee60,swig_SetClass_Cast,swig,SetClass,SetClass,Cast,swig_helper,TGEventHandlerObject|TGTemplatedAttrObject|TGAttrObject|TGObject,swig_helper_synth
0x005eeed0,swig_SetClass_SetGlowEnabled,swig,SetClass,,SetGlowEnabled,direct_unmatched,TGEventHandlerObject|TGTemplatedAttrObject|TGAttrObject|TGObject,class_prefix
0x005eef10,swig_SetClass_IsGlowEnabled,swig,SetClass,,IsGlowEnabled,direct_unmatched,TGEventHandlerObject|TGTemplatedAttrObject|TGAttrObject|TGObject,class_prefix
0x005eef50,swig_SetClass_CanGlowBeEnabled,swig,SetClass,,CanGlowBeEnabled,direct_unmatched,TGEventHandlerObject|TGTemplatedAttrObject|TGAttrObject|TGObject,class_prefix
0x005eef90,swig_SetClass_SetProximityManagerActive,swig,SetClass,,SetProximityManagerActive,direct,TGEventHandlerObject|TGTemplatedAttrObject|TGAttrObject|TGObject,c_symbol
0x005ef010,swig_SetClass_GetProximityManager,swig,,SetClass,GetProximityManager,python_wrapper,,python_class_method
0x005ef080,swig_SetClass_SetRegionModule,swig,SetClass,,SetRegionModule,direct,TGEventHandlerObject|TGTemplatedAttrObject|TGAttrObject|TGObject,c_symbol
0x005ef140,swig_SetClass_GetRegionModule,swig,SetClass,,GetRegionModule,direct,TGEventHandlerObject|TGTemplatedAttrObject|TGAttrObject|TGObject,c_symbol
0x005ef1b0,swig_SetClass_AddObjectToSet,swig,SetClass,,AddObjectToSet,direct,TGEventHandlerObject|TGTemplatedAttrObject|TGAttrObject|TGObject,c_symbol
0x005ef2b0,swig_SetClass_IsRendered,swig,SetClass,,IsRendered,direct,TGEventHandlerObject|TGTemplatedAttrObject|TGAttrObject|TGObject,c_symbol
0x005ef330,swig_SetClass_CalcIsRendered,swig,SetClass,,CalcIsRendered,direct,TGEventHandlerObject|TGTemplatedAttrObject|TGAttrObject|TGObject,c_symbol
0x005ef3a0,swig_SetClass_AddBackdropToSet,swig,SetClass,,AddBackdropToSet,direct,TGEventHandlerObject|TGTemplatedAttrObject|TGAttrObject|TGObject,c_symbol
0x005ef4a0,swig_SetClass_RemoveBackdropFromSet,swig,SetClass,,RemoveBackdropFromSet,direct,TGEventHandlerObject|TGTemplatedAttrObject|TGAttrObject|TGObject,c_symbol
0x005ef550,swig_SetClass_SetBackgroundModel,swig,SetClass,,SetBackgroundModel,direct,TGEventHandlerObject|TGTemplatedAttrObject|TGAttrObject|TGObject,c_symbol
0x005ef650,swig_SetClass_RemoveBackgroundModel,swig,SetClass,,RemoveBackgroundModel,direct,TGEventHandlerObject|TGTemplatedAttrObject|TGAttrObject|TGObject,c_symbol
0x005ef6d0,swig_SetClass_RemoveObjectFromSet,swig,,SetClass,RemoveObjectFromSet,python_wrapper,,python_class_method
0x005ef780,swig_SetClass_DeleteObjectFromSet,swig,SetClass,,DeleteObjectFromSet,direct,TGEventHandlerObject|TGTemplatedAttrObject|TGAttrObject|TGObject,c_symbol
0x005ef840,swig_SetClass_GetObject,swig,,SetClass,GetObject,python_wrapper,,python_class_method
0x005ef8f0,swig_SetClass_GetObjectByID,swig,,SetClass,GetObjectByID,python_wrapper,,python_class_method
0x005ef970,swig_SetClass_IsLocationEmptyTG,swig,SetClass,,IsLocationEmptyTG,direct,TGEventHandlerObject|TGTemplatedAttrObject|TGAttrObject|TGObject,c_symbol
0x005efa50,swig_SetClass_GetDisplayName,swig,SetClass,,GetDisplayName,direct,TGEventHandlerObject|TGTemplatedAttrObject|TGAttrObject|TGObject,c_symbol
0x005efaf0,swig_SetClass_MakeDisplayName,swig,SetClass,,MakeDisplayName,direct_unmatched,TGEventHandlerObject|TGTemplatedAttrObject|TGAttrObject|TGObject,class_prefix
0x005efb90,swig_SetClass_GetName,swig,SetClass,,GetName,direct,TGEventHandlerObject|TGTemplatedAttrObject|TGAttrObject|TGObject,c_symbol
0x005efc00,swig_SetClass_SetName,swig,SetClass,,SetName,direct,TGEventHandlerObject|TGTemplatedAttrObject|TGAttrObject|TGObject,c_symbol
0x005efcc0,swig_SetClass_GetFirstObject,swig,,SetClass,GetFirstObject,python_wrapper,,python_class_method
0x005efd30,swig_SetClass_GetNextObject,swig,,SetClass,GetNextObject,python_wrapper,,python_class_method
0x005efdb0,swig_SetClass_GetPreviousObject,swig,,SetClass,GetPreviousObject,python_wrapper,,python_class_method
0x005efe30,swig_SetClass_GetSceneRoot,swig,,SetClass,GetSceneRoot,python_wrapper,,python_class_method
0x005efea0,swig_SetClass_GetEffectRoot,swig,,SetClass,GetEffectRoot,python_wrapper,,python_class_method
0x005eff10,swig_SetClass_GetBackdropRoot,swig,,SetClass,GetBackdropRoot,python_wrapper,,python_class_method
0x005eff80,swig_SetClass_GetForegroundRoot,swig,,SetClass,GetForegroundRoot,python_wrapper,,python_class_method
0x005efff0,swig_SetClass_CreateCamera,swig,SetClass,,CreateCamera,direct,TGEventHandlerObject|TGTemplatedAttrObject|TGAttrObject|TGObject,c_symbol
0x005f0100,swig_SetClass_AddCameraToSet,swig,SetClass,,AddCameraToSet,direct,TGEventHandlerObject|TGTemplatedAttrObject|TGAttrObject|TGObject,c_symbol
0x005f0200,swig_SetClass_GetCamera,swig,,SetClass,GetCamera,python_wrapper,,python_class_method
0x005f02b0,swig_SetClass_RemoveCameraFromSet,swig,SetClass,,RemoveCameraFromSet,direct,TGEventHandlerObject|TGTemplatedAttrObject|TGAttrObject|TGObject,c_symbol
0x005f0370,swig_SetClass_DeleteCameraFromSet,swig,SetClass,,DeleteCameraFromSet,direct,TGEventHandlerObject|TGTemplatedAttrObject|TGAttrObject|TGObject,c_symbol
0x005f0430,swig_SetClass_SetActiveCamera,swig,SetClass,,SetActiveCamera,direct,TGEventHandlerObject|TGTemplatedAttrObject|TGAttrObject|TGObject,c_symbol
0x005f04f0,swig_SetClass_GetActiveCamera,swig,,SetClass,GetActiveCamera,python_wrapper,,python_class_method
0x005f0560,swig_SetClass_CreateAmbientLight,swig,SetClass,,CreateAmbientLight,direct,TGEventHandlerObject|TGTemplatedAttrObject|TGAttrObject|TGObject,c_symbol
0x005f0650,swig_SetClass_CreateDirectionalLight,swig,SetClass,,CreateDirectionalLight,direct,TGEventHandlerObject|TGTemplatedAttrObject|TGAttrObject|TGObject,c_symbol
0x005f0760,swig_SetClass_GetLight,swig,,SetClass,GetLight,python_wrapper,,python_class_method
0x005f0810,swig_SetClass_DeleteLightFromSet,swig,SetClass,,DeleteLightFromSet,direct,TGEventHandlerObject|TGTemplatedAttrObject|TGAttrObject|TGObject,c_symbol
0x005f08d0,swig_SetClass_StartPick,swig,SetClass,,StartPick,direct,TGEventHandlerObject|TGTemplatedAttrObject|TGAttrObject|TGObject,c_symbol
0x005f0970,swig_SetClass_GetPickedObject,swig,,SetClass,GetPickedObject,python_wrapper,,python_class_method
0x005f09e0,swig_SetClass_GetDotProductToObject,swig,SetClass,,GetDotProductToObject,direct,TGEventHandlerObject|TGTemplatedAttrObject|TGAttrObject|TGObject,c_symbol
0x005f0a80,swig_SetClass_GetDotProductToVector,swig,SetClass,,GetDotProductToVector,direct,TGEventHandlerObject|TGTemplatedAttrObject|TGAttrObject|TGObject,c_symbol
0x005f0b40,swig_SetClass_SetGlowIntensity,swig,SetClass,,SetGlowIntensity,direct,TGEventHandlerObject|TGTemplatedAttrObject|TGAttrObject|TGObject,c_symbol
0x005f0bc0,swig_SetClass_SetSplitLargeZRenders,swig,SetClass,,SetSplitLargeZRenders,direct_unmatched,TGEventHandlerObject|TGTemplatedAttrObject|TGAttrObject|TGObject,class_prefix
0x005f0c00,swig_SetClass_GetSplitLargeZRenders,swig,SetClass,,GetSplitLargeZRenders,direct_unmatched,TGEventHandlerObject|TGTemplatedAttrObject|TGAttrObject|TGObject,class_prefix
0x005f0c40,swig_SetClass_GetNebula,swig,,SetClass,GetNebula,python_wrapper,,python_class_method
0x005f0cb0,swig_delete_SetClass,swig,SetClass,SetClass,delete,swig_dtor,TGEventHandlerObject|TGTemplatedAttrObject|TGAttrObject|TGObject,swig_ctor_dtor
0x005f0d20,swig_SetManager_Terminate,swig,SetManager,,Terminate,direct,,c_symbol
0x005f0d90,swig_SetManager_AddSet,swig,SetManager,,AddSet,direct,,c_symbol
0x005f0e80,swig_SetManager_RemoveSet,swig,SetManager,,RemoveSet,direct,,c_symbol
0x005f0f40,swig_SetManager_DeleteSet,swig,SetManager,,DeleteSet,direct,,c_symbol
0x005f1000,swig_SetManager_DeleteAllSets,swig,SetManager,,DeleteAllSets,direct,,c_symbol
0x005f10b0,swig_SetManager_GetSet,swig,,SetManager,GetSet,python_wrapper,,python_class_method
0x005f11c0,swig_SetManager_GetNumSets,swig,SetManager,,GetNumSets,direct,,c_symbol
0x005f1220,swig_SetManager_ClearRenderedSet,swig,SetManager,,ClearRenderedSet,direct,,c_symbol
0x005f1290,swig_SetManager_GetRenderedSet,swig,,SetManager,GetRenderedSet,python_wrapper,,python_class_method
0x005f1300,swig_SetManager_MakeRenderedSet,swig,SetManager,,MakeRenderedSet,direct,,c_symbol
0x005f13c0,swig_new_ScriptObject,swig,ScriptObject,ScriptObject,new,swig_ctor,TGEventHandlerObject|TGTemplatedAttrObject|TGAttrObject|TGObject,swig_ctor_dtor
0x005f1480,swig_delete_ScriptObject,swig,ScriptObject,ScriptObject,delete,swig_dtor,TGEventHandlerObject|TGTemplatedAttrObject|TGAttrObject|TGObject,swig_ctor_dtor
0x005f14f0,swig_ScriptObject_GetInstanceNextEventType,swig,ScriptObject,,GetInstanceNextEventType,direct,TGEventHandlerObject|TGTemplatedAttrObject|TGAttrObject|TGObject,c_symbol
0x005f1560,swig_ScriptObject_GetScript,swig,ScriptObject,,GetScript,direct,TGEventHandlerObject|TGTemplatedAttrObject|TGAttrObject|TGObject,c_symbol
0x005f15d0,swig_ScriptObject_SetEventCount,swig,ScriptObject,,SetEventCount,direct,TGEventHandlerObject|TGTemplatedAttrObject|TGAttrObject|TGObject,c_symbol
0x005f1650,swig_ScriptObject_SetOnIdleFunc,swig,ScriptObject,,SetOnIdleFunc,direct,TGEventHandlerObject|TGTemplatedAttrObject|TGAttrObject|TGObject,c_symbol
0x005f1710,swig_ScriptObject_LoadSound,swig,,ScriptObject,LoadSound,python_wrapper,,python_class_method
0x005f1830,swig_ScriptObject_LoadDatabaseSound,swig,,ScriptObject,LoadDatabaseSound,python_wrapper,,python_class_method
0x005f1930,swig_ScriptObject_SetAssetsLoaded,swig,ScriptObject,,SetAssetsLoaded,direct,TGEventHandlerObject|TGTemplatedAttrObject|TGAttrObject|TGObject,c_symbol
0x005f19b0,swig_ScriptObject_AreAssetsLoaded,swig,ScriptObject,,AreAssetsLoaded,direct,TGEventHandlerObject|TGTemplatedAttrObject|TGAttrObject|TGObject,c_symbol
0x005f1a30,swig_ScriptObject_PreLoadAssets,swig,ScriptObject,,PreLoadAssets,direct,TGEventHandlerObject|TGTemplatedAttrObject|TGAttrObject|TGObject,c_symbol
0x005f1aa0,swig_ScriptObject_Initialize,swig,ScriptObject,,Initialize,direct,TGEventHandlerObject|TGTemplatedAttrObject|TGAttrObject|TGObject,c_symbol
0x005f1b50,swig_ScriptObject_Load,swig,ScriptObject,,Load,direct,TGEventHandlerObject|TGTemplatedAttrObject|TGAttrObject|TGObject,c_symbol
0x005f1bc0,swig_ScriptObject_OnIdle,swig,ScriptObject,,OnIdle,direct,TGEventHandlerObject|TGTemplatedAttrObject|TGAttrObject|TGObject,c_symbol
0x005f1c30,swig_ScriptObject_Unload,swig,ScriptObject,,Unload,direct,TGEventHandlerObject|TGTemplatedAttrObject|TGAttrObject|TGObject,c_symbol
0x005f1ca0,swig_ScriptObject_Terminate,swig,ScriptObject,,Terminate,direct,TGEventHandlerObject|TGTemplatedAttrObject|TGAttrObject|TGObject,c_symbol
0x005f1d50,swig_ScriptObject_SetDatabase,swig,,ScriptObject,SetDatabase,python_wrapper,,python_class_method
0x005f1e00,swig_ScriptObject_GetDatabase,swig,,ScriptObject,GetDatabase,python_wrapper,,python_class_method
0x005f1e70,swig_ScriptObject_AddPersistentModule,swig,ScriptObject,,AddPersistentModule,direct,TGEventHandlerObject|TGTemplatedAttrObject|TGAttrObject|TGObject,c_symbol
0x005f1f30,swig_new_Game,swig,Game,Game,new,swig_ctor,ScriptObject|TGEventHandlerObject|TGTemplatedAttrObject|TGAttrObject|TGObject,swig_ctor_dtor
0x005f1fe0,swig_delete_Game,swig,Game,Game,delete,swig_dtor,ScriptObject|TGEventHandlerObject|TGTemplatedAttrObject|TGAttrObject|TGObject,swig_ctor_dtor
0x005f2050,swig_Game_Create,swig,Game,Game,Create,swig_helper,ScriptObject|TGEventHandlerObject|TGTemplatedAttrObject|TGAttrObject|TGObject,swig_helper_synth
0x005f2100,swig_Game_GetNextEventType,swig,Game,,GetNextEventType,direct_unmatched,ScriptObject|TGEventHandlerObject|TGTemplatedAttrObject|TGAttrObject|TGObject,class_prefix
0x005f2130,swig_Game_SetPlayer,swig,Game,,SetPlayer,direct,ScriptObject|TGEventHandlerObject|TGTemplatedAttrObject|TGAttrObject|TGObject,c_symbol
0x005f21d0,swig_Game_SetLastSavedGame,swig,Game,,SetLastSavedGame,direct,ScriptObject|TGEventHandlerObject|TGTemplatedAttrObject|TGAttrObject|TGObject,c_symbol
0x005f2290,swig_Game_SetPreLoadDoneEvent,swig,Game,,SetPreLoadDoneEvent,direct,ScriptObject|TGEventHandlerObject|TGTemplatedAttrObject|TGAttrObject|TGObject,c_symbol
0x005f2330,swig_Game_LoadEpisode,swig,Game,,LoadEpisode,direct,ScriptObject|TGEventHandlerObject|TGTemplatedAttrObject|TGAttrObject|TGObject,c_symbol
0x005f2420,swig_Game_GetCurrentEpisode,swig,,Game,GetCurrentEpisode,python_wrapper,,python_class_method
0x005f2490,swig_Game_LoadSoundInGroup,swig,,Game,LoadSoundInGroup,python_wrapper,,python_class_method
0x005f2600,swig_Game_LoadDatabaseSoundInGroup,swig,,Game,LoadDatabaseSoundInGroup,python_wrapper,,python_class_method
0x005f2760,swig_Game_GetCurrentGame,swig,Game,,GetCurrentGame,direct_unmatched,ScriptObject|TGEventHandlerObject|TGTemplatedAttrObject|TGAttrObject|TGObject,class_prefix
0x005f2790,swig_Game_GetCurrentPlayer,swig,Game,,GetCurrentPlayer,direct_unmatched,ScriptObject|TGEventHandlerObject|TGTemplatedAttrObject|TGAttrObject|TGObject,class_prefix
0x005f27c0,swig_Game_GetScore,swig,Game,,GetScore,direct,ScriptObject|TGEventHandlerObject|TGTemplatedAttrObject|TGAttrObject|TGObject,c_symbol
0x005f2820,swig_Game_GetRating,swig,Game,,GetRating,direct,ScriptObject|TGEventHandlerObject|TGTemplatedAttrObject|TGAttrObject|TGObject,c_symbol
0x005f2880,swig_Game_GetKills,swig,Game,,GetKills,direct,ScriptObject|TGEventHandlerObject|TGTemplatedAttrObject|TGAttrObject|TGObject,c_symbol
0x005f28e0,swig_Game_GetTorpsFired,swig,Game,,GetTorpsFired,direct,ScriptObject|TGEventHandlerObject|TGTemplatedAttrObject|TGAttrObject|TGObject,c_symbol
0x005f2940,swig_Game_GetTorpsHit,swig,Game,,GetTorpsHit,direct,ScriptObject|TGEventHandlerObject|TGTemplatedAttrObject|TGAttrObject|TGObject,c_symbol
0x005f29a0,swig_Game_GetLastSavedGame,swig,Game,,GetLastSavedGame,direct,ScriptObject|TGEventHandlerObject|TGTemplatedAttrObject|TGAttrObject|TGObject,c_symbol
0x005f2a10,swig_Game_GetPlayer,swig,,Game,GetPlayer,python_wrapper,,python_class_method
0x005f2a80,swig_Game_GetPlayerGroup,swig,,Game,GetPlayerGroup,python_wrapper,,python_class_method
0x005f2af0,swig_Game_GetPlayerSet,swig,,Game,GetPlayerSet,python_wrapper,,python_class_method
0x005f2b60,swig_Game_GetPlayerCamera,swig,,Game,GetPlayerCamera,python_wrapper,,python_class_method
0x005f2bd0,swig_Game_GetDifficulty,swig,Game,,GetDifficulty,direct_unmatched,ScriptObject|TGEventHandlerObject|TGTemplatedAttrObject|TGAttrObject|TGObject,class_prefix
0x005f2c00,swig_Game_SetUIShipID,swig,Game,,SetUIShipID,direct,ScriptObject|TGEventHandlerObject|TGTemplatedAttrObject|TGAttrObject|TGObject,c_symbol
0x005f2c70,swig_Game_SetDifficulty,swig,Game,,SetDifficulty,direct_unmatched,ScriptObject|TGEventHandlerObject|TGTemplatedAttrObject|TGAttrObject|TGObject,class_prefix
0x005f2cb0,swig_Game_SetDifficultyReallyIMeanIt,swig,Game,,SetDifficultyReallyIMeanIt,direct_unmatched,ScriptObject|TGEventHandlerObject|TGTemplatedAttrObject|TGAttrObject|TGObject,class_prefix
0x005f2cf0,swig_Game_SetDifficultyMultipliers,swig,Game,,SetDifficultyMultipliers,direct_unmatched,ScriptObject|TGEventHandlerObject|TGTemplatedAttrObject|TGAttrObject|TGObject,class_prefix
0x005f2d70,swig_Game_SetDefaultDifficultyMultipliers,swig,Game,,SetDefaultDifficultyMultipliers,direct_unmatched,ScriptObject|TGEventHandlerObject|TGTemplatedAttrObject|TGAttrObject|TGObject,class_prefix
0x005f2df0,swig_Game_GetOffensiveDifficultyMultiplier,swig,Game,,GetOffensiveDifficultyMultiplier,direct_unmatched,ScriptObject|TGEventHandlerObject|TGTemplatedAttrObject|TGAttrObject|TGObject,class_prefix
0x005f2e20,swig_Game_GetDefensiveDifficultyMultiplier,swig,Game,,GetDefensiveDifficultyMultiplier,direct_unmatched,ScriptObject|TGEventHandlerObject|TGTemplatedAttrObject|TGAttrObject|TGObject,class_prefix
0x005f2e50,swig_Game_SetPlayerHardpointFileName,swig,Game,,SetPlayerHardpointFileName,direct_unmatched,ScriptObject|TGEventHandlerObject|TGTemplatedAttrObject|TGAttrObject|TGObject,class_prefix
0x005f2ed0,swig_Game_GetPlayerHardpointFileName,swig,Game,,GetPlayerHardpointFileName,direct_unmatched,ScriptObject|TGEventHandlerObject|TGTemplatedAttrObject|TGAttrObject|TGObject,class_prefix
0x005f2f00,swig_Game_SetGodMode,swig,Game,,SetGodMode,direct,ScriptObject|TGEventHandlerObject|TGTemplatedAttrObject|TGAttrObject|TGObject,c_symbol
0x005f2f80,swig_Game_InGodMode,swig,Game,,InGodMode,direct,ScriptObject|TGEventHandlerObject|TGTemplatedAttrObject|TGAttrObject|TGObject,c_symbol
0x005f3000,swig_Game_Terminate,swig,Game,,Terminate,direct,ScriptObject|TGEventHandlerObject|TGTemplatedAttrObject|TGAttrObject|TGObject,c_symbol
0x005f30b0,swig_Episode_GetNextEventType,swig,Episode,,GetNextEventType,direct_unmatched,ScriptObject|TGEventHandlerObject|TGTemplatedAttrObject|TGAttrObject|TGObject,class_prefix
0x005f30e0,swig_Episode_LoadMission,swig,Episode,,LoadMission,direct,ScriptObject|TGEventHandlerObject|TGTemplatedAttrObject|TGAttrObject|TGObject,c_symbol
0x005f31d0,swig_Episode_GetCurrentMission,swig,,Episode,GetCurrentMission,python_wrapper,,python_class_method
0x005f3240,swig_Episode_RegisterGoal,swig,Episode,,RegisterGoal,direct,ScriptObject|TGEventHandlerObject|TGTemplatedAttrObject|TGAttrObject|TGObject,c_symbol
0x005f3300,swig_Episode_RemoveGoal,swig,Episode,,RemoveGoal,direct,ScriptObject|TGEventHandlerObject|TGTemplatedAttrObject|TGAttrObject|TGObject,c_symbol
0x005f33c0,swig_delete_Episode,swig,Episode,Episode,delete,swig_dtor,ScriptObject|TGEventHandlerObject|TGTemplatedAttrObject|TGAttrObject|TGObject,swig_ctor_dtor
0x005f3430,swig_Mission_GetNextEventType,swig,Mission,,GetNextEventType,direct_unmatched,ScriptObject|TGEventHandlerObject|TGTemplatedAttrObject|TGAttrObject|TGObject,class_prefix
0x005f3460,swig_delete_Mission,swig,Mission,Mission,delete,swig_dtor,ScriptObject|TGEventHandlerObject|TGTemplatedAttrObject|TGAttrObject|TGObject,swig_ctor_dtor
0x005f34d0,swig_Mission_AddPrecreatedShip,swig,Mission,,AddPrecreatedShip,direct,ScriptObject|TGEventHandlerObject|TGTemplatedAttrObject|TGAttrObject|TGObject,c_symbol
0x005f35a0,swig_Mission_GetPrecreatedShip,swig,,Mission,GetPrecreatedShip,python_wrapper,,python_class_method
0x005f3650,swig_BaseObjectClass_Create,swig,BaseObjectClass,BaseObjectClass,Create,swig_helper,TGEventHandlerObject|TGTemplatedAttrObject|TGAttrObject|TGObject,swig_helper_synth
0x005f36c0,swig_BaseObjectClass_Cast,swig,BaseObjectClass,BaseObjectClass,Cast,swig_helper,TGEventHandlerObject|TGTemplatedAttrObject|TGAttrObject|TGObject,swig_helper_synth
0x005f3730,swig_BaseObjectClass_Update,swig,BaseObjectClass,,Update,direct,TGEventHandlerObject|TGTemplatedAttrObject|TGAttrObject|TGObject,c_symbol
0x005f37b0,swig_BaseObjectClass_UpdateNodeOnly,swig,BaseObjectClass,,UpdateNodeOnly,direct,TGEventHandlerObject|TGTemplatedAttrObject|TGAttrObject|TGObject,c_symbol
0x005f3820,swig_BaseObjectClass_GetNode,swig,,BaseObjectClass,GetNode,python_wrapper,,python_class_method
0x005f3890,swig_BaseObjectClass_AttachObject,swig,BaseObjectClass,,AttachObject,direct,TGEventHandlerObject|TGTemplatedAttrObject|TGAttrObject|TGObject,c_symbol
0x005f3930,swig_BaseObjectClass_DetachObject,swig,BaseObjectClass,,DetachObject,direct,TGEventHandlerObject|TGTemplatedAttrObject|TGAttrObject|TGObject,c_symbol
0x005f39d0,swig_BaseObjectClass_GetContainingSet,swig,,BaseObjectClass,GetContainingSet,python_wrapper,,python_class_method
0x005f3a40,swig_BaseObjectClass_GetNiObject,swig,,BaseObjectClass,GetNiObject,python_wrapper,,python_class_method
0x005f3ab0,swig_BaseObjectClass_GetAnimNode,swig,,BaseObjectClass,GetAnimNode,python_wrapper,,python_class_method
0x005f3b20,swig_BaseObjectClass_SetDeleteMe,swig,BaseObjectClass,,SetDeleteMe,direct,TGEventHandlerObject|TGTemplatedAttrObject|TGAttrObject|TGObject,c_symbol
0x005f3ba0,swig_BaseObjectClass_SetHidden,swig,BaseObjectClass,,SetHidden,direct,TGEventHandlerObject|TGTemplatedAttrObject|TGAttrObject|TGObject,c_symbol
0x005f3c30,swig_BaseObjectClass_IsHidden,swig,BaseObjectClass,,IsHidden,direct,TGEventHandlerObject|TGTemplatedAttrObject|TGAttrObject|TGObject,c_symbol
0x005f3cc0,swig_BaseObjectClass_SetName,swig,BaseObjectClass,,SetName,direct,TGEventHandlerObject|TGTemplatedAttrObject|TGAttrObject|TGObject,c_symbol
0x005f3d80,swig_BaseObjectClass_GetName,swig,BaseObjectClass,,GetName,direct,TGEventHandlerObject|TGTemplatedAttrObject|TGAttrObject|TGObject,c_symbol
0x005f3df0,swig_BaseObjectClass_SetDisplayName,swig,BaseObjectClass,,SetDisplayName,direct,TGEventHandlerObject|TGTemplatedAttrObject|TGAttrObject|TGObject,c_symbol
0x005f3e90,swig_BaseObjectClass_Rotate,swig,BaseObjectClass,,Rotate,direct,TGEventHandlerObject|TGTemplatedAttrObject|TGAttrObject|TGObject,c_symbol
0x005f3f30,swig_BaseObjectClass_SetTranslateXYZ,swig,BaseObjectClass,,SetTranslateXYZ,direct,TGEventHandlerObject|TGTemplatedAttrObject|TGAttrObject|TGObject,c_symbol
0x005f3fc0,swig_BaseObjectClass_SetTranslate,swig,BaseObjectClass,,SetTranslate,direct,TGEventHandlerObject|TGTemplatedAttrObject|TGAttrObject|TGObject,c_symbol
0x005f4060,swig_BaseObjectClass_SetAngleAxisRotation,swig,BaseObjectClass,,SetAngleAxisRotation,direct,TGEventHandlerObject|TGTemplatedAttrObject|TGAttrObject|TGObject,c_symbol
0x005f4100,swig_BaseObjectClass_SetMatrixRotation,swig,BaseObjectClass,,SetMatrixRotation,direct,TGEventHandlerObject|TGTemplatedAttrObject|TGAttrObject|TGObject,c_symbol
0x005f41a0,swig_BaseObjectClass_SetScale,swig,BaseObjectClass,,SetScale,direct,TGEventHandlerObject|TGTemplatedAttrObject|TGAttrObject|TGObject,c_symbol
0x005f4220,swig_BaseObjectClass_GetScale,swig,BaseObjectClass,,GetScale,direct,TGEventHandlerObject|TGTemplatedAttrObject|TGAttrObject|TGObject,c_symbol
0x005f4290,swig_BaseObjectClass_AlignToVectors,swig,BaseObjectClass,,AlignToVectors,direct,TGEventHandlerObject|TGTemplatedAttrObject|TGAttrObject|TGObject,c_symbol
0x005f43a0,swig_BaseObjectClass_GetWorldLocation,swig,,BaseObjectClass,GetWorldLocation,python_wrapper,,python_class_method
0x005f4440,swig_BaseObjectClass_GetTranslate,swig,,BaseObjectClass,GetTranslate,python_wrapper,,python_class_method
0x005f44e0,swig_BaseObjectClass_GetRotation,swig,,BaseObjectClass,GetRotation,python_wrapper,,python_class_method
0x005f4580,swig_BaseObjectClass_GetWorldRotation,swig,,BaseObjectClass,GetWorldRotation,python_wrapper,,python_class_method
0x005f4620,swig_BaseObjectClass_GetDisplayName,swig,,BaseObjectClass,GetDisplayName,python_wrapper,,python_class_method
0x005f47e0,swig_BaseObjectClass_GetWorldForwardTG,swig,,BaseObjectClass,GetWorldForwardTG,python_wrapper,,python_class_method
0x005f4870,swig_BaseObjectClass_GetWorldBackwardTG,swig,,BaseObjectClass,GetWorldBackwardTG,python_wrapper,,python_class_method
0x005f4950,swig_BaseObjectClass_GetWorldUpTG,swig,,BaseObjectClass,GetWorldUpTG,python_wrapper,,python_class_method
0x005f4a20,swig_BaseObjectClass_GetWorldDownTG,swig,,BaseObjectClass,GetWorldDownTG,python_wrapper,,python_class_method
0x005f4b00,swig_BaseObjectClass_GetWorldRightTG,swig,,BaseObjectClass,GetWorldRightTG,python_wrapper,,python_class_method
0x005f4bd0,swig_BaseObjectClass_GetWorldLeftTG,swig,,BaseObjectClass,GetWorldLeftTG,python_wrapper,,python_class_method
0x005f4cb0,swig_BaseObjectClass_GetObject,swig,BaseObjectClass,BaseObjectClass,GetObject,swig_helper,TGEventHandlerObject|TGTemplatedAttrObject|TGAttrObject|TGObject,swig_helper_synth
0x005f4d70,swig_BaseObjectClass_GetNumClassObjects,swig,BaseObjectClass,BaseObjectClass,GetNumClassObjects,swig_helper,TGEventHandlerObject|TGTemplatedAttrObject|TGAttrObject|TGObject,swig_helper_synth
0x005f4dd0,swig_delete_BaseObjectClass,swig,BaseObjectClass,BaseObjectClass,delete,swig_dtor,TGEventHandlerObject|TGTemplatedAttrObject|TGAttrObject|TGObject,swig_ctor_dtor
0x005f4e40,swig_ObjectClass_Cast,swig,ObjectClass,ObjectClass,Cast,swig_helper,BaseObjectClass|TGEventHandlerObject|TGTemplatedAttrObject|TGAttrObject|TGObject,swig_helper_synth
0x005f4eb0,swig_ObjectClass_Create,swig,ObjectClass,ObjectClass,Create,swig_helper,BaseObjectClass|TGEventHandlerObject|TGTemplatedAttrObject|TGAttrObject|TGObject,swig_helper_synth
0x005f4f20,swig_ObjectClass_GetRadius,swig,ObjectClass,,GetRadius,direct,BaseObjectClass|TGEventHandlerObject|TGTemplatedAttrObject|TGAttrObject|TGObject,c_symbol
0x005f4f90,swig_ObjectClass_PlaceObjectByName,swig,ObjectClass,,PlaceObjectByName,direct,BaseObjectClass|TGEventHandlerObject|TGTemplatedAttrObject|TGAttrObject|TGObject,c_symbol
0x005f5050,swig_ObjectClass_RandomOrientation,swig,ObjectClass,,RandomOrientation,direct,BaseObjectClass|TGEventHandlerObject|TGTemplatedAttrObject|TGAttrObject|TGObject,c_symbol
0x005f50c0,swig_ObjectClass_AlignToObject,swig,ObjectClass,,AlignToObject,direct,BaseObjectClass|TGEventHandlerObject|TGTemplatedAttrObject|TGAttrObject|TGObject,c_symbol
0x005f5160,swig_ObjectClass_IsTargetable,swig,ObjectClass,,IsTargetable,direct,BaseObjectClass|TGEventHandlerObject|TGTemplatedAttrObject|TGAttrObject|TGObject,c_symbol
0x005f51e0,swig_ObjectClass_CanTargetObject,swig,ObjectClass,,CanTargetObject,direct,BaseObjectClass|TGEventHandlerObject|TGTemplatedAttrObject|TGAttrObject|TGObject,c_symbol
0x005f5290,swig_ObjectClass_SetHailable,swig,ObjectClass,,SetHailable,direct,BaseObjectClass|TGEventHandlerObject|TGTemplatedAttrObject|TGAttrObject|TGObject,c_symbol
0x005f5310,swig_ObjectClass_IsHailable,swig,ObjectClass,,IsHailable,direct,BaseObjectClass|TGEventHandlerObject|TGTemplatedAttrObject|TGAttrObject|TGObject,c_symbol
0x005f5390,swig_ObjectClass_SetScannable,swig,ObjectClass,,SetScannable,direct,BaseObjectClass|TGEventHandlerObject|TGTemplatedAttrObject|TGAttrObject|TGObject,c_symbol
0x005f5410,swig_ObjectClass_IsScannable,swig,ObjectClass,,IsScannable,direct,BaseObjectClass|TGEventHandlerObject|TGTemplatedAttrObject|TGAttrObject|TGObject,c_symbol
0x005f5490,swig_ObjectClass_SetMaximumNumberOfLights,swig,ObjectClass,,SetMaximumNumberOfLights,direct_unmatched,BaseObjectClass|TGEventHandlerObject|TGTemplatedAttrObject|TGAttrObject|TGObject,class_prefix
0x005f54d0,swig_ObjectClass_GetMaximumNumberOfLights,swig,ObjectClass,,GetMaximumNumberOfLights,direct_unmatched,BaseObjectClass|TGEventHandlerObject|TGTemplatedAttrObject|TGAttrObject|TGObject,class_prefix
0x005f5500,swig_ObjectClass_GetRandomPointOnModel,swig,,ObjectClass,GetRandomPointOnModel,python_wrapper,,python_class_method
0x005f5570,swig_ObjectClass_GetLocalRandomPointAndNormalOnModel,swig,ObjectClass,,GetLocalRandomPointAndNormalOnModel,direct,BaseObjectClass|TGEventHandlerObject|TGTemplatedAttrObject|TGAttrObject|TGObject,c_symbol
0x005f5650,swig_ObjectClass_SetCollisionFlags,swig,ObjectClass,,SetCollisionFlags,direct,BaseObjectClass|TGEventHandlerObject|TGTemplatedAttrObject|TGAttrObject|TGObject,c_symbol
0x005f56d0,swig_ObjectClass_GetCollisionFlags,swig,ObjectClass,,GetCollisionFlags,direct,BaseObjectClass|TGEventHandlerObject|TGTemplatedAttrObject|TGAttrObject|TGObject,c_symbol
0x005f5750,swig_ObjectClass_LineCollides,swig,ObjectClass,,LineCollides,direct,BaseObjectClass|TGEventHandlerObject|TGTemplatedAttrObject|TGAttrObject|TGObject,c_symbol
0x005f5830,swig_ObjectClass_ReplaceTexture,swig,ObjectClass,,ReplaceTexture,direct,BaseObjectClass|TGEventHandlerObject|TGTemplatedAttrObject|TGAttrObject|TGObject,c_symbol
0x005f5960,swig_ObjectClass_RefreshReplacedTextures,swig,ObjectClass,,RefreshReplacedTextures,direct,BaseObjectClass|TGEventHandlerObject|TGTemplatedAttrObject|TGAttrObject|TGObject,c_symbol
0x005f59d0,swig_ObjectClass_GetObject,swig,ObjectClass,ObjectClass,GetObject,swig_helper,BaseObjectClass|TGEventHandlerObject|TGTemplatedAttrObject|TGAttrObject|TGObject,swig_helper_synth
0x005f5a90,swig_ObjectClass_GetObjectByID,swig,ObjectClass,ObjectClass,GetObjectByID,swig_helper,BaseObjectClass|TGEventHandlerObject|TGTemplatedAttrObject|TGAttrObject|TGObject,swig_helper_synth
0x005f5b10,swig_ObjectClass_GetNumClassObjects,swig,ObjectClass,ObjectClass,GetNumClassObjects,swig_helper,BaseObjectClass|TGEventHandlerObject|TGTemplatedAttrObject|TGAttrObject|TGObject,swig_helper_synth
0x005f5b70,swig_delete_ObjectClass,swig,ObjectClass,ObjectClass,delete,swig_dtor,BaseObjectClass|TGEventHandlerObject|TGTemplatedAttrObject|TGAttrObject|TGObject,swig_ctor_dtor
0x005f5be0,swig_CameraObjectClass_Create,swig,CameraObjectClass,CameraObjectClass,Create,swig_helper,BaseObjectClass|TGEventHandlerObject|TGTemplatedAttrObject|TGAttrObject|TGObject,swig_helper_synth
0x005f5cb0,swig_CameraObjectClass_CreateFromNiCamera,swig,CameraObjectClass,,CreateFromNiCamera,direct_unmatched,BaseObjectClass|TGEventHandlerObject|TGTemplatedAttrObject|TGAttrObject|TGObject,class_prefix
0x005f5d70,swig_CameraObjectClass_Cast,swig,CameraObjectClass,CameraObjectClass,Cast,swig_helper,BaseObjectClass|TGEventHandlerObject|TGTemplatedAttrObject|TGAttrObject|TGObject,swig_helper_synth
0x005f5de0,swig_CameraObjectClass_SetFrustumValues,swig,CameraObjectClass,,SetFrustumValues,direct,BaseObjectClass|TGEventHandlerObject|TGTemplatedAttrObject|TGAttrObject|TGObject,c_symbol
0x005f5e70,swig_CameraObjectClass_SetFrustum,swig,CameraObjectClass,,SetFrustum,direct,BaseObjectClass|TGEventHandlerObject|TGTemplatedAttrObject|TGAttrObject|TGObject,c_symbol
0x005f5f20,swig_CameraObjectClass_SetNearAndFarDistance,swig,CameraObjectClass,,SetNearAndFarDistance,direct,BaseObjectClass|TGEventHandlerObject|TGTemplatedAttrObject|TGAttrObject|TGObject,c_symbol
0x005f5fb0,swig_CameraObjectClass_SetNiFrustum,swig,CameraObjectClass,,SetNiFrustum,direct,BaseObjectClass|TGEventHandlerObject|TGTemplatedAttrObject|TGAttrObject|TGObject,c_symbol
0x005f6050,swig_CameraObjectClass_GetNiFrustum,swig,,CameraObjectClass,GetNiFrustum,python_wrapper,,python_class_method
0x005f60e0,swig_CameraObjectClass_PushCameraMode,swig,CameraObjectClass,,PushCameraMode,direct,BaseObjectClass|TGEventHandlerObject|TGTemplatedAttrObject|TGAttrObject|TGObject,c_symbol
0x005f6180,swig_CameraObjectClass_GetCurrentCameraMode,swig,,CameraObjectClass,GetCurrentCameraMode,python_wrapper,,python_class_method
0x005f6210,swig_CameraObjectClass_PopCameraMode,swig,CameraObjectClass,,PopCameraMode,direct,BaseObjectClass|TGEventHandlerObject|TGTemplatedAttrObject|TGAttrObject|TGObject,c_symbol
0x005f62d0,swig_CameraObjectClass_AddModeHierarchy,swig,CameraObjectClass,,AddModeHierarchy,direct,BaseObjectClass|TGEventHandlerObject|TGTemplatedAttrObject|TGAttrObject|TGObject,c_symbol
0x005f63e0,swig_CameraObjectClass_GetNamedCameraMode,swig,,CameraObjectClass,GetNamedCameraMode,python_wrapper,,python_class_method
0x005f6490,swig_CameraObjectClass_AddNamedCameraMode,swig,CameraObjectClass,,AddNamedCameraMode,direct,BaseObjectClass|TGEventHandlerObject|TGTemplatedAttrObject|TGAttrObject|TGObject,c_symbol
0x005f6570,swig_CameraObjectClass_GetWorldForward,swig,,CameraObjectClass,GetWorldForward,python_wrapper,,python_class_method
0x005f6600,swig_CameraObjectClass_GetWorldUp,swig,,CameraObjectClass,GetWorldUp,python_wrapper,,python_class_method
0x005f6690,swig_CameraObjectClass_GetWorldRight,swig,,CameraObjectClass,GetWorldRight,python_wrapper,,python_class_method
0x005f6720,swig_CameraObjectClass_Zoom,swig,CameraObjectClass,,Zoom,direct,BaseObjectClass|TGEventHandlerObject|TGTemplatedAttrObject|TGAttrObject|TGObject,c_symbol
0x005f67a0,swig_CameraObjectClass_LookToward,swig,CameraObjectClass,,LookToward,direct,BaseObjectClass|TGEventHandlerObject|TGTemplatedAttrObject|TGAttrObject|TGObject,c_symbol
0x005f6880,swig_CameraObjectClass_GetObject,swig,CameraObjectClass,CameraObjectClass,GetObject,swig_helper,BaseObjectClass|TGEventHandlerObject|TGTemplatedAttrObject|TGAttrObject|TGObject,swig_helper_synth
0x005f6940,swig_CameraObjectClass_GetNumClassObjects,swig,CameraObjectClass,CameraObjectClass,GetNumClassObjects,swig_helper,BaseObjectClass|TGEventHandlerObject|TGTemplatedAttrObject|TGAttrObject|TGObject,swig_helper_synth
0x005f69a0,swig_delete_CameraObjectClass,swig,CameraObjectClass,CameraObjectClass,delete,swig_dtor,BaseObjectClass|TGEventHandlerObject|TGTemplatedAttrObject|TGAttrObject|TGObject,swig_ctor_dtor
0x005f6a10,swig_SpaceCamera_Create,swig,SpaceCamera,SpaceCamera,Create,swig_helper,CameraObjectClass|BaseObjectClass|TGEventHandlerObject|TGTemplatedAttrObject|TGAttrObject|TGObject,swig_helper_synth
0x005f6ac0,swig_SpaceCamera_IsSpaceDustEnabledInGame,swig,SpaceCamera,,IsSpaceDustEnabledInGame,direct_unmatched,CameraObjectClass|BaseObjectClass|TGEventHandlerObject|TGTemplatedAttrObject|TGAttrObject|TGObject,class_prefix
0x005f6b00,swig_SpaceCamera_SetSpaceDustInGame,swig,SpaceCamera,,SetSpaceDustInGame,direct_unmatched,CameraObjectClass|BaseObjectClass|TGEventHandlerObject|TGTemplatedAttrObject|TGAttrObject|TGObject,class_prefix
0x005f6b40,swig_SpaceCamera_IsSpaceDustEnabled,swig,SpaceCamera,,IsSpaceDustEnabled,direct,CameraObjectClass|BaseObjectClass|TGEventHandlerObject|TGTemplatedAttrObject|TGAttrObject|TGObject,c_symbol
0x005f6bd0,swig_SpaceCamera_SetSpaceDustForCamera,swig,SpaceCamera,,SetSpaceDustForCamera,direct,CameraObjectClass|BaseObjectClass|TGEventHandlerObject|TGTemplatedAttrObject|TGAttrObject|TGObject,c_symbol
0x005f6c50,swig_SpaceCamera_GetObject,swig,SpaceCamera,SpaceCamera,GetObject,swig_helper,CameraObjectClass|BaseObjectClass|TGEventHandlerObject|TGTemplatedAttrObject|TGAttrObject|TGObject,swig_helper_synth
0x005f6d10,swig_SpaceCamera_GetNumClassObjects,swig,SpaceCamera,SpaceCamera,GetNumClassObjects,swig_helper,CameraObjectClass|BaseObjectClass|TGEventHandlerObject|TGTemplatedAttrObject|TGAttrObject|TGObject,swig_helper_synth
0x005f6d70,swig_delete_SpaceCamera,swig,SpaceCamera,SpaceCamera,delete,swig_dtor,CameraObjectClass|BaseObjectClass|TGEventHandlerObject|TGTemplatedAttrObject|TGAttrObject|TGObject,swig_ctor_dtor
0x005f6de0,swig_LightObjectClass_Cast,swig,LightObjectClass,LightObjectClass,Cast,swig_helper,BaseObjectClass|TGEventHandlerObject|TGTemplatedAttrObject|TGAttrObject|TGObject,swig_helper_synth
0x005f6e50,swig_LightObjectClass_SetIntensity,swig,LightObjectClass,,SetIntensity,direct,BaseObjectClass|TGEventHandlerObject|TGTemplatedAttrObject|TGAttrObject|TGObject,c_symbol
0x005f6ed0,swig_LightObjectClass_GetIntensity,swig,LightObjectClass,,GetIntensity,direct,BaseObjectClass|TGEventHandlerObject|TGTemplatedAttrObject|TGAttrObject|TGObject,c_symbol
0x005f6f40,swig_LightObjectClass_AddIlluminatedObject,swig,LightObjectClass,,AddIlluminatedObject,direct,BaseObjectClass|TGEventHandlerObject|TGTemplatedAttrObject|TGAttrObject|TGObject,c_symbol
0x005f6fe0,swig_LightObjectClass_RemoveIlluminatedObject,swig,LightObjectClass,,RemoveIlluminatedObject,direct,BaseObjectClass|TGEventHandlerObject|TGTemplatedAttrObject|TGAttrObject|TGObject,c_symbol
0x005f7080,swig_LightObjectClass_IlluminateEntireSet,swig,LightObjectClass,,IlluminateEntireSet,direct,BaseObjectClass|TGEventHandlerObject|TGTemplatedAttrObject|TGAttrObject|TGObject,c_symbol
0x005f70f0,swig_LightObjectClass_UnilluminateEntireSet,swig,LightObjectClass,,UnilluminateEntireSet,direct,BaseObjectClass|TGEventHandlerObject|TGTemplatedAttrObject|TGAttrObject|TGObject,c_symbol
0x005f7160,swig_LightObjectClass_GetObject,swig,LightObjectClass,LightObjectClass,GetObject,swig_helper,BaseObjectClass|TGEventHandlerObject|TGTemplatedAttrObject|TGAttrObject|TGObject,swig_helper_synth
0x005f7220,swig_LightObjectClass_GetNumClassObjects,swig,LightObjectClass,LightObjectClass,GetNumClassObjects,swig_helper,BaseObjectClass|TGEventHandlerObject|TGTemplatedAttrObject|TGAttrObject|TGObject,swig_helper_synth
0x005f7280,swig_delete_LightObjectClass,swig,LightObjectClass,LightObjectClass,delete,swig_dtor,BaseObjectClass|TGEventHandlerObject|TGTemplatedAttrObject|TGAttrObject|TGObject,swig_ctor_dtor
0x005f72f0,swig_CameraMode_SetAttrFloat,swig,CameraMode,,SetAttrFloat,direct,TGEventHandlerObject|TGTemplatedAttrObject|TGAttrObject|TGObject,c_symbol
0x005f73b0,swig_CameraMode_GetAttrFloat,swig,CameraMode,,GetAttrFloat,direct,TGEventHandlerObject|TGTemplatedAttrObject|TGAttrObject|TGObject,c_symbol
0x005f74b0,swig_CameraMode_SetAttrID,swig,CameraMode,,SetAttrID,direct,TGEventHandlerObject|TGTemplatedAttrObject|TGAttrObject|TGObject,c_symbol
0x005f7570,swig_CameraMode_SetAttrIDObject,swig,CameraMode,,SetAttrIDObject,direct,TGEventHandlerObject|TGTemplatedAttrObject|TGAttrObject|TGObject,c_symbol
0x005f7650,swig_CameraMode_GetAttrID,swig,CameraMode,,GetAttrID,direct,TGEventHandlerObject|TGTemplatedAttrObject|TGAttrObject|TGObject,c_symbol
0x005f7750,swig_CameraMode_GetAttrIDObject,swig,,CameraMode,GetAttrIDObject,python_wrapper,,python_class_method
0x005f7800,swig_CameraMode_SetAttrPoint,swig,CameraMode,,SetAttrPoint,direct,TGEventHandlerObject|TGTemplatedAttrObject|TGAttrObject|TGObject,c_symbol
0x005f78e0,swig_CameraMode_GetAttrPoint,swig,,CameraMode,GetAttrPoint,python_wrapper,,python_class_method
0x005f79b0,swig_CameraMode_SnapToIdealPosition,swig,CameraMode,,SnapToIdealPosition,direct,TGEventHandlerObject|TGTemplatedAttrObject|TGAttrObject|TGObject,c_symbol
0x005f7a20,swig_CameraMode_Reset,swig,CameraMode,,Reset,direct,TGEventHandlerObject|TGTemplatedAttrObject|TGAttrObject|TGObject,c_symbol
0x005f7a90,swig_CameraMode_IsValid,swig,CameraMode,,IsValid,direct,TGEventHandlerObject|TGTemplatedAttrObject|TGAttrObject|TGObject,c_symbol
0x005f7b10,swig_CameraMode_GetName,swig,CameraMode,,GetName,direct,TGEventHandlerObject|TGTemplatedAttrObject|TGAttrObject|TGObject,c_symbol
0x005f7b80,swig_CameraMode_Create,swig,CameraMode,CameraMode,Create,swig_helper,TGEventHandlerObject|TGTemplatedAttrObject|TGAttrObject|TGObject,swig_helper_synth
0x005f7c30,swig_CameraMode_Update,swig,CameraMode,,Update,direct,TGEventHandlerObject|TGTemplatedAttrObject|TGAttrObject|TGObject,c_symbol
0x005f7ca0,swig_delete_CameraMode,swig,CameraMode,CameraMode,delete,swig_dtor,TGEventHandlerObject|TGTemplatedAttrObject|TGAttrObject|TGObject,swig_ctor_dtor
0x005f7d10,swig_Backdrop_Create,swig,Backdrop,Backdrop,Create,swig_helper,ObjectClass|BaseObjectClass|TGEventHandlerObject|TGTemplatedAttrObject|TGAttrObject|TGObject,swig_helper_synth
0x005f7d40,swig_Backdrop_Cast,swig,Backdrop,Backdrop,Cast,swig_helper,ObjectClass|BaseObjectClass|TGEventHandlerObject|TGTemplatedAttrObject|TGAttrObject|TGObject,swig_helper_synth
0x005f7db0,swig_Backdrop_SetModelName,swig,Backdrop,,SetModelName,direct,ObjectClass|BaseObjectClass|TGEventHandlerObject|TGTemplatedAttrObject|TGAttrObject|TGObject,c_symbol
0x005f7e70,swig_Backdrop_GetModelName,swig,Backdrop,,GetModelName,direct,ObjectClass|BaseObjectClass|TGEventHandlerObject|TGTemplatedAttrObject|TGAttrObject|TGObject,c_symbol
0x005f7ee0,swig_Backdrop_SetName,swig,Backdrop,,SetName,direct,ObjectClass|BaseObjectClass|TGEventHandlerObject|TGTemplatedAttrObject|TGAttrObject|TGObject,c_symbol
0x005f7fa0,swig_Backdrop_SetContainingSet,swig,Backdrop,,SetContainingSet,direct,ObjectClass|BaseObjectClass|TGEventHandlerObject|TGTemplatedAttrObject|TGAttrObject|TGObject,c_symbol
0x005f8040,swig_Backdrop_GetObject,swig,Backdrop,Backdrop,GetObject,swig_helper,ObjectClass|BaseObjectClass|TGEventHandlerObject|TGTemplatedAttrObject|TGAttrObject|TGObject,swig_helper_synth
0x005f8100,swig_Backdrop_GetNumClassObjects,swig,Backdrop,Backdrop,GetNumClassObjects,swig_helper,ObjectClass|BaseObjectClass|TGEventHandlerObject|TGTemplatedAttrObject|TGAttrObject|TGObject,swig_helper_synth
0x005f8160,swig_delete_Backdrop,swig,Backdrop,Backdrop,delete,swig_dtor,ObjectClass|BaseObjectClass|TGEventHandlerObject|TGTemplatedAttrObject|TGAttrObject|TGObject,swig_ctor_dtor
0x005f81d0,swig_BackdropSphere_Create,swig,BackdropSphere,BackdropSphere,Create,swig_helper,Backdrop|ObjectClass|BaseObjectClass|TGEventHandlerObject|TGTemplatedAttrObject|TGAttrObject|TGObject,swig_helper_synth
0x005f8200,swig_BackdropSphere_Cast,swig,BackdropSphere,BackdropSphere,Cast,swig_helper,Backdrop|ObjectClass|BaseObjectClass|TGEventHandlerObject|TGTemplatedAttrObject|TGAttrObject|TGObject,swig_helper_synth
0x005f8270,swig_BackdropSphere_SetHorizontalSpan,swig,BackdropSphere,,SetHorizontalSpan,direct,Backdrop|ObjectClass|BaseObjectClass|TGEventHandlerObject|TGTemplatedAttrObject|TGAttrObject|TGObject,c_symbol
0x005f82f0,swig_BackdropSphere_SetVerticalSpan,swig,BackdropSphere,,SetVerticalSpan,direct,Backdrop|ObjectClass|BaseObjectClass|TGEventHandlerObject|TGTemplatedAttrObject|TGAttrObject|TGObject,c_symbol
0x005f8370,swig_BackdropSphere_SetTextureFileName,swig,BackdropSphere,,SetTextureFileName,direct,Backdrop|ObjectClass|BaseObjectClass|TGEventHandlerObject|TGTemplatedAttrObject|TGAttrObject|TGObject,c_symbol
0x005f8430,swig_BackdropSphere_SetTextureHTile,swig,BackdropSphere,,SetTextureHTile,direct,Backdrop|ObjectClass|BaseObjectClass|TGEventHandlerObject|TGTemplatedAttrObject|TGAttrObject|TGObject,c_symbol
0x005f84b0,swig_BackdropSphere_SetTextureVTile,swig,BackdropSphere,,SetTextureVTile,direct,Backdrop|ObjectClass|BaseObjectClass|TGEventHandlerObject|TGTemplatedAttrObject|TGAttrObject|TGObject,c_symbol
0x005f8530,swig_BackdropSphere_SetDetailTextureFileName,swig,BackdropSphere,,SetDetailTextureFileName,direct,Backdrop|ObjectClass|BaseObjectClass|TGEventHandlerObject|TGTemplatedAttrObject|TGAttrObject|TGObject,c_symbol
0x005f85f0,swig_BackdropSphere_SetDetailTextureHTile,swig,BackdropSphere,,SetDetailTextureHTile,direct,Backdrop|ObjectClass|BaseObjectClass|TGEventHandlerObject|TGTemplatedAttrObject|TGAttrObject|TGObject,c_symbol
0x005f8670,swig_BackdropSphere_SetDetailTextureVTile,swig,BackdropSphere,,SetDetailTextureVTile,direct,Backdrop|ObjectClass|BaseObjectClass|TGEventHandlerObject|TGTemplatedAttrObject|TGAttrObject|TGObject,c_symbol
0x005f86f0,swig_BackdropSphere_SetDecimate,swig,BackdropSphere,,SetDecimate,direct,Backdrop|ObjectClass|BaseObjectClass|TGEventHandlerObject|TGTemplatedAttrObject|TGAttrObject|TGObject,c_symbol
0x005f8770,swig_BackdropSphere_Rebuild,swig,BackdropSphere,,Rebuild,direct,Backdrop|ObjectClass|BaseObjectClass|TGEventHandlerObject|TGTemplatedAttrObject|TGAttrObject|TGObject,c_symbol
0x005f87e0,swig_BackdropSphere_SetSphereRadius,swig,BackdropSphere,,SetSphereRadius,direct,Backdrop|ObjectClass|BaseObjectClass|TGEventHandlerObject|TGTemplatedAttrObject|TGAttrObject|TGObject,c_symbol
0x005f8860,swig_BackdropSphere_SetTargetPolyCount,swig,BackdropSphere,,SetTargetPolyCount,direct,Backdrop|ObjectClass|BaseObjectClass|TGEventHandlerObject|TGTemplatedAttrObject|TGAttrObject|TGObject,c_symbol
0x005f88e0,swig_BackdropSphere_GetObject,swig,BackdropSphere,BackdropSphere,GetObject,swig_helper,Backdrop|ObjectClass|BaseObjectClass|TGEventHandlerObject|TGTemplatedAttrObject|TGAttrObject|TGObject,swig_helper_synth
0x005f89a0,swig_BackdropSphere_GetNumClassObjects,swig,BackdropSphere,BackdropSphere,GetNumClassObjects,swig_helper,Backdrop|ObjectClass|BaseObjectClass|TGEventHandlerObject|TGTemplatedAttrObject|TGAttrObject|TGObject,swig_helper_synth
0x005f8a00,swig_BackdropSphere_SetAlphaBlendModes,swig,BackdropSphere,,SetAlphaBlendModes,direct,Backdrop|ObjectClass|BaseObjectClass|TGEventHandlerObject|TGTemplatedAttrObject|TGAttrObject|TGObject,c_symbol
0x005f8a90,swig_delete_BackdropSphere,swig,BackdropSphere,BackdropSphere,delete,swig_dtor,Backdrop|ObjectClass|BaseObjectClass|TGEventHandlerObject|TGTemplatedAttrObject|TGAttrObject|TGObject,swig_ctor_dtor
0x005f8b00,swig_StarSphere_Create,swig,StarSphere,StarSphere,Create,swig_helper,BackdropSphere|Backdrop|ObjectClass|BaseObjectClass|TGEventHandlerObject|TGTemplatedAttrObject|TGAttrObject|TGObject,swig_helper_synth
0x005f8b30,swig_StarSphere_Cast,swig,StarSphere,StarSphere,Cast,swig_helper,BackdropSphere|Backdrop|ObjectClass|BaseObjectClass|TGEventHandlerObject|TGTemplatedAttrObject|TGAttrObject|TGObject,swig_helper_synth
0x005f8ba0,swig_delete_StarSphere,swig,StarSphere,StarSphere,delete,swig_dtor,BackdropSphere|Backdrop|ObjectClass|BaseObjectClass|TGEventHandlerObject|TGTemplatedAttrObject|TGAttrObject|TGObject,swig_ctor_dtor
0x005f8c10,swig_AsteroidField_Cast,swig,AsteroidField,AsteroidField,Cast,swig_helper,ObjectClass|BaseObjectClass|TGEventHandlerObject|TGTemplatedAttrObject|TGAttrObject|TGObject,swig_helper_synth
0x005f8c80,swig_AsteroidField_Create,swig,AsteroidField,AsteroidField,Create,swig_helper,ObjectClass|BaseObjectClass|TGEventHandlerObject|TGTemplatedAttrObject|TGAttrObject|TGObject,swig_helper_synth
0x005f8d00,swig_AsteroidField_Update,swig,AsteroidField,,Update,direct,ObjectClass|BaseObjectClass|TGEventHandlerObject|TGTemplatedAttrObject|TGAttrObject|TGObject,c_symbol
0x005f8d80,swig_AsteroidField_GetOuterFieldRadius,swig,AsteroidField,,GetOuterFieldRadius,direct,ObjectClass|BaseObjectClass|TGEventHandlerObject|TGTemplatedAttrObject|TGAttrObject|TGObject,c_symbol
0x005f8df0,swig_AsteroidField_SetOuterFieldRadius,swig,AsteroidField,,SetOuterFieldRadius,direct,ObjectClass|BaseObjectClass|TGEventHandlerObject|TGTemplatedAttrObject|TGAttrObject|TGObject,c_symbol
0x005f8e70,swig_AsteroidField_GetInnerFieldRadius,swig,AsteroidField,,GetInnerFieldRadius,direct,ObjectClass|BaseObjectClass|TGEventHandlerObject|TGTemplatedAttrObject|TGAttrObject|TGObject,c_symbol
0x005f8ee0,swig_AsteroidField_SetInnerFieldRadius,swig,AsteroidField,,SetInnerFieldRadius,direct,ObjectClass|BaseObjectClass|TGEventHandlerObject|TGTemplatedAttrObject|TGAttrObject|TGObject,c_symbol
0x005f8f60,swig_AsteroidField_GetNumAsteroidsPerTile,swig,AsteroidField,,GetNumAsteroidsPerTile,direct,ObjectClass|BaseObjectClass|TGEventHandlerObject|TGTemplatedAttrObject|TGAttrObject|TGObject,c_symbol
0x005f8fc0,swig_AsteroidField_SetNumAsteroidsPerTile,swig,AsteroidField,,SetNumAsteroidsPerTile,direct,ObjectClass|BaseObjectClass|TGEventHandlerObject|TGTemplatedAttrObject|TGAttrObject|TGObject,c_symbol
0x005f9040,swig_AsteroidField_GetAsteroidSizeFactor,swig,AsteroidField,,GetAsteroidSizeFactor,direct,ObjectClass|BaseObjectClass|TGEventHandlerObject|TGTemplatedAttrObject|TGAttrObject|TGObject,c_symbol
0x005f90b0,swig_AsteroidField_SetAsteroidSizeFactor,swig,AsteroidField,,SetAsteroidSizeFactor,direct,ObjectClass|BaseObjectClass|TGEventHandlerObject|TGTemplatedAttrObject|TGAttrObject|TGObject,c_symbol
0x005f9130,swig_AsteroidField_GetTileSize,swig,AsteroidField,,GetTileSize,direct,ObjectClass|BaseObjectClass|TGEventHandlerObject|TGTemplatedAttrObject|TGAttrObject|TGObject,c_symbol
0x005f91a0,swig_AsteroidField_IsShipInside,swig,AsteroidField,,IsShipInside,direct,ObjectClass|BaseObjectClass|TGEventHandlerObject|TGTemplatedAttrObject|TGAttrObject|TGObject,c_symbol
0x005f9250,swig_AsteroidField_GetObject,swig,AsteroidField,AsteroidField,GetObject,swig_helper,ObjectClass|BaseObjectClass|TGEventHandlerObject|TGTemplatedAttrObject|TGAttrObject|TGObject,swig_helper_synth
0x005f9310,swig_AsteroidField_GetNumClassObjects,swig,AsteroidField,AsteroidField,GetNumClassObjects,swig_helper,ObjectClass|BaseObjectClass|TGEventHandlerObject|TGTemplatedAttrObject|TGAttrObject|TGObject,swig_helper_synth
0x005f9370,swig_delete_AsteroidField,swig,AsteroidField,AsteroidField,delete,swig_dtor,ObjectClass|BaseObjectClass|TGEventHandlerObject|TGTemplatedAttrObject|TGAttrObject|TGObject,swig_ctor_dtor
0x005f93e0,swig_SetFloatVarEvent_Create,swig,SetFloatVarEvent,SetFloatVarEvent,Create,swig_helper,TGEvent|TGObject,swig_helper_synth
0x005f9440,swig_SetFloatVarEvent_SetScope,swig,SetFloatVarEvent,,SetScope,direct,TGEvent|TGObject,c_symbol
0x005f9500,swig_SetFloatVarEvent_GetScope,swig,SetFloatVarEvent,,GetScope,direct,TGEvent|TGObject,c_symbol
0x005f9570,swig_SetFloatVarEvent_SetName,swig,SetFloatVarEvent,,SetName,direct,TGEvent|TGObject,c_symbol
0x005f9630,swig_SetFloatVarEvent_GetName,swig,SetFloatVarEvent,,GetName,direct,TGEvent|TGObject,c_symbol
0x005f96a0,swig_SetFloatVarEvent_SetValue,swig,SetFloatVarEvent,,SetValue,direct,TGEvent|TGObject,c_symbol
0x005f9720,swig_SetFloatVarEvent_GetValue,swig,SetFloatVarEvent,,GetValue,direct,TGEvent|TGObject,c_symbol
0x005f9790,swig_delete_SetFloatVarEvent,swig,SetFloatVarEvent,SetFloatVarEvent,delete,swig_dtor,TGEvent|TGObject,swig_ctor_dtor
0x005f9800,swig_new_VarManagerClass,swig,VarManagerClass,VarManagerClass,new,swig_ctor,TGEventHandlerObject|TGTemplatedAttrObject|TGAttrObject|TGObject,swig_ctor_dtor
0x005f9860,swig_delete_VarManagerClass,swig,VarManagerClass,VarManagerClass,delete,swig_dtor,TGEventHandlerObject|TGTemplatedAttrObject|TGAttrObject|TGObject,swig_ctor_dtor
0x005f98d0,swig_VarManagerClass_SetFloatVariable,swig,VarManagerClass,,SetFloatVariable,direct,TGEventHandlerObject|TGTemplatedAttrObject|TGAttrObject|TGObject,c_symbol
0x005f99f0,swig_VarManagerClass_GetFloatVariable,swig,VarManagerClass,,GetFloatVariable,direct,TGEventHandlerObject|TGTemplatedAttrObject|TGAttrObject|TGObject,c_symbol
0x005f9b00,swig_VarManagerClass_SetStringVariable,swig,VarManagerClass,,SetStringVariable,direct,TGEventHandlerObject|TGTemplatedAttrObject|TGAttrObject|TGObject,c_symbol
0x005f9c60,swig_VarManagerClass_GetStringVariable,swig,VarManagerClass,,GetStringVariable,direct,TGEventHandlerObject|TGTemplatedAttrObject|TGAttrObject|TGObject,c_symbol
0x005f9d80,swig_VarManagerClass_DeleteAllVariables,swig,VarManagerClass,,DeleteAllVariables,direct,TGEventHandlerObject|TGTemplatedAttrObject|TGAttrObject|TGObject,c_symbol
0x005f9df0,swig_VarManagerClass_DeleteAllScopedVariables,swig,VarManagerClass,,DeleteAllScopedVariables,direct,TGEventHandlerObject|TGTemplatedAttrObject|TGAttrObject|TGObject,c_symbol
0x005f9eb0,swig_VarManagerClass_MakeEpisodeEventType,swig,VarManagerClass,,MakeEpisodeEventType,direct,TGEventHandlerObject|TGTemplatedAttrObject|TGAttrObject|TGObject,c_symbol
0x005f9f20,swig_new_CPyDebug,swig,CPyDebug,CPyDebug,new,swig_ctor,,swig_ctor_dtor
0x005f9fd0,swig_delete_CPyDebug,swig,CPyDebug,CPyDebug,delete,swig_dtor,,swig_ctor_dtor
0x005fa050,swig_CPyDebug_Print,swig,CPyDebug,,Print,direct,,c_symbol
0x005fa110,swig_ImageManagerClass_GetImageDetail,swig,ImageManagerClass,,GetImageDetail,direct,,c_symbol
0x005fa170,swig_ImageManagerClass_SetImageDetail,swig,ImageManagerClass,,SetImageDetail,direct,,c_symbol
0x005fa1f0,swig_ImageManagerClass_GetImage,swig,,ImageManagerClass,GetImage,python_wrapper,,python_class_method
0x005fa2f0,swig_ImageManagerClass_EnableMipMaps,swig,ImageManagerClass,,EnableMipMaps,direct,,c_symbol
0x005fa370,swig_ImageManagerClass_AreMipMapsEnabled,swig,ImageManagerClass,,AreMipMapsEnabled,direct,,c_symbol
0x005fa3f0,swig_ImageManagerClass_FindDetailPath,swig,ImageManagerClass,,FindDetailPath,direct,,c_symbol
0x005fa4b0,swig_ImageManagerClass_SetDefaultTextureFilterQuality,swig,ImageManagerClass,,SetDefaultTextureFilterQuality,direct,,c_symbol
0x005fa530,swig_ImageManagerClass_GetDefaultTextureFilterQuality,swig,ImageManagerClass,,GetDefaultTextureFilterQuality,direct,,c_symbol
0x005fa590,swig_new_FocusManager,swig,FocusManager,FocusManager,new,swig_ctor,,swig_ctor_dtor
0x005fa5e0,swig_delete_FocusManager,swig,FocusManager,FocusManager,delete,swig_dtor,,swig_ctor_dtor
0x005fa660,swig_FocusManager_AddObjectToTabOrder,swig,FocusManager,,AddObjectToTabOrder,direct,,c_symbol
0x005fa700,swig_FocusManager_RemoveObjectFromTabOrder,swig,FocusManager,,RemoveObjectFromTabOrder,direct,,c_symbol
0x005fa7a0,swig_FocusManager_RemoveAllObjects,swig,FocusManager,,RemoveAllObjects,direct,,c_symbol
0x005fa810,swig_FocusManager_RemoveAllObjectsUnder,swig,FocusManager,,RemoveAllObjectsUnder,direct,,c_symbol
0x005fa8b0,swig_FocusManager_Tab,swig,FocusManager,,Tab,direct,,c_symbol
0x005fa920,swig_LODModel_AddLOD,swig,LODModel,,AddLOD,direct,,c_symbol
0x005fad70,swig_LODModel_SetTextureSharePath,swig,LODModel,,SetTextureSharePath,direct,,c_symbol
0x005fae30,swig_LODModel_AddGlowPassTexture,swig,LODModel,,AddGlowPassTexture,direct,,c_symbol
0x005faf40,swig_LODModel_Load,swig,LODModel,,Load,direct,,c_symbol
0x005fafb0,swig_LODModel_LoadIncremental,swig,LODModel,,LoadIncremental,direct,,c_symbol
0x005fb020,swig_LODModelManager_Create,swig,,LODModelManager,Create,python_wrapper,,python_class_method
0x005fb170,swig_LODModelManager_Contains,swig,LODModelManager,,Contains,direct,,c_symbol
0x005fb230,swig_LODModelManager_Unrefer,swig,LODModelManager,,Unrefer,direct,,c_symbol
0x005fb2f0,swig_LODModelManager_ForgetAll,swig,LODModelManager,,ForgetAll,direct,,c_symbol
0x005fb360,swig_LODModelManager_Purge,swig,LODModelManager,,Purge,direct,,c_symbol
0x005fb3d0,swig_LODModelManager_AreGlowMapsEnabled,swig,LODModelManager,,AreGlowMapsEnabled,direct,,c_symbol
0x005fb450,swig_LODModelManager_SetGlowMapsEnabled,swig,LODModelManager,,SetGlowMapsEnabled,direct,,c_symbol
0x005fb4d0,swig_LODModelManager_AreSpecularMapsEnabled,swig,LODModelManager,,AreSpecularMapsEnabled,direct,,c_symbol
0x005fb550,swig_LODModelManager_SetSpecularMapsEnabled,swig,LODModelManager,,SetSpecularMapsEnabled,direct,,c_symbol
0x005fb5d0,swig_LODModelManager_IsMotionBlurEnabled,swig,LODModelManager,,IsMotionBlurEnabled,direct,,c_symbol
0x005fb650,swig_LODModelManager_SetMotionBlurEnabled,swig,LODModelManager,,SetMotionBlurEnabled,direct,,c_symbol
0x005fb6d0,swig_LODModelManager_SetDropLODLevel,swig,LODModelManager,,SetDropLODLevel,direct,,c_symbol
0x005fb750,swig_LODModelManager_GetDropLODLevel,swig,LODModelManager,,GetDropLODLevel,direct,,c_symbol
0x005fb7b0,swig_FloatRangeWatcher_GetWatchedVariable,swig,FloatRangeWatcher,,GetWatchedVariable,direct,,c_symbol
0x005fb820,swig_FloatRangeWatcher_AddRangeCheck,swig,FloatRangeWatcher,,AddRangeCheck,direct,,c_symbol
0x005fb8d0,swig_FloatRangeWatcher_RemoveRangeCheck,swig,FloatRangeWatcher,,RemoveRangeCheck,direct,,c_symbol
0x005fb950,swig_new_TGStringToStringMap,swig,TGStringToStringMap,TGStringToStringMap,new,swig_ctor,,swig_ctor_dtor
0x005fb9a0,swig_delete_TGStringToStringMap,swig,TGStringToStringMap,TGStringToStringMap,delete,swig_dtor,,swig_ctor_dtor
0x005fba20,swig_TGStringToStringMap_AddMapping,swig,TGStringToStringMap,,AddMapping,direct,,c_symbol
0x005fbb30,swig_TGStringToStringMap_GetDest,swig,TGStringToStringMap,,GetDest,direct,,c_symbol
0x005fbbf0,swig_TGStringToStringMap_DeleteMappings,swig,TGStringToStringMap,,DeleteMappings,direct,,c_symbol
0x005fbc60,swig_LoadMissionAction_Create,swig,LoadMissionAction,LoadMissionAction,Create,swig_helper,TGScriptAction|TGAction|TGObject,swig_helper_synth
0x005fbd10,swig_LoadMissionAction_GetGame,swig,,LoadMissionAction,GetGame,python_wrapper,,python_class_method
0x005fbd80,swig_LoadMissionAction_GetEpisode,swig,,LoadMissionAction,GetEpisode,python_wrapper,,python_class_method
0x005fbdf0,swig_LoadMissionAction_Play,swig,LoadMissionAction,,Play,direct,TGScriptAction|TGAction|TGObject,c_symbol
0x005fbe60,swig_LoadEpisodeAction_Create,swig,LoadEpisodeAction,LoadEpisodeAction,Create,swig_helper,TGScriptAction|TGAction|TGObject,swig_helper_synth
0x005fbf10,swig_LoadEpisodeAction_Play,swig,LoadEpisodeAction,,Play,direct,TGScriptAction|TGAction|TGObject,c_symbol
0x005fbf80,swig_ChatObjectClass_Create,swig,ChatObjectClass,ChatObjectClass,Create,swig_helper,TGEventHandlerObject|TGTemplatedAttrObject|TGAttrObject|TGObject,swig_helper_synth
0x005fc000,swig_ChatObjectClass_Disconnect,swig,ChatObjectClass,,Disconnect,direct,TGEventHandlerObject|TGTemplatedAttrObject|TGAttrObject|TGObject,c_symbol
0x005fc070,swig_ChatObjectClass_IsChatObjectReady,swig,ChatObjectClass,,IsChatObjectReady,direct,TGEventHandlerObject|TGTemplatedAttrObject|TGAttrObject|TGObject,c_symbol
0x005fc0f0,swig_ChatObjectClass_GetLocalIPAddress,swig,ChatObjectClass,,GetLocalIPAddress,direct,TGEventHandlerObject|TGTemplatedAttrObject|TGAttrObject|TGObject,c_symbol
0x005fc160,swig_ChatObjectClass_SendChatMessage,swig,ChatObjectClass,,SendChatMessage,direct,TGEventHandlerObject|TGTemplatedAttrObject|TGAttrObject|TGObject,c_symbol
0x005fc220,swig_delete_ChatObjectClass,swig,ChatObjectClass,ChatObjectClass,delete,swig_dtor,TGEventHandlerObject|TGTemplatedAttrObject|TGAttrObject|TGObject,swig_ctor_dtor
0x005fc290,swig_new_GraphicsModeInfo,swig,GraphicsModeInfo,GraphicsModeInfo,new,swig_ctor,,swig_ctor_dtor
0x005fc2e0,swig_delete_GraphicsModeInfo,swig,GraphicsModeInfo,GraphicsModeInfo,delete,swig_dtor,,swig_ctor_dtor
0x005fc360,swig_GraphicsModeInfo_GetCurrentMode,swig,GraphicsModeInfo,,GetCurrentMode,direct_unmatched,,class_prefix
0x005fc390,swig_GraphicsModeInfo_GetDevice,swig,GraphicsModeInfo,,GetDevice,direct,,c_symbol
0x005fc400,swig_GraphicsModeInfo_GetDesc,swig,,GraphicsModeInfo,GetDesc,python_wrapper,,python_class_method
0x005fc470,swig_GraphicsModeInfo_IsWindowed,swig,GraphicsModeInfo,,IsWindowed,direct,,c_symbol
0x005fc4f0,swig_GraphicsModeInfo_GetWidth,swig,GraphicsModeInfo,,GetWidth,direct,,c_symbol
0x005fc550,swig_GraphicsModeInfo_GetHeight,swig,GraphicsModeInfo,,GetHeight,direct,,c_symbol
0x005fc5b0,swig_GraphicsModeInfo_GetColorDepth,swig,GraphicsModeInfo,,GetColorDepth,direct,,c_symbol
0x005fc610,swig_GraphicsModeInfo_IsHighZBuffer,swig,GraphicsModeInfo,,IsHighZBuffer,direct,,c_symbol
0x005fc690,swig_GraphicsModeInfo_GetPixelWidth,swig,GraphicsModeInfo,,GetPixelWidth,direct,,c_symbol
0x005fc710,swig_GraphicsModeInfo_GetPixelHeight,swig,GraphicsModeInfo,,GetPixelHeight,direct,,c_symbol
0x005fc790,swig_GraphicsModeInfo_GetCurrentResolution,swig,GraphicsModeInfo,,GetCurrentResolution,direct,,c_symbol
0x005fc7f0,swig_GraphicsModeInfo_GetLcarsString,swig,GraphicsModeInfo,,GetLcarsString,direct,,c_symbol
0x005fc860,swig_GraphicsModeInfo_GetLcarsModule,swig,GraphicsModeInfo,,GetLcarsModule,direct,,c_symbol
0x005fc8d0,swig_TimeSliceProcess_Update,swig,TimeSliceProcess,,Update,direct,,c_symbol
0x005fc950,swig_TimeSliceProcess_SetPriority,swig,TimeSliceProcess,,SetPriority,direct,,c_symbol
0x005fc9d0,swig_TimeSliceProcess_GetPriority,swig,TimeSliceProcess,,GetPriority,direct,,c_symbol
0x005fca30,swig_TimeSliceProcess_SetDelay,swig,TimeSliceProcess,,SetDelay,direct,,c_symbol
0x005fcab0,swig_TimeSliceProcess_GetDelay,swig,TimeSliceProcess,,GetDelay,direct,,c_symbol
0x005fcb30,swig_TimeSliceProcess_SetDelayUsesGameTime,swig,TimeSliceProcess,,SetDelayUsesGameTime,direct,,c_symbol
0x005fcbb0,swig_TimeSliceProcess_GetDelayUsesGameTime,swig,TimeSliceProcess,,GetDelayUsesGameTime,direct,,c_symbol
0x005fcc30,swig_new_PythonMethodProcess,swig,PythonMethodProcess,PythonMethodProcess,new,swig_ctor,TimeSliceProcess,swig_ctor_dtor
0x005fcce0,swig_delete_PythonMethodProcess,swig,PythonMethodProcess,PythonMethodProcess,delete,swig_dtor,TimeSliceProcess,swig_ctor_dtor
0x005fcd50,swig_PythonMethodProcess_SetFunction,swig,PythonMethodProcess,,SetFunction,direct,TimeSliceProcess,c_symbol
0x005fce50,swig_new_ChangeRenderedSetAction,swig,ChangeRenderedSetAction,ChangeRenderedSetAction,new,swig_ctor,TGAction|TGObject,swig_ctor_dtor
0x005fcef0,swig_delete_ChangeRenderedSetAction,swig,ChangeRenderedSetAction,ChangeRenderedSetAction,delete,swig_dtor,TGAction|TGObject,swig_ctor_dtor
0x005fcf60,swig_ChangeRenderedSetAction_Create,swig,ChangeRenderedSetAction,ChangeRenderedSetAction,Create,swig_helper,TGAction|TGObject,swig_helper_synth
0x005fd010,swig_ChangeRenderedSetAction_CreateFromSet,swig,ChangeRenderedSetAction,,CreateFromSet,direct_unmatched,TGAction|TGObject,class_prefix
0x005fd0b0,swig_ChangeRenderedSetAction_SetName,swig,ChangeRenderedSetAction,,SetName,direct,TGAction|TGObject,c_symbol
0x005fd170,swig_ZoomCameraObjectClass_UpdateViewFrustum,swig,ZoomCameraObjectClass,,UpdateViewFrustum,direct,CameraObjectClass|BaseObjectClass|TGEventHandlerObject|TGTemplatedAttrObject|TGAttrObject|TGObject,c_symbol
0x005fd1e0,swig_new_ZoomCameraObjectClass,swig,ZoomCameraObjectClass,ZoomCameraObjectClass,new,swig_ctor,CameraObjectClass|BaseObjectClass|TGEventHandlerObject|TGTemplatedAttrObject|TGAttrObject|TGObject,swig_ctor_dtor
0x005fd260,swig_ZoomCameraObjectClass_Create,swig,ZoomCameraObjectClass,ZoomCameraObjectClass,Create,swig_helper,CameraObjectClass|BaseObjectClass|TGEventHandlerObject|TGTemplatedAttrObject|TGAttrObject|TGObject,swig_helper_synth
0x005fd330,swig_ZoomCameraObjectClass_Cast,swig,ZoomCameraObjectClass,ZoomCameraObjectClass,Cast,swig_helper,CameraObjectClass|BaseObjectClass|TGEventHandlerObject|TGTemplatedAttrObject|TGAttrObject|TGObject,swig_helper_synth
0x005fd3a0,swig_ZoomCameraObjectClass_GetMaxZoom,swig,ZoomCameraObjectClass,,GetMaxZoom,direct,CameraObjectClass|BaseObjectClass|TGEventHandlerObject|TGTemplatedAttrObject|TGAttrObject|TGObject,c_symbol
0x005fd410,swig_ZoomCameraObjectClass_GetMinZoom,swig,ZoomCameraObjectClass,,GetMinZoom,direct,CameraObjectClass|BaseObjectClass|TGEventHandlerObject|TGTemplatedAttrObject|TGAttrObject|TGObject,c_symbol
0x005fd480,swig_ZoomCameraObjectClass_GetZoomTime,swig,ZoomCameraObjectClass,,GetZoomTime,direct,CameraObjectClass|BaseObjectClass|TGEventHandlerObject|TGTemplatedAttrObject|TGAttrObject|TGObject,c_symbol
0x005fd4f0,swig_ZoomCameraObjectClass_IsZoomed,swig,ZoomCameraObjectClass,,IsZoomed,direct,CameraObjectClass|BaseObjectClass|TGEventHandlerObject|TGTemplatedAttrObject|TGAttrObject|TGObject,c_symbol
0x005fd570,swig_ZoomCameraObjectClass_ToggleZoom,swig,ZoomCameraObjectClass,,ToggleZoom,direct,CameraObjectClass|BaseObjectClass|TGEventHandlerObject|TGTemplatedAttrObject|TGAttrObject|TGObject,c_symbol
0x005fd5f0,swig_ZoomCameraObjectClass_SetMaxZoom,swig,ZoomCameraObjectClass,,SetMaxZoom,direct,CameraObjectClass|BaseObjectClass|TGEventHandlerObject|TGTemplatedAttrObject|TGAttrObject|TGObject,c_symbol
0x005fd670,swig_ZoomCameraObjectClass_SetMinZoom,swig,ZoomCameraObjectClass,,SetMinZoom,direct,CameraObjectClass|BaseObjectClass|TGEventHandlerObject|TGTemplatedAttrObject|TGAttrObject|TGObject,c_symbol
0x005fd6f0,swig_ZoomCameraObjectClass_SetZoomTime,swig,ZoomCameraObjectClass,,SetZoomTime,direct,CameraObjectClass|BaseObjectClass|TGEventHandlerObject|TGTemplatedAttrObject|TGAttrObject|TGObject,c_symbol
0x005fd770,swig_ZoomCameraObjectClass_SetShake,swig,ZoomCameraObjectClass,,SetShake,direct,CameraObjectClass|BaseObjectClass|TGEventHandlerObject|TGTemplatedAttrObject|TGAttrObject|TGObject,c_symbol
0x005fd800,swig_ZoomCameraObjectClass_GetShake,swig,ZoomCameraObjectClass,,GetShake,direct,CameraObjectClass|BaseObjectClass|TGEventHandlerObject|TGTemplatedAttrObject|TGAttrObject|TGObject,c_symbol
0x005fd870,swig_ZoomCameraObjectClass_LookForward,swig,ZoomCameraObjectClass,,LookForward,direct,CameraObjectClass|BaseObjectClass|TGEventHandlerObject|TGTemplatedAttrObject|TGAttrObject|TGObject,c_symbol
0x005fd8e0,swig_ZoomCameraObjectClass_GetObject,swig,ZoomCameraObjectClass,ZoomCameraObjectClass,GetObject,swig_helper,CameraObjectClass|BaseObjectClass|TGEventHandlerObject|TGTemplatedAttrObject|TGAttrObject|TGObject,swig_helper_synth
0x005fd9a0,swig_ZoomCameraObjectClass_GetNumClassObjects,swig,ZoomCameraObjectClass,ZoomCameraObjectClass,GetNumClassObjects,swig_helper,CameraObjectClass|BaseObjectClass|TGEventHandlerObject|TGTemplatedAttrObject|TGAttrObject|TGObject,swig_helper_synth
0x005fda00,swig_delete_ZoomCameraObjectClass,swig,ZoomCameraObjectClass,ZoomCameraObjectClass,delete,swig_dtor,CameraObjectClass|BaseObjectClass|TGEventHandlerObject|TGTemplatedAttrObject|TGAttrObject|TGObject,swig_ctor_dtor
0x005fda70,swig_CharacterAction_Create,swig,CharacterAction,CharacterAction,Create,swig_helper,TGAction|TGObject,swig_helper_synth
0x005fdc50,swig_CharacterAction_CreateByName,swig,CharacterAction,,CreateByName,direct_unmatched,TGAction|TGObject,class_prefix
0x005fde90,swig_CharacterAction_Cast,swig,CharacterAction,CharacterAction,Cast,swig_helper,TGAction|TGObject,swig_helper_synth
0x005fdf00,swig_CharacterAction_ConvertFolderLWVs,swig,CharacterAction,,ConvertFolderLWVs,direct_unmatched,TGAction|TGObject,class_prefix
0x005fdf80,swig_CharacterAction_Play,swig,CharacterAction,,Play,direct,TGAction|TGObject,c_symbol
0x005fdff0,swig_CharacterAction_Completed,swig,CharacterAction,,Completed,direct,TGAction|TGObject,c_symbol
0x005fe060,swig_CharacterAction_GetActionType,swig,CharacterAction,,GetActionType,direct,TGAction|TGObject,c_symbol
0x005fe0c0,swig_CharacterAction_GetDetail,swig,CharacterAction,,GetDetail,direct,TGAction|TGObject,c_symbol
0x005fe130,swig_CharacterAction_SetPriority,swig,CharacterAction,,SetPriority,direct,TGAction|TGObject,c_symbol
0x005fe1b0,swig_CharacterAction_SetSubPriority,swig,CharacterAction,,SetSubPriority,direct,TGAction|TGObject,c_symbol
0x005fe230,swig_CharacterAction_SetSkipAllLines,swig,CharacterAction,,SetSkipAllLines,direct_unmatched,TGAction|TGObject,class_prefix
0x005fe270,swig_CharacterAction_UseNameAndSetInsteadOfObject,swig,CharacterAction,,UseNameAndSetInsteadOfObject,direct,TGAction|TGObject,c_symbol
0x005fe380,swig_CharacterClass_Create,swig,CharacterClass,CharacterClass,Create,swig_helper,ObjectClass|BaseObjectClass|TGEventHandlerObject|TGTemplatedAttrObject|TGAttrObject|TGObject,swig_helper_synth
0x005fe480,swig_CharacterClass_CreateNull,swig,CharacterClass,CharacterClass,CreateNull,swig_helper,ObjectClass|BaseObjectClass|TGEventHandlerObject|TGTemplatedAttrObject|TGAttrObject|TGObject,swig_helper_synth
0x005fe4b0,swig_CharacterClass_Cast,swig,CharacterClass,CharacterClass,Cast,swig_helper,ObjectClass|BaseObjectClass|TGEventHandlerObject|TGTemplatedAttrObject|TGAttrObject|TGObject,swig_helper_synth
0x005fe520,swig_CharacterClass_SetAllowExtras,swig,CharacterClass,,SetAllowExtras,direct_unmatched,ObjectClass|BaseObjectClass|TGEventHandlerObject|TGTemplatedAttrObject|TGAttrObject|TGObject,class_prefix
0x005fe570,swig_CharacterClass_SetWalkOnChance,swig,CharacterClass,,SetWalkOnChance,direct_unmatched,ObjectClass|BaseObjectClass|TGEventHandlerObject|TGTemplatedAttrObject|TGAttrObject|TGObject,class_prefix
0x005fe5c0,swig_CharacterClass_GetWalkOnChance,swig,CharacterClass,,GetWalkOnChance,direct_unmatched,ObjectClass|BaseObjectClass|TGEventHandlerObject|TGTemplatedAttrObject|TGAttrObject|TGObject,class_prefix
0x005fe5f0,swig_CharacterClass_IsSomeoneSpeaking,swig,CharacterClass,,IsSomeoneSpeaking,direct_unmatched,ObjectClass|BaseObjectClass|TGEventHandlerObject|TGTemplatedAttrObject|TGAttrObject|TGObject,class_prefix
0x005fe630,swig_CharacterClass_SetToolTipsEnabled,swig,CharacterClass,,SetToolTipsEnabled,direct_unmatched,ObjectClass|BaseObjectClass|TGEventHandlerObject|TGTemplatedAttrObject|TGAttrObject|TGObject,class_prefix
0x005fe680,swig_CharacterClass_AreToolTipsEnabled,swig,CharacterClass,,AreToolTipsEnabled,direct_unmatched,ObjectClass|BaseObjectClass|TGEventHandlerObject|TGTemplatedAttrObject|TGAttrObject|TGObject,class_prefix
0x005fe6c0,swig_CharacterClass_SetCollisionAlertEnabled,swig,CharacterClass,,SetCollisionAlertEnabled,direct_unmatched,ObjectClass|BaseObjectClass|TGEventHandlerObject|TGTemplatedAttrObject|TGAttrObject|TGObject,class_prefix
0x005fe710,swig_CharacterClass_IsCollisionAlertEnabled,swig,CharacterClass,,IsCollisionAlertEnabled,direct_unmatched,ObjectClass|BaseObjectClass|TGEventHandlerObject|TGTemplatedAttrObject|TGAttrObject|TGObject,class_prefix
0x005fe750,swig_CharacterClass_ReplaceBodyAndHead,swig,CharacterClass,,ReplaceBodyAndHead,direct,ObjectClass|BaseObjectClass|TGEventHandlerObject|TGTemplatedAttrObject|TGAttrObject|TGObject,c_symbol
0x005fe860,swig_CharacterClass_MorphBody,swig,CharacterClass,,MorphBody,direct,ObjectClass|BaseObjectClass|TGEventHandlerObject|TGTemplatedAttrObject|TGAttrObject|TGObject,c_symbol
0x005fe920,swig_CharacterClass_GetYesSir,swig,CharacterClass,,GetYesSir,direct,ObjectClass|BaseObjectClass|TGEventHandlerObject|TGTemplatedAttrObject|TGAttrObject|TGObject,c_symbol
0x005fe990,swig_CharacterClass_SetYesSir,swig,CharacterClass,,SetYesSir,direct,ObjectClass|BaseObjectClass|TGEventHandlerObject|TGTemplatedAttrObject|TGAttrObject|TGObject,c_symbol
0x005fea50,swig_CharacterClass_GetHeadHeight,swig,CharacterClass,,GetHeadHeight,direct,ObjectClass|BaseObjectClass|TGEventHandlerObject|TGTemplatedAttrObject|TGAttrObject|TGObject,c_symbol
0x005feac0,swig_CharacterClass_SetVolumeForLineType,swig,CharacterClass,,SetVolumeForLineType,direct_unmatched,ObjectClass|BaseObjectClass|TGEventHandlerObject|TGTemplatedAttrObject|TGAttrObject|TGObject,class_prefix
0x005feb10,swig_CharacterClass_GetVolumeForLineType,swig,CharacterClass,,GetVolumeForLineType,direct_unmatched,ObjectClass|BaseObjectClass|TGEventHandlerObject|TGTemplatedAttrObject|TGAttrObject|TGObject,class_prefix
0x005feb50,swig_CharacterClass_SetSize,swig,CharacterClass,,SetSize,direct,ObjectClass|BaseObjectClass|TGEventHandlerObject|TGTemplatedAttrObject|TGAttrObject|TGObject,c_symbol
0x005febd0,swig_CharacterClass_GetSize,swig,CharacterClass,,GetSize,direct,ObjectClass|BaseObjectClass|TGEventHandlerObject|TGTemplatedAttrObject|TGAttrObject|TGObject,c_symbol
0x005fec30,swig_CharacterClass_SetGender,swig,CharacterClass,,SetGender,direct,ObjectClass|BaseObjectClass|TGEventHandlerObject|TGTemplatedAttrObject|TGAttrObject|TGObject,c_symbol
0x005fecb0,swig_CharacterClass_GetGender,swig,CharacterClass,,GetGender,direct,ObjectClass|BaseObjectClass|TGEventHandlerObject|TGTemplatedAttrObject|TGAttrObject|TGObject,c_symbol
0x005fed10,swig_CharacterClass_SetBlinkStages,swig,CharacterClass,,SetBlinkStages,direct,ObjectClass|BaseObjectClass|TGEventHandlerObject|TGTemplatedAttrObject|TGAttrObject|TGObject,c_symbol
0x005fed90,swig_CharacterClass_IsSpeaking,swig,CharacterClass,,IsSpeaking,direct,ObjectClass|BaseObjectClass|TGEventHandlerObject|TGTemplatedAttrObject|TGAttrObject|TGObject,c_symbol
0x005fedf0,swig_CharacterClass_IsReadyToSpeak,swig,CharacterClass,,IsReadyToSpeak,direct,ObjectClass|BaseObjectClass|TGEventHandlerObject|TGTemplatedAttrObject|TGAttrObject|TGObject,c_symbol
0x005fee70,swig_CharacterClass_IsAnimating,swig,CharacterClass,,IsAnimating,direct,ObjectClass|BaseObjectClass|TGEventHandlerObject|TGTemplatedAttrObject|TGAttrObject|TGObject,c_symbol
0x005feef0,swig_CharacterClass_IsGoingToAnimate,swig,CharacterClass,,IsGoingToAnimate,direct,ObjectClass|BaseObjectClass|TGEventHandlerObject|TGTemplatedAttrObject|TGAttrObject|TGObject,c_symbol
0x005fef70,swig_CharacterClass_IsAnimatingInterruptable,swig,CharacterClass,,IsAnimatingInterruptable,direct,ObjectClass|BaseObjectClass|TGEventHandlerObject|TGTemplatedAttrObject|TGAttrObject|TGObject,c_symbol
0x005feff0,swig_CharacterClass_IsAnimatingNonInterruptable,swig,CharacterClass,,IsAnimatingNonInterruptable,direct,ObjectClass|BaseObjectClass|TGEventHandlerObject|TGTemplatedAttrObject|TGAttrObject|TGObject,c_symbol
0x005ff070,swig_CharacterClass_IsRandomAnimationEnabled,swig,CharacterClass,,IsRandomAnimationEnabled,direct,ObjectClass|BaseObjectClass|TGEventHandlerObject|TGTemplatedAttrObject|TGAttrObject|TGObject,c_symbol
0x005ff0f0,swig_CharacterClass_IsStanding,swig,CharacterClass,,IsStanding,direct,ObjectClass|BaseObjectClass|TGEventHandlerObject|TGTemplatedAttrObject|TGAttrObject|TGObject,c_symbol
0x005ff150,swig_CharacterClass_IsTurned,swig,CharacterClass,,IsTurned,direct,ObjectClass|BaseObjectClass|TGEventHandlerObject|TGTemplatedAttrObject|TGAttrObject|TGObject,c_symbol
0x005ff1b0,swig_CharacterClass_IsUIDisabled,swig,CharacterClass,,IsUIDisabled,direct,ObjectClass|BaseObjectClass|TGEventHandlerObject|TGTemplatedAttrObject|TGAttrObject|TGObject,c_symbol
0x005ff210,swig_CharacterClass_IsGlancing,swig,CharacterClass,,IsGlancing,direct,ObjectClass|BaseObjectClass|TGEventHandlerObject|TGTemplatedAttrObject|TGAttrObject|TGObject,c_symbol
0x005ff270,swig_CharacterClass_SetMenuEnabled,swig,CharacterClass,,SetMenuEnabled,direct,ObjectClass|BaseObjectClass|TGEventHandlerObject|TGTemplatedAttrObject|TGAttrObject|TGObject,c_symbol
0x005ff300,swig_CharacterClass_IsMenuEnabled,swig,CharacterClass,,IsMenuEnabled,direct,ObjectClass|BaseObjectClass|TGEventHandlerObject|TGTemplatedAttrObject|TGAttrObject|TGObject,c_symbol
0x005ff370,swig_CharacterClass_SetInitiative,swig,CharacterClass,,SetInitiative,direct,ObjectClass|BaseObjectClass|TGEventHandlerObject|TGTemplatedAttrObject|TGAttrObject|TGObject,c_symbol
0x005ff400,swig_CharacterClass_IsInitiativeOn,swig,CharacterClass,,IsInitiativeOn,direct,ObjectClass|BaseObjectClass|TGEventHandlerObject|TGTemplatedAttrObject|TGAttrObject|TGObject,c_symbol
0x005ff460,swig_CharacterClass_GetLocation,swig,CharacterClass,,GetLocation,direct,ObjectClass|BaseObjectClass|TGEventHandlerObject|TGTemplatedAttrObject|TGAttrObject|TGObject,c_symbol
0x005ff4d0,swig_CharacterClass_GetTurnTowardsLocation,swig,CharacterClass,,GetTurnTowardsLocation,direct,ObjectClass|BaseObjectClass|TGEventHandlerObject|TGTemplatedAttrObject|TGAttrObject|TGObject,c_symbol
0x005ff540,swig_CharacterClass_GetRandomAnimationChance,swig,CharacterClass,,GetRandomAnimationChance,direct,ObjectClass|BaseObjectClass|TGEventHandlerObject|TGTemplatedAttrObject|TGAttrObject|TGObject,c_symbol
0x005ff5b0,swig_CharacterClass_GetBlinkChance,swig,CharacterClass,,GetBlinkChance,direct,ObjectClass|BaseObjectClass|TGEventHandlerObject|TGTemplatedAttrObject|TGAttrObject|TGObject,c_symbol
0x005ff620,swig_CharacterClass_GetAudioMode,swig,CharacterClass,,GetAudioMode,direct,ObjectClass|BaseObjectClass|TGEventHandlerObject|TGTemplatedAttrObject|TGAttrObject|TGObject,c_symbol
0x005ff680,swig_CharacterClass_SetRandomAnimationEnabled,swig,CharacterClass,,SetRandomAnimationEnabled,direct,ObjectClass|BaseObjectClass|TGEventHandlerObject|TGTemplatedAttrObject|TGAttrObject|TGObject,c_symbol
0x005ff700,swig_CharacterClass_SetRandomAnimationChance,swig,CharacterClass,,SetRandomAnimationChance,direct,ObjectClass|BaseObjectClass|TGEventHandlerObject|TGTemplatedAttrObject|TGAttrObject|TGObject,c_symbol
0x005ff780,swig_CharacterClass_SetBlinkChance,swig,CharacterClass,,SetBlinkChance,direct,ObjectClass|BaseObjectClass|TGEventHandlerObject|TGTemplatedAttrObject|TGAttrObject|TGObject,c_symbol
0x005ff800,swig_CharacterClass_SetAudioMode,swig,CharacterClass,,SetAudioMode,direct,ObjectClass|BaseObjectClass|TGEventHandlerObject|TGTemplatedAttrObject|TGAttrObject|TGObject,c_symbol
0x005ff880,swig_CharacterClass_AddAnimation,swig,CharacterClass,,AddAnimation,direct,ObjectClass|BaseObjectClass|TGEventHandlerObject|TGTemplatedAttrObject|TGAttrObject|TGObject,c_symbol
0x005ff990,swig_CharacterClass_ClearAnimations,swig,CharacterClass,,ClearAnimations,direct,ObjectClass|BaseObjectClass|TGEventHandlerObject|TGTemplatedAttrObject|TGAttrObject|TGObject,c_symbol
0x005ffa00,swig_CharacterClass_ClearExtraAnimations,swig,CharacterClass,,ClearExtraAnimations,direct,ObjectClass|BaseObjectClass|TGEventHandlerObject|TGTemplatedAttrObject|TGAttrObject|TGObject,c_symbol
0x005ffa70,swig_CharacterClass_AddRandomAnimation,swig,CharacterClass,,AddRandomAnimation,direct,ObjectClass|BaseObjectClass|TGEventHandlerObject|TGTemplatedAttrObject|TGAttrObject|TGObject,c_symbol
0x005ffb50,swig_CharacterClass_SetBlinkAnimation,swig,CharacterClass,,SetBlinkAnimation,direct,ObjectClass|BaseObjectClass|TGEventHandlerObject|TGTemplatedAttrObject|TGAttrObject|TGObject,c_symbol
0x005ffc10,swig_CharacterClass_SetActive,swig,CharacterClass,,SetActive,direct,ObjectClass|BaseObjectClass|TGEventHandlerObject|TGTemplatedAttrObject|TGAttrObject|TGObject,c_symbol
0x005ffc90,swig_CharacterClass_IsActive,swig,CharacterClass,,IsActive,direct,ObjectClass|BaseObjectClass|TGEventHandlerObject|TGTemplatedAttrObject|TGAttrObject|TGObject,c_symbol
0x005ffd10,swig_CharacterClass_ClearAnimationsOfType,swig,CharacterClass,,ClearAnimationsOfType,direct,ObjectClass|BaseObjectClass|TGEventHandlerObject|TGTemplatedAttrObject|TGAttrObject|TGObject,c_symbol
0x005ffd90,swig_CharacterClass_SetAnimationDoneEvent,swig,CharacterClass,,SetAnimationDoneEvent,direct,ObjectClass|BaseObjectClass|TGEventHandlerObject|TGTemplatedAttrObject|TGAttrObject|TGObject,c_symbol
0x005ffe40,swig_CharacterClass_SetCurrentAnimation,swig,CharacterClass,,SetCurrentAnimation,direct,ObjectClass|BaseObjectClass|TGEventHandlerObject|TGTemplatedAttrObject|TGAttrObject|TGObject,c_symbol
0x005fff50,swig_CharacterClass_SetLocation,swig,CharacterClass,,SetLocation,direct,ObjectClass|BaseObjectClass|TGEventHandlerObject|TGTemplatedAttrObject|TGAttrObject|TGObject,c_symbol
0x00600010,swig_CharacterClass_SetLocationName,swig,CharacterClass,,SetLocationName,direct,ObjectClass|BaseObjectClass|TGEventHandlerObject|TGTemplatedAttrObject|TGAttrObject|TGObject,c_symbol
0x006000d0,swig_CharacterClass_MoveTo,swig,CharacterClass,,MoveTo,direct,ObjectClass|BaseObjectClass|TGEventHandlerObject|TGTemplatedAttrObject|TGAttrObject|TGObject,c_symbol
0x006001c0,swig_CharacterClass_GlanceAt,swig,CharacterClass,,GlanceAt,direct,ObjectClass|BaseObjectClass|TGEventHandlerObject|TGTemplatedAttrObject|TGAttrObject|TGObject,c_symbol
0x006002b0,swig_CharacterClass_GlanceAway,swig,CharacterClass,,GlanceAway,direct,ObjectClass|BaseObjectClass|TGEventHandlerObject|TGTemplatedAttrObject|TGAttrObject|TGObject,c_symbol
0x00600360,swig_CharacterClass_TurnTowards,swig,CharacterClass,,TurnTowards,direct,ObjectClass|BaseObjectClass|TGEventHandlerObject|TGTemplatedAttrObject|TGAttrObject|TGObject,c_symbol
0x00600450,swig_CharacterClass_TurnBack,swig,CharacterClass,,TurnBack,direct,ObjectClass|BaseObjectClass|TGEventHandlerObject|TGTemplatedAttrObject|TGAttrObject|TGObject,c_symbol
0x00600500,swig_CharacterClass_PlayAnimation,swig,CharacterClass,,PlayAnimation,direct,ObjectClass|BaseObjectClass|TGEventHandlerObject|TGTemplatedAttrObject|TGAttrObject|TGObject,c_symbol
0x00600600,swig_CharacterClass_PlayAnimationFile,swig,CharacterClass,,PlayAnimationFile,direct,ObjectClass|BaseObjectClass|TGEventHandlerObject|TGTemplatedAttrObject|TGAttrObject|TGObject,c_symbol
0x00600700,swig_CharacterClass_Breathe,swig,CharacterClass,,Breathe,direct,ObjectClass|BaseObjectClass|TGEventHandlerObject|TGTemplatedAttrObject|TGAttrObject|TGObject,c_symbol
0x006007b0,swig_CharacterClass_IsStateSet,swig,CharacterClass,,IsStateSet,direct,ObjectClass|BaseObjectClass|TGEventHandlerObject|TGTemplatedAttrObject|TGAttrObject|TGObject,c_symbol
0x00600820,swig_CharacterClass_SetFlags,swig,CharacterClass,,SetFlags,direct,ObjectClass|BaseObjectClass|TGEventHandlerObject|TGTemplatedAttrObject|TGAttrObject|TGObject,c_symbol
0x006008a0,swig_CharacterClass_ClearFlags,swig,CharacterClass,,ClearFlags,direct,ObjectClass|BaseObjectClass|TGEventHandlerObject|TGTemplatedAttrObject|TGAttrObject|TGObject,c_symbol
0x00600920,swig_CharacterClass_SetStanding,swig,CharacterClass,,SetStanding,direct,ObjectClass|BaseObjectClass|TGEventHandlerObject|TGTemplatedAttrObject|TGAttrObject|TGObject,c_symbol
0x006009a0,swig_CharacterClass_SpeakLine,swig,CharacterClass,,SpeakLine,direct,ObjectClass|BaseObjectClass|TGEventHandlerObject|TGTemplatedAttrObject|TGAttrObject|TGObject,c_symbol
0x00600ae0,swig_CharacterClass_SayLine,swig,CharacterClass,,SayLine,direct,ObjectClass|BaseObjectClass|TGEventHandlerObject|TGTemplatedAttrObject|TGAttrObject|TGObject,c_symbol
0x00600c80,swig_CharacterClass_AddSoundToQueue,swig,CharacterClass,,AddSoundToQueue,direct,ObjectClass|BaseObjectClass|TGEventHandlerObject|TGTemplatedAttrObject|TGAttrObject|TGObject,c_symbol
0x00600d40,swig_CharacterClass_Blink,swig,CharacterClass,,Blink,direct,ObjectClass|BaseObjectClass|TGEventHandlerObject|TGTemplatedAttrObject|TGAttrObject|TGObject,c_symbol
0x00600db0,swig_CharacterClass_SetAsExtra,swig,CharacterClass,,SetAsExtra,direct,ObjectClass|BaseObjectClass|TGEventHandlerObject|TGTemplatedAttrObject|TGAttrObject|TGObject,c_symbol
0x00600e40,swig_CharacterClass_IsAnExtra,swig,CharacterClass,,IsAnExtra,direct,ObjectClass|BaseObjectClass|TGEventHandlerObject|TGTemplatedAttrObject|TGAttrObject|TGObject,c_symbol
0x00600ec0,swig_CharacterClass_SetName,swig,CharacterClass,,SetName,direct,ObjectClass|BaseObjectClass|TGEventHandlerObject|TGTemplatedAttrObject|TGAttrObject|TGObject,c_symbol
0x00600f80,swig_CharacterClass_SetCharacterName,swig,CharacterClass,,SetCharacterName,direct,ObjectClass|BaseObjectClass|TGEventHandlerObject|TGTemplatedAttrObject|TGAttrObject|TGObject,c_symbol
0x00601040,swig_CharacterClass_GetCharacterName,swig,CharacterClass,,GetCharacterName,direct,ObjectClass|BaseObjectClass|TGEventHandlerObject|TGTemplatedAttrObject|TGAttrObject|TGObject,c_symbol
0x006010b0,swig_CharacterClass_AddPositionZoom,swig,CharacterClass,,AddPositionZoom,direct,ObjectClass|BaseObjectClass|TGEventHandlerObject|TGTemplatedAttrObject|TGAttrObject|TGObject,c_symbol
0x006011b0,swig_CharacterClass_GetPositionZoom,swig,CharacterClass,,GetPositionZoom,direct,ObjectClass|BaseObjectClass|TGEventHandlerObject|TGTemplatedAttrObject|TGAttrObject|TGObject,c_symbol
0x00601260,swig_CharacterClass_GetPositionLookAtName,swig,CharacterClass,,GetPositionLookAtName,direct,ObjectClass|BaseObjectClass|TGEventHandlerObject|TGTemplatedAttrObject|TGAttrObject|TGObject,c_symbol
0x00601320,swig_CharacterClass_SetLookAtAdj,swig,CharacterClass,,SetLookAtAdj,direct,ObjectClass|BaseObjectClass|TGEventHandlerObject|TGTemplatedAttrObject|TGAttrObject|TGObject,c_symbol
0x006013d0,swig_CharacterClass_GetDatabase,swig,,CharacterClass,GetDatabase,python_wrapper,,python_class_method
0x00601440,swig_CharacterClass_SetDatabase,swig,,CharacterClass,SetDatabase,python_wrapper,,python_class_method
0x006014f0,swig_CharacterClass_SetCurrentToolTipOwner,swig,CharacterClass,,SetCurrentToolTipOwner,direct_unmatched,ObjectClass|BaseObjectClass|TGEventHandlerObject|TGTemplatedAttrObject|TGAttrObject|TGObject,class_prefix
0x00601560,swig_CharacterClass_GetCurrentToolTipOwner,swig,CharacterClass,,GetCurrentToolTipOwner,direct_unmatched,ObjectClass|BaseObjectClass|TGEventHandlerObject|TGTemplatedAttrObject|TGAttrObject|TGObject,class_prefix
0x00601590,swig_CharacterClass_GetStatusBox,swig,,CharacterClass,GetStatusBox,python_wrapper,,python_class_method
0x00601600,swig_CharacterClass_SetStatus,swig,CharacterClass,,SetStatus,direct,ObjectClass|BaseObjectClass|TGEventHandlerObject|TGTemplatedAttrObject|TGAttrObject|TGObject,c_symbol
0x006017f0,swig_CharacterClass_ClearStatus,swig,CharacterClass,,ClearStatus,direct,ObjectClass|BaseObjectClass|TGEventHandlerObject|TGTemplatedAttrObject|TGAttrObject|TGObject,c_symbol
0x00601870,swig_CharacterClass_GetStatus,swig,,CharacterClass,GetStatus,python_wrapper,,python_class_method
0x006018f0,swig_CharacterClass_ToolTip,swig,CharacterClass,,ToolTip,direct,ObjectClass|BaseObjectClass|TGEventHandlerObject|TGTemplatedAttrObject|TGAttrObject|TGObject,c_symbol
0x00601960,swig_CharacterClass_SetMenu,swig,CharacterClass,,SetMenu,direct,ObjectClass|BaseObjectClass|TGEventHandlerObject|TGTemplatedAttrObject|TGAttrObject|TGObject,c_symbol
0x00601a00,swig_CharacterClass_GetMenu,swig,,CharacterClass,GetMenu,python_wrapper,,python_class_method
0x00601a70,swig_CharacterClass_GetCharacterFromMenu,swig,CharacterClass,,GetCharacterFromMenu,direct_unmatched,ObjectClass|BaseObjectClass|TGEventHandlerObject|TGTemplatedAttrObject|TGAttrObject|TGObject,class_prefix
0x00601ae0,swig_CharacterClass_MenuUp,swig,CharacterClass,,MenuUp,direct,ObjectClass|BaseObjectClass|TGEventHandlerObject|TGTemplatedAttrObject|TGAttrObject|TGObject,c_symbol
0x00601b60,swig_CharacterClass_MenuDown,swig,CharacterClass,,MenuDown,direct,ObjectClass|BaseObjectClass|TGEventHandlerObject|TGTemplatedAttrObject|TGAttrObject|TGObject,c_symbol
0x00601be0,swig_CharacterClass_IsMenuUp,swig,CharacterClass,,IsMenuUp,direct,ObjectClass|BaseObjectClass|TGEventHandlerObject|TGTemplatedAttrObject|TGAttrObject|TGObject,c_symbol
0x00601c40,swig_CharacterClass_LookAtMe,swig,CharacterClass,,LookAtMe,direct,ObjectClass|BaseObjectClass|TGEventHandlerObject|TGTemplatedAttrObject|TGAttrObject|TGObject,c_symbol
0x00601cb0,swig_CharacterClass_AddFacialImage,swig,CharacterClass,,AddFacialImage,direct,ObjectClass|BaseObjectClass|TGEventHandlerObject|TGTemplatedAttrObject|TGAttrObject|TGObject,c_symbol
0x00601dc0,swig_CharacterClass_AddPhoneme,swig,CharacterClass,,AddPhoneme,direct,ObjectClass|BaseObjectClass|TGEventHandlerObject|TGTemplatedAttrObject|TGAttrObject|TGObject,c_symbol
0x00601e80,swig_CharacterClass_UsePhonemeGroup,swig,CharacterClass,,UsePhonemeGroup,direct,ObjectClass|BaseObjectClass|TGEventHandlerObject|TGTemplatedAttrObject|TGAttrObject|TGObject,c_symbol
0x00601f00,swig_CharacterClass_SetAnimatedSpeaking,swig,CharacterClass,,SetAnimatedSpeaking,direct,ObjectClass|BaseObjectClass|TGEventHandlerObject|TGTemplatedAttrObject|TGAttrObject|TGObject,c_symbol
0x00601f90,swig_CharacterClass_UsesAnimatedSpeaking,swig,CharacterClass,,UsesAnimatedSpeaking,direct,ObjectClass|BaseObjectClass|TGEventHandlerObject|TGTemplatedAttrObject|TGAttrObject|TGObject,c_symbol
0x00602010,swig_CharacterClass_GetLastTalkTime,swig,CharacterClass,,GetLastTalkTime,direct,ObjectClass|BaseObjectClass|TGEventHandlerObject|TGTemplatedAttrObject|TGAttrObject|TGObject,c_symbol
0x00602080,swig_CharacterClass_ShowPhonemeDebugging,swig,CharacterClass,,ShowPhonemeDebugging,direct_unmatched,ObjectClass|BaseObjectClass|TGEventHandlerObject|TGTemplatedAttrObject|TGAttrObject|TGObject,class_prefix
0x006020c0,swig_CharacterClass_GetObject,swig,CharacterClass,CharacterClass,GetObject,swig_helper,ObjectClass|BaseObjectClass|TGEventHandlerObject|TGTemplatedAttrObject|TGAttrObject|TGObject,swig_helper_synth
0x00602180,swig_CharacterClass_GetNumClassObjects,swig,CharacterClass,CharacterClass,GetNumClassObjects,swig_helper,ObjectClass|BaseObjectClass|TGEventHandlerObject|TGTemplatedAttrObject|TGAttrObject|TGObject,swig_helper_synth
0x006021e0,swig_delete_CharacterClass,swig,CharacterClass,CharacterClass,delete,swig_dtor,ObjectClass|BaseObjectClass|TGEventHandlerObject|TGTemplatedAttrObject|TGAttrObject|TGObject,swig_ctor_dtor
0x00602250,swig_ViewScreenObject_Cast,swig,ViewScreenObject,ViewScreenObject,Cast,swig_helper,ObjectClass|BaseObjectClass|TGEventHandlerObject|TGTemplatedAttrObject|TGAttrObject|TGObject,swig_helper_synth
0x006022c0,swig_ViewScreenObject_Create,swig,ViewScreenObject,ViewScreenObject,Create,swig_helper,ObjectClass|BaseObjectClass|TGEventHandlerObject|TGTemplatedAttrObject|TGAttrObject|TGObject,swig_helper_synth
0x00602340,swig_ViewScreenObject_CreateNull,swig,ViewScreenObject,ViewScreenObject,CreateNull,swig_helper,ObjectClass|BaseObjectClass|TGEventHandlerObject|TGTemplatedAttrObject|TGAttrObject|TGObject,swig_helper_synth
0x00602370,swig_ViewScreenObject_SetModel,swig,ViewScreenObject,,SetModel,direct,ObjectClass|BaseObjectClass|TGEventHandlerObject|TGTemplatedAttrObject|TGAttrObject|TGObject,c_symbol
0x00602430,swig_ViewScreenObject_SetRemoteCam,swig,ViewScreenObject,,SetRemoteCam,direct,ObjectClass|BaseObjectClass|TGEventHandlerObject|TGTemplatedAttrObject|TGAttrObject|TGObject,c_symbol
0x006024d0,swig_ViewScreenObject_GetRemoteCam,swig,,ViewScreenObject,GetRemoteCam,python_wrapper,,python_class_method
0x00602540,swig_ViewScreenObject_ToggleRemoteCam,swig,ViewScreenObject,,ToggleRemoteCam,direct,ObjectClass|BaseObjectClass|TGEventHandlerObject|TGTemplatedAttrObject|TGAttrObject|TGObject,c_symbol
0x006025d0,swig_ViewScreenObject_RenderingRemoteCam,swig,ViewScreenObject,,RenderingRemoteCam,direct,ObjectClass|BaseObjectClass|TGEventHandlerObject|TGTemplatedAttrObject|TGAttrObject|TGObject,c_symbol
0x00602650,swig_ViewScreenObject_SetIsOn,swig,ViewScreenObject,,SetIsOn,direct,ObjectClass|BaseObjectClass|TGEventHandlerObject|TGTemplatedAttrObject|TGAttrObject|TGObject,c_symbol
0x006026d0,swig_ViewScreenObject_IsOn,swig,ViewScreenObject,,IsOn,direct,ObjectClass|BaseObjectClass|TGEventHandlerObject|TGTemplatedAttrObject|TGAttrObject|TGObject,c_symbol
0x00602750,swig_ViewScreenObject_SetStaticIsOn,swig,ViewScreenObject,,SetStaticIsOn,direct,ObjectClass|BaseObjectClass|TGEventHandlerObject|TGTemplatedAttrObject|TGAttrObject|TGObject,c_symbol
0x006027d0,swig_ViewScreenObject_IsStaticOn,swig,ViewScreenObject,,IsStaticOn,direct,ObjectClass|BaseObjectClass|TGEventHandlerObject|TGTemplatedAttrObject|TGAttrObject|TGObject,c_symbol
0x00602850,swig_ViewScreenObject_SetStaticVariation,swig,ViewScreenObject,,SetStaticVariation,direct,ObjectClass|BaseObjectClass|TGEventHandlerObject|TGTemplatedAttrObject|TGAttrObject|TGObject,c_symbol
0x006028e0,swig_ViewScreenObject_SetOffTexture,swig,ViewScreenObject,,SetOffTexture,direct,ObjectClass|BaseObjectClass|TGEventHandlerObject|TGTemplatedAttrObject|TGAttrObject|TGObject,c_symbol
0x006029a0,swig_ViewScreenObject_SetStaticTextureIconGroup,swig,ViewScreenObject,,SetStaticTextureIconGroup,direct,ObjectClass|BaseObjectClass|TGEventHandlerObject|TGTemplatedAttrObject|TGAttrObject|TGObject,c_symbol
0x00602a60,swig_ViewScreenObject_SetMenu,swig,ViewScreenObject,,SetMenu,direct,ObjectClass|BaseObjectClass|TGEventHandlerObject|TGTemplatedAttrObject|TGAttrObject|TGObject,c_symbol
0x00602b00,swig_ViewScreenObject_ClearMenu,swig,ViewScreenObject,,ClearMenu,direct,ObjectClass|BaseObjectClass|TGEventHandlerObject|TGTemplatedAttrObject|TGAttrObject|TGObject,c_symbol
0x00602b70,swig_ViewScreenObject_GetMenu,swig,,ViewScreenObject,GetMenu,python_wrapper,,python_class_method
0x00602be0,swig_ViewScreenObject_MenuUp,swig,ViewScreenObject,,MenuUp,direct,ObjectClass|BaseObjectClass|TGEventHandlerObject|TGTemplatedAttrObject|TGAttrObject|TGObject,c_symbol
0x00602c50,swig_ViewScreenObject_MenuDown,swig,ViewScreenObject,,MenuDown,direct,ObjectClass|BaseObjectClass|TGEventHandlerObject|TGTemplatedAttrObject|TGAttrObject|TGObject,c_symbol
0x00602cc0,swig_ViewScreenObject_IsMenuUp,swig,ViewScreenObject,,IsMenuUp,direct,ObjectClass|BaseObjectClass|TGEventHandlerObject|TGTemplatedAttrObject|TGAttrObject|TGObject,c_symbol
0x00602d20,swig_ViewScreenObject_LookTowardsSpace,swig,ViewScreenObject,,LookTowardsSpace,direct,ObjectClass|BaseObjectClass|TGEventHandlerObject|TGTemplatedAttrObject|TGAttrObject|TGObject,c_symbol
0x00602d90,swig_ViewScreenObject_GetObject,swig,ViewScreenObject,ViewScreenObject,GetObject,swig_helper,ObjectClass|BaseObjectClass|TGEventHandlerObject|TGTemplatedAttrObject|TGAttrObject|TGObject,swig_helper_synth
0x00602e50,swig_ViewScreenObject_GetNumClassObjects,swig,ViewScreenObject,ViewScreenObject,GetNumClassObjects,swig_helper,ObjectClass|BaseObjectClass|TGEventHandlerObject|TGTemplatedAttrObject|TGAttrObject|TGObject,swig_helper_synth
0x00602eb0,swig_delete_ViewScreenObject,swig,ViewScreenObject,ViewScreenObject,delete,swig_dtor,ObjectClass|BaseObjectClass|TGEventHandlerObject|TGTemplatedAttrObject|TGAttrObject|TGObject,swig_ctor_dtor
0x00602f20,swig_new_BridgeSet,swig,BridgeSet,BridgeSet,new,swig_ctor,SetClass|TGEventHandlerObject|TGTemplatedAttrObject|TGAttrObject|TGObject,swig_ctor_dtor
0x00602fa0,swig_delete_BridgeSet,swig,BridgeSet,BridgeSet,delete,swig_dtor,SetClass|TGEventHandlerObject|TGTemplatedAttrObject|TGAttrObject|TGObject,swig_ctor_dtor
0x00603010,swig_BridgeSet_Create,swig,BridgeSet,BridgeSet,Create,swig_helper,SetClass|TGEventHandlerObject|TGTemplatedAttrObject|TGAttrObject|TGObject,swig_helper_synth
0x00603080,swig_BridgeSet_Cast,swig,BridgeSet,BridgeSet,Cast,swig_helper,SetClass|TGEventHandlerObject|TGTemplatedAttrObject|TGAttrObject|TGObject,swig_helper_synth
0x006030f0,swig_BridgeSet_SetViewScreen,swig,BridgeSet,,SetViewScreen,direct,SetClass|TGEventHandlerObject|TGTemplatedAttrObject|TGAttrObject|TGObject,c_symbol
0x006031e0,swig_BridgeSet_GetViewScreen,swig,,BridgeSet,GetViewScreen,python_wrapper,,python_class_method
0x00603250,swig_BridgeSet_SetConfig,swig,BridgeSet,,SetConfig,direct,SetClass|TGEventHandlerObject|TGTemplatedAttrObject|TGAttrObject|TGObject,c_symbol
0x00603310,swig_BridgeSet_GetConfig,swig,BridgeSet,,GetConfig,direct,SetClass|TGEventHandlerObject|TGTemplatedAttrObject|TGAttrObject|TGObject,c_symbol
0x00603380,swig_BridgeSet_IsSameConfig,swig,BridgeSet,,IsSameConfig,direct,SetClass|TGEventHandlerObject|TGTemplatedAttrObject|TGAttrObject|TGObject,c_symbol
0x00603440,swig_BridgeObjectClass_Create,swig,BridgeObjectClass,BridgeObjectClass,Create,swig_helper,ObjectClass|BaseObjectClass|TGEventHandlerObject|TGTemplatedAttrObject|TGAttrObject|TGObject,swig_helper_synth
0x006034c0,swig_BridgeObjectClass_Cast,swig,BridgeObjectClass,BridgeObjectClass,Cast,swig_helper,ObjectClass|BaseObjectClass|TGEventHandlerObject|TGTemplatedAttrObject|TGAttrObject|TGObject,swig_helper_synth
0x00603530,swig_BridgeObjectClass_GetPropertySet,swig,,BridgeObjectClass,GetPropertySet,python_wrapper,,python_class_method
0x006035a0,swig_BridgeObjectClass_GetHardpointProperty,swig,,BridgeObjectClass,GetHardpointProperty,python_wrapper,,python_class_method
0x00603670,swig_BridgeObjectClass_CreateEffect,swig,BridgeObjectClass,,CreateEffect,direct,ObjectClass|BaseObjectClass|TGEventHandlerObject|TGTemplatedAttrObject|TGAttrObject|TGObject,c_symbol
0x006037d0,swig_BridgeObjectClass_DoCrewReactions,swig,BridgeObjectClass,,DoCrewReactions,direct,ObjectClass|BaseObjectClass|TGEventHandlerObject|TGTemplatedAttrObject|TGAttrObject|TGObject,c_symbol
0x00603890,swig_BridgeObjectClass_FlickerLCARs,swig,BridgeObjectClass,,FlickerLCARs,direct,ObjectClass|BaseObjectClass|TGEventHandlerObject|TGTemplatedAttrObject|TGAttrObject|TGObject,c_symbol
0x00603910,swig_BridgeObjectClass_TurnLCARsOff,swig,BridgeObjectClass,,TurnLCARsOff,direct,ObjectClass|BaseObjectClass|TGEventHandlerObject|TGTemplatedAttrObject|TGAttrObject|TGObject,c_symbol
0x00603980,swig_BridgeObjectClass_TurnLCARsOn,swig,BridgeObjectClass,,TurnLCARsOn,direct,ObjectClass|BaseObjectClass|TGEventHandlerObject|TGTemplatedAttrObject|TGAttrObject|TGObject,c_symbol
0x006039f0,swig_BridgeObjectClass_GoToGreenAllert,swig,BridgeObjectClass,,GoToGreenAllert,direct,ObjectClass|BaseObjectClass|TGEventHandlerObject|TGTemplatedAttrObject|TGAttrObject|TGObject,c_symbol
0x00603a60,swig_BridgeObjectClass_GoToYellowAllert,swig,BridgeObjectClass,,GoToYellowAllert,direct,ObjectClass|BaseObjectClass|TGEventHandlerObject|TGTemplatedAttrObject|TGAttrObject|TGObject,c_symbol
0x00603ad0,swig_BridgeObjectClass_GoToRedAllert,swig,BridgeObjectClass,,GoToRedAllert,direct,ObjectClass|BaseObjectClass|TGEventHandlerObject|TGTemplatedAttrObject|TGAttrObject|TGObject,c_symbol
0x00603b40,swig_BridgeObjectClass_GetObject,swig,BridgeObjectClass,BridgeObjectClass,GetObject,swig_helper,ObjectClass|BaseObjectClass|TGEventHandlerObject|TGTemplatedAttrObject|TGAttrObject|TGObject,swig_helper_synth
0x00603c00,swig_BridgeObjectClass_GetNumClassObjects,swig,BridgeObjectClass,BridgeObjectClass,GetNumClassObjects,swig_helper,ObjectClass|BaseObjectClass|TGEventHandlerObject|TGTemplatedAttrObject|TGAttrObject|TGObject,swig_helper_synth
0x00603c60,swig_delete_BridgeObjectClass,swig,BridgeObjectClass,BridgeObjectClass,delete,swig_dtor,ObjectClass|BaseObjectClass|TGEventHandlerObject|TGTemplatedAttrObject|TGAttrObject|TGObject,swig_ctor_dtor
0x00603cd0,swig_ArtificialIntelligence_GetObject,swig,,ArtificialIntelligence,GetObject,python_wrapper,,python_class_method
0x00603d40,swig_ArtificialIntelligence_GetShip,swig,,ArtificialIntelligence,GetShip,python_wrapper,,python_class_method
0x00603db0,swig_ArtificialIntelligence_LogAITree,swig,ArtificialIntelligence,,LogAITree,direct_unmatched,,class_prefix
0x00603e60,swig_ArtificialIntelligence_IsActive,swig,ArtificialIntelligence,,IsActive,direct,,c_symbol
0x00603ee0,swig_ArtificialIntelligence_HasFocus,swig,ArtificialIntelligence,,HasFocus,direct,,c_symbol
0x00603f60,swig_ArtificialIntelligence_Pause,swig,ArtificialIntelligence,,Pause,direct,,c_symbol
0x00603fd0,swig_ArtificialIntelligence_Unpause,swig,ArtificialIntelligence,,Unpause,direct,,c_symbol
0x00604040,swig_ArtificialIntelligence_IsPaused,swig,ArtificialIntelligence,,IsPaused,direct,,c_symbol
0x006040c0,swig_ArtificialIntelligence_SetInterruptable,swig,ArtificialIntelligence,,SetInterruptable,direct,,c_symbol
0x00604140,swig_ArtificialIntelligence_IsInterruptable,swig,ArtificialIntelligence,,IsInterruptable,direct,,c_symbol
0x006041c0,swig_ArtificialIntelligence_Reset,swig,ArtificialIntelligence,,Reset,direct,,c_symbol
0x00604230,swig_ArtificialIntelligence_GetID,swig,ArtificialIntelligence,,GetID,direct,,c_symbol
0x00604290,swig_ArtificialIntelligence_GetName,swig,ArtificialIntelligence,,GetName,direct,,c_symbol
0x00604300,swig_PlainAI_Create,swig,PlainAI,PlainAI,Create,swig_helper,ArtificialIntelligence,swig_helper_synth
0x00604430,swig_PlainAI_SetScriptModule,swig,PlainAI,,SetScriptModule,direct,ArtificialIntelligence,c_symbol
0x006044f0,swig_PlainAI_StopCallingActivate,swig,PlainAI,,StopCallingActivate,direct,ArtificialIntelligence,c_symbol
0x00604560,swig_PriorityListAI_Create,swig,PriorityListAI,PriorityListAI,Create,swig_helper,ArtificialIntelligence,swig_helper_synth
0x00604690,swig_PriorityListAI_AddAI,swig,PriorityListAI,,AddAI,direct,ArtificialIntelligence,c_symbol
0x00604740,swig_PriorityListAI_RemoveAIByPriority,swig,PriorityListAI,,RemoveAIByPriority,direct,ArtificialIntelligence,c_symbol
0x006047c0,swig_PriorityListAI_RemoveAI,swig,PriorityListAI,,RemoveAI,direct,ArtificialIntelligence,c_symbol
0x00604860,swig_SequenceAI_Create,swig,SequenceAI,SequenceAI,Create,swig_helper,ArtificialIntelligence,swig_helper_synth
0x00604990,swig_SequenceAI_SetLoopCount,swig,SequenceAI,,SetLoopCount,direct,ArtificialIntelligence,c_symbol
0x00604a10,swig_SequenceAI_GetLoopCount,swig,SequenceAI,,GetLoopCount,direct,ArtificialIntelligence,c_symbol
0x00604a70,swig_SequenceAI_SetResetIfInterrupted,swig,SequenceAI,,SetResetIfInterrupted,direct,ArtificialIntelligence,c_symbol
0x00604af0,swig_SequenceAI_SetDoubleCheckAllDone,swig,SequenceAI,,SetDoubleCheckAllDone,direct,ArtificialIntelligence,c_symbol
0x00604b70,swig_SequenceAI_SetSkipDormant,swig,SequenceAI,,SetSkipDormant,direct,ArtificialIntelligence,c_symbol
0x00604bf0,swig_SequenceAI_AddAI,swig,SequenceAI,,AddAI,direct,ArtificialIntelligence,c_symbol
0x00604c90,swig_SequenceAI_RemoveAI,swig,SequenceAI,,RemoveAI,direct,ArtificialIntelligence,c_symbol
0x00604d30,swig_SequenceAI_RemoveAIByIndex,swig,SequenceAI,,RemoveAIByIndex,direct,ArtificialIntelligence,c_symbol
0x00604db0,swig_SequenceAI_GetAI,swig,,SequenceAI,GetAI,python_wrapper,,python_class_method
0x00604e30,swig_RandomAI_Create,swig,RandomAI,RandomAI,Create,swig_helper,ArtificialIntelligence,swig_helper_synth
0x00604f60,swig_RandomAI_AddAI,swig,RandomAI,,AddAI,direct,ArtificialIntelligence,c_symbol
0x00605000,swig_PreprocessingAI_Create,swig,PreprocessingAI,PreprocessingAI,Create,swig_helper,ArtificialIntelligence,swig_helper_synth
0x00605130,swig_PreprocessingAI_Cast,swig,PreprocessingAI,PreprocessingAI,Cast,swig_helper,ArtificialIntelligence,swig_helper_synth
0x006051a0,swig_PreprocessingAI_SetPreprocessingMethod,swig,,PreprocessingAI,SetPreprocessingMethod,python_wrapper,,python_class_method
0x00605290,swig_PreprocessingAI_GetPreprocessingInstance,swig,,PreprocessingAI,GetPreprocessingInstance,python_wrapper,,python_class_method
0x00605300,swig_PreprocessingAI_SetContainedAI,swig,PreprocessingAI,,SetContainedAI,direct,ArtificialIntelligence,c_symbol
0x006053a0,swig_PreprocessingAI_GetContainedAI,swig,,PreprocessingAI,GetContainedAI,python_wrapper,,python_class_method
0x00605410,swig_PreprocessingAI_ForceUpdate,swig,PreprocessingAI,,ForceUpdate,direct,ArtificialIntelligence,c_symbol
0x00605480,swig_PreprocessingAI_ForceDormantStatus,swig,PreprocessingAI,,ForceDormantStatus,direct,ArtificialIntelligence,c_symbol
0x00605500,swig_PreprocessingAI_ForceStatusChange,swig,PreprocessingAI,,ForceStatusChange,direct,ArtificialIntelligence,c_symbol
0x00605580,swig_ConditionalAI_Create,swig,ConditionalAI,ConditionalAI,Create,swig_helper,ArtificialIntelligence|TGConditionHandler,swig_helper_synth
0x006056b0,swig_ConditionalAI_SetContainedAI,swig,ConditionalAI,,SetContainedAI,direct,ArtificialIntelligence|TGConditionHandler,c_symbol
0x00605750,swig_ConditionalAI_GetContainedAI,swig,,ConditionalAI,GetContainedAI,python_wrapper,,python_class_method
0x006057c0,swig_ConditionScript_Cast,swig,ConditionScript,ConditionScript,Cast,swig_helper,TGCondition|TGObject,swig_helper_synth
0x00605830,swig_ConditionScript_SetActive,swig,ConditionScript,,SetActive,direct,TGCondition|TGObject,c_symbol
0x006058a0,swig_ConditionScript_SetInactive,swig,ConditionScript,,SetInactive,direct,TGCondition|TGObject,c_symbol
0x00605910,swig_new_ConditionEventCreator,swig,ConditionEventCreator,ConditionEventCreator,new,swig_ctor,TGObject|TGConditionHandler,swig_ctor_dtor
0x00605990,swig_delete_ConditionEventCreator,swig,ConditionEventCreator,ConditionEventCreator,delete,swig_dtor,TGObject|TGConditionHandler,swig_ctor_dtor
0x00605a00,swig_ConditionEventCreator_ConditionChanged,swig,ConditionEventCreator,,ConditionChanged,direct,TGObject|TGConditionHandler,c_symbol
0x00605aa0,swig_ConditionEventCreator_SetEvent,swig,ConditionEventCreator,,SetEvent,direct,TGObject|TGConditionHandler,c_symbol
0x00605b40,swig_new_FuzzyLogic,swig,FuzzyLogic,FuzzyLogic,new,swig_ctor,,swig_ctor_dtor
0x00605b90,swig_delete_FuzzyLogic,swig,FuzzyLogic,FuzzyLogic,delete,swig_dtor,,swig_ctor_dtor
0x00605c10,swig_FuzzyLogic_SetMaxRules,swig,FuzzyLogic,,SetMaxRules,direct,,c_symbol
0x00605c90,swig_FuzzyLogic_GetMaxRules,swig,FuzzyLogic,,GetMaxRules,direct,,c_symbol
0x00605cf0,swig_FuzzyLogic_AddRule,swig,FuzzyLogic,,AddRule,direct,,c_symbol
0x00605d80,swig_FuzzyLogic_GetRule,swig,FuzzyLogic,,GetRule,direct,,c_symbol
0x00605ea0,swig_FuzzyLogic_RemoveRule,swig,FuzzyLogic,,RemoveRule,direct,,c_symbol
0x00605f20,swig_FuzzyLogic_SetRuleConfidence,swig,FuzzyLogic,,SetRuleConfidence,direct,,c_symbol
0x00605fb0,swig_FuzzyLogic_SetPercentageInSet,swig,FuzzyLogic,,SetPercentageInSet,direct,,c_symbol
0x00606040,swig_FuzzyLogic_GetResultBySet,swig,FuzzyLogic,,GetResultBySet,direct,,c_symbol
0x006060c0,swig_new_WaypointEvent,swig,WaypointEvent,WaypointEvent,new,swig_ctor,TGEvent|TGObject,swig_ctor_dtor
0x00606140,swig_WaypointEvent_Create,swig,WaypointEvent,WaypointEvent,Create,swig_helper,TGEvent|TGObject,swig_helper_synth
0x006061a0,swig_WaypointEvent_Copy,swig,WaypointEvent,,Copy,direct,TGEvent|TGObject,c_symbol
0x00606250,swig_WaypointEvent_SetPlacement,swig,WaypointEvent,,SetPlacement,direct,TGEvent|TGObject,c_symbol
0x006062f0,swig_WaypointEvent_GetPlacement,swig,,WaypointEvent,GetPlacement,python_wrapper,,python_class_method
0x00606360,swig_delete_WaypointEvent,swig,WaypointEvent,WaypointEvent,delete,swig_dtor,TGEvent|TGObject,swig_ctor_dtor
0x006063d0,swig_AIScriptAssist_TorpIsIncoming,swig,AIScriptAssist,,TorpIsIncoming,direct_unmatched,,class_prefix
0x006064b0,swig_OptimizedFireScript_AddWeaponSystem,swig,OptimizedFireScript,,AddWeaponSystem,direct,PreprocessingAI|ArtificialIntelligence,c_symbol
0x00606550,swig_OptimizedFireScript_RemoveAllWeaponSystems,swig,OptimizedFireScript,,RemoveAllWeaponSystems,direct,PreprocessingAI|ArtificialIntelligence,c_symbol
0x006065c0,swig_OptimizedFireScript_SetEnabled,swig,OptimizedFireScript,,SetEnabled,direct,PreprocessingAI|ArtificialIntelligence,c_symbol
0x00606640,swig_OptimizedFireScript_HasSubsystemTargets,swig,OptimizedFireScript,,HasSubsystemTargets,direct,PreprocessingAI|ArtificialIntelligence,c_symbol
0x006066c0,swig_OptimizedFireScript_IgnoreSubsystemTargets,swig,OptimizedFireScript,,IgnoreSubsystemTargets,direct,PreprocessingAI|ArtificialIntelligence,c_symbol
0x00606730,swig_OptimizedFireScript_RestoreSubsystemTargets,swig,OptimizedFireScript,,RestoreSubsystemTargets,direct,PreprocessingAI|ArtificialIntelligence,c_symbol
0x006067a0,swig_OptimizedFireScript_SetTarget,swig,OptimizedFireScript,,SetTarget,direct,PreprocessingAI|ArtificialIntelligence,c_symbol
0x00606860,swig_OptimizedSelectTarget_AddSetTargetTree,swig,OptimizedSelectTarget,,AddSetTargetTree,direct,PreprocessingAI|ArtificialIntelligence,c_symbol
0x00606900,swig_BuilderAI_Create,swig,BuilderAI,BuilderAI,Create,swig_helper,PreprocessingAI|ArtificialIntelligence,swig_helper_synth
0x00606a80,swig_BuilderAI_AddAIBlock,swig,BuilderAI,,AddAIBlock,direct,PreprocessingAI|ArtificialIntelligence,c_symbol
0x00606b90,swig_BuilderAI_AddDependency,swig,BuilderAI,,AddDependency,direct,PreprocessingAI|ArtificialIntelligence,c_symbol
0x00606ca0,swig_PhysicsObjectClass_Cast,swig,PhysicsObjectClass,PhysicsObjectClass,Cast,swig_helper,ObjectClass|BaseObjectClass|TGEventHandlerObject|TGTemplatedAttrObject|TGAttrObject|TGObject,swig_helper_synth
0x00606d10,swig_PhysicsObjectClass_ConstCast,swig,PhysicsObjectClass,,ConstCast,direct_unmatched,ObjectClass|BaseObjectClass|TGEventHandlerObject|TGTemplatedAttrObject|TGAttrObject|TGObject,class_prefix
0x00606d80,swig_PhysicsObjectClass_Create,swig,PhysicsObjectClass,PhysicsObjectClass,Create,swig_helper,ObjectClass|BaseObjectClass|TGEventHandlerObject|TGTemplatedAttrObject|TGAttrObject|TGObject,swig_helper_synth
0x00606df0,swig_PhysicsObjectClass_SetStatic,swig,PhysicsObjectClass,,SetStatic,direct,ObjectClass|BaseObjectClass|TGEventHandlerObject|TGTemplatedAttrObject|TGAttrObject|TGObject,c_symbol
0x00606e80,swig_PhysicsObjectClass_IsStatic,swig,PhysicsObjectClass,,IsStatic,direct,ObjectClass|BaseObjectClass|TGEventHandlerObject|TGTemplatedAttrObject|TGAttrObject|TGObject,c_symbol
0x00606f00,swig_PhysicsObjectClass_SetupModel,swig,PhysicsObjectClass,,SetupModel,direct,ObjectClass|BaseObjectClass|TGEventHandlerObject|TGTemplatedAttrObject|TGAttrObject|TGObject,c_symbol
0x00606fc0,swig_PhysicsObjectClass_ApplyForce,swig,PhysicsObjectClass,,ApplyForce,direct,ObjectClass|BaseObjectClass|TGEventHandlerObject|TGTemplatedAttrObject|TGAttrObject|TGObject,c_symbol
0x00607060,swig_PhysicsObjectClass_GetMass,swig,PhysicsObjectClass,,GetMass,direct,ObjectClass|BaseObjectClass|TGEventHandlerObject|TGTemplatedAttrObject|TGAttrObject|TGObject,c_symbol
0x006070d0,swig_PhysicsObjectClass_GetRotationalInertia,swig,PhysicsObjectClass,,GetRotationalInertia,direct,ObjectClass|BaseObjectClass|TGEventHandlerObject|TGTemplatedAttrObject|TGAttrObject|TGObject,c_symbol
0x00607140,swig_PhysicsObjectClass_SetMass,swig,PhysicsObjectClass,,SetMass,direct,ObjectClass|BaseObjectClass|TGEventHandlerObject|TGTemplatedAttrObject|TGAttrObject|TGObject,c_symbol
0x006071c0,swig_PhysicsObjectClass_SetRotationalInertia,swig,PhysicsObjectClass,,SetRotationalInertia,direct,ObjectClass|BaseObjectClass|TGEventHandlerObject|TGTemplatedAttrObject|TGAttrObject|TGObject,c_symbol
0x00607240,swig_PhysicsObjectClass_SetVelocity,swig,PhysicsObjectClass,,SetVelocity,direct,ObjectClass|BaseObjectClass|TGEventHandlerObject|TGTemplatedAttrObject|TGAttrObject|TGObject,c_symbol
0x006072e0,swig_PhysicsObjectClass_SetAngularVelocity,swig,PhysicsObjectClass,,SetAngularVelocity,direct,ObjectClass|BaseObjectClass|TGEventHandlerObject|TGTemplatedAttrObject|TGAttrObject|TGObject,c_symbol
0x00607390,swig_PhysicsObjectClass_TurnTowardOrientation,swig,PhysicsObjectClass,,TurnTowardOrientation,direct,ObjectClass|BaseObjectClass|TGEventHandlerObject|TGTemplatedAttrObject|TGAttrObject|TGObject,c_symbol
0x00607470,swig_PhysicsObjectClass_SetAcceleration,swig,PhysicsObjectClass,,SetAcceleration,direct,ObjectClass|BaseObjectClass|TGEventHandlerObject|TGTemplatedAttrObject|TGAttrObject|TGObject,c_symbol
0x00607510,swig_PhysicsObjectClass_SetAngularAcceleration,swig,PhysicsObjectClass,,SetAngularAcceleration,direct,ObjectClass|BaseObjectClass|TGEventHandlerObject|TGTemplatedAttrObject|TGAttrObject|TGObject,c_symbol
0x006075b0,swig_PhysicsObjectClass_SetAngularAccelerationLinear,swig,PhysicsObjectClass,,SetAngularAccelerationLinear,direct,ObjectClass|BaseObjectClass|TGEventHandlerObject|TGTemplatedAttrObject|TGAttrObject|TGObject,c_symbol
0x00607690,swig_PhysicsObjectClass_GetVelocity,swig,,PhysicsObjectClass,GetVelocity,python_wrapper,,python_class_method
0x00607730,swig_PhysicsObjectClass_GetAcceleration,swig,,PhysicsObjectClass,GetAcceleration,python_wrapper,,python_class_method
0x006077d0,swig_PhysicsObjectClass_GetAngularAcceleration,swig,,PhysicsObjectClass,GetAngularAcceleration,python_wrapper,,python_class_method
0x00607870,swig_PhysicsObjectClass_GetVelocityTG,swig,,PhysicsObjectClass,GetVelocityTG,python_wrapper,,python_class_method
0x00607910,swig_PhysicsObjectClass_GetAngularVelocityTG,swig,,PhysicsObjectClass,GetAngularVelocityTG,python_wrapper,,python_class_method
0x006079e0,swig_PhysicsObjectClass_GetAccelerationTG,swig,,PhysicsObjectClass,GetAccelerationTG,python_wrapper,,python_class_method
0x00607a80,swig_PhysicsObjectClass_GetAngularAccelerationTG,swig,,PhysicsObjectClass,GetAngularAccelerationTG,python_wrapper,,python_class_method
0x00607b20,swig_PhysicsObjectClass_GetAngularVelocity,swig,,PhysicsObjectClass,GetAngularVelocity,python_wrapper,,python_class_method
0x00607be0,swig_PhysicsObjectClass_SetAngularDirectionType,swig,PhysicsObjectClass,,SetAngularDirectionType,direct,ObjectClass|BaseObjectClass|TGEventHandlerObject|TGTemplatedAttrObject|TGAttrObject|TGObject,c_symbol
0x00607c60,swig_PhysicsObjectClass_GetAngularDirectionType,swig,PhysicsObjectClass,,GetAngularDirectionType,direct,ObjectClass|BaseObjectClass|TGEventHandlerObject|TGTemplatedAttrObject|TGAttrObject|TGObject,c_symbol
0x00607cc0,swig_PhysicsObjectClass_GetPredictedPosition,swig,,PhysicsObjectClass,GetPredictedPosition,python_wrapper,,python_class_method
0x00607df0,swig_PhysicsObjectClass_GetPredictedRotationTG,swig,,PhysicsObjectClass,GetPredictedRotationTG,python_wrapper,,python_class_method
0x00607ec0,swig_PhysicsObjectClass_SetNetType,swig,PhysicsObjectClass,,SetNetType,direct,ObjectClass|BaseObjectClass|TGEventHandlerObject|TGTemplatedAttrObject|TGAttrObject|TGObject,c_symbol
0x00607f40,swig_PhysicsObjectClass_GetNetType,swig,PhysicsObjectClass,,GetNetType,direct,ObjectClass|BaseObjectClass|TGEventHandlerObject|TGTemplatedAttrObject|TGAttrObject|TGObject,c_symbol
0x00607fa0,swig_PhysicsObjectClass_SetDoNetUpdate,swig,PhysicsObjectClass,,SetDoNetUpdate,direct,ObjectClass|BaseObjectClass|TGEventHandlerObject|TGTemplatedAttrObject|TGAttrObject|TGObject,c_symbol
0x00608020,swig_PhysicsObjectClass_IsDoingNetUpdate,swig,PhysicsObjectClass,,IsDoingNetUpdate,direct,ObjectClass|BaseObjectClass|TGEventHandlerObject|TGTemplatedAttrObject|TGAttrObject|TGObject,c_symbol
0x006080a0,swig_PhysicsObjectClass_SetUsePhysics,swig,PhysicsObjectClass,,SetUsePhysics,direct,ObjectClass|BaseObjectClass|TGEventHandlerObject|TGTemplatedAttrObject|TGAttrObject|TGObject,c_symbol
0x00608120,swig_PhysicsObjectClass_IsUsingPhysics,swig,PhysicsObjectClass,,IsUsingPhysics,direct,ObjectClass|BaseObjectClass|TGEventHandlerObject|TGTemplatedAttrObject|TGAttrObject|TGObject,c_symbol
0x006081a0,swig_PhysicsObjectClass_GetObject,swig,PhysicsObjectClass,PhysicsObjectClass,GetObject,swig_helper,ObjectClass|BaseObjectClass|TGEventHandlerObject|TGTemplatedAttrObject|TGAttrObject|TGObject,swig_helper_synth
0x00608260,swig_PhysicsObjectClass_GetNumClassObjects,swig,PhysicsObjectClass,PhysicsObjectClass,GetNumClassObjects,swig_helper,ObjectClass|BaseObjectClass|TGEventHandlerObject|TGTemplatedAttrObject|TGAttrObject|TGObject,swig_helper_synth
0x006082c0,swig_PhysicsObjectClass_SetAI,swig,PhysicsObjectClass,,SetAI,direct,ObjectClass|BaseObjectClass|TGEventHandlerObject|TGTemplatedAttrObject|TGAttrObject|TGObject,c_symbol
0x006083a0,swig_PhysicsObjectClass_ClearAI,swig,PhysicsObjectClass,,ClearAI,direct,ObjectClass|BaseObjectClass|TGEventHandlerObject|TGTemplatedAttrObject|TGAttrObject|TGObject,c_symbol
0x00608470,swig_PhysicsObjectClass_GetAI,swig,,PhysicsObjectClass,GetAI,python_wrapper,,python_class_method
0x006084e0,swig_PhysicsObjectClass_HasBuildingAIs,swig,PhysicsObjectClass,,HasBuildingAIs,direct,ObjectClass|BaseObjectClass|TGEventHandlerObject|TGTemplatedAttrObject|TGAttrObject|TGObject,c_symbol
0x00608560,swig_delete_PhysicsObjectClass,swig,PhysicsObjectClass,PhysicsObjectClass,delete,swig_dtor,ObjectClass|BaseObjectClass|TGEventHandlerObject|TGTemplatedAttrObject|TGAttrObject|TGObject,swig_ctor_dtor
0x006085d0,swig_DamageableObject_Cast,swig,DamageableObject,DamageableObject,Cast,swig_helper,PhysicsObjectClass|ObjectClass|BaseObjectClass|TGEventHandlerObject|TGTemplatedAttrObject|TGAttrObject|TGObject,swig_helper_synth
0x00608640,swig_DamageableObject_Create,swig,DamageableObject,DamageableObject,Create,swig_helper,PhysicsObjectClass|ObjectClass|BaseObjectClass|TGEventHandlerObject|TGTemplatedAttrObject|TGAttrObject|TGObject,swig_helper_synth
0x006086f0,swig_DamageableObject_GetClonedModelRadius,swig,DamageableObject,,GetClonedModelRadius,direct,PhysicsObjectClass|ObjectClass|BaseObjectClass|TGEventHandlerObject|TGTemplatedAttrObject|TGAttrObject|TGObject,c_symbol
0x00608780,swig_DamageableObject_HasClonedModel,swig,DamageableObject,,HasClonedModel,direct,PhysicsObjectClass|ObjectClass|BaseObjectClass|TGEventHandlerObject|TGTemplatedAttrObject|TGAttrObject|TGObject,c_symbol
0x00608800,swig_DamageableObject_GetClonedModelCount,swig,DamageableObject,,GetClonedModelCount,direct,PhysicsObjectClass|ObjectClass|BaseObjectClass|TGEventHandlerObject|TGTemplatedAttrObject|TGAttrObject|TGObject,c_symbol
0x00608860,swig_DamageableObject_RemoveVisibleDamage,swig,DamageableObject,,RemoveVisibleDamage,direct,PhysicsObjectClass|ObjectClass|BaseObjectClass|TGEventHandlerObject|TGTemplatedAttrObject|TGAttrObject|TGObject,c_symbol
0x006088d0,swig_DamageableObject_SetVisibleDamageRadiusModifier,swig,DamageableObject,,SetVisibleDamageRadiusModifier,direct,PhysicsObjectClass|ObjectClass|BaseObjectClass|TGEventHandlerObject|TGTemplatedAttrObject|TGAttrObject|TGObject,c_symbol
0x00608950,swig_DamageableObject_SetVisibleDamageStrengthModifier,swig,DamageableObject,,SetVisibleDamageStrengthModifier,direct,PhysicsObjectClass|ObjectClass|BaseObjectClass|TGEventHandlerObject|TGTemplatedAttrObject|TGAttrObject|TGObject,c_symbol
0x006089d0,swig_DamageableObject_SetSpecularKs,swig,DamageableObject,,SetSpecularKs,direct,PhysicsObjectClass|ObjectClass|BaseObjectClass|TGEventHandlerObject|TGTemplatedAttrObject|TGAttrObject|TGObject,c_symbol
0x00608a50,swig_DamageableObject_DisableGlowAlphaMaps,swig,DamageableObject,,DisableGlowAlphaMaps,direct,PhysicsObjectClass|ObjectClass|BaseObjectClass|TGEventHandlerObject|TGTemplatedAttrObject|TGAttrObject|TGObject,c_symbol
0x00608ac0,swig_DamageableObject_CanCollide,swig,DamageableObject,,CanCollide,direct,PhysicsObjectClass|ObjectClass|BaseObjectClass|TGEventHandlerObject|TGTemplatedAttrObject|TGAttrObject|TGObject,c_symbol
0x00608b70,swig_DamageableObject_EnableCollisionsWith,swig,DamageableObject,,EnableCollisionsWith,direct,PhysicsObjectClass|ObjectClass|BaseObjectClass|TGEventHandlerObject|TGTemplatedAttrObject|TGAttrObject|TGObject,c_symbol
0x00608c30,swig_DamageableObject_SetCollisionsOn,swig,DamageableObject,,SetCollisionsOn,direct,PhysicsObjectClass|ObjectClass|BaseObjectClass|TGEventHandlerObject|TGTemplatedAttrObject|TGAttrObject|TGObject,c_symbol
0x00608cb0,swig_DamageableObject_AddObjectDamageVolume,swig,DamageableObject,,AddObjectDamageVolume,direct,PhysicsObjectClass|ObjectClass|BaseObjectClass|TGEventHandlerObject|TGTemplatedAttrObject|TGAttrObject|TGObject,c_symbol
0x00608d50,swig_DamageableObject_AddDamage,swig,DamageableObject,,AddDamage,direct,PhysicsObjectClass|ObjectClass|BaseObjectClass|TGEventHandlerObject|TGTemplatedAttrObject|TGAttrObject|TGObject,c_symbol
0x00608e10,swig_DamageableObject_DamageRefresh,swig,DamageableObject,,DamageRefresh,direct,PhysicsObjectClass|ObjectClass|BaseObjectClass|TGEventHandlerObject|TGTemplatedAttrObject|TGAttrObject|TGObject,c_symbol
0x00608eb0,swig_DamageableObject_GetPropertySet,swig,,DamageableObject,GetPropertySet,python_wrapper,,python_class_method
0x00608f20,swig_DamageableObject_SetupProperties,swig,DamageableObject,,SetupProperties,direct,PhysicsObjectClass|ObjectClass|BaseObjectClass|TGEventHandlerObject|TGTemplatedAttrObject|TGAttrObject|TGObject,c_symbol
0x00608f90,swig_DamageableObject_SetLifeTime,swig,DamageableObject,,SetLifeTime,direct,PhysicsObjectClass|ObjectClass|BaseObjectClass|TGEventHandlerObject|TGTemplatedAttrObject|TGAttrObject|TGObject,c_symbol
0x00609010,swig_DamageableObject_GetLifeTime,swig,DamageableObject,,GetLifeTime,direct,PhysicsObjectClass|ObjectClass|BaseObjectClass|TGEventHandlerObject|TGTemplatedAttrObject|TGAttrObject|TGObject,c_symbol
0x00609080,swig_DamageableObject_IsDying,swig,DamageableObject,,IsDying,direct,PhysicsObjectClass|ObjectClass|BaseObjectClass|TGEventHandlerObject|TGTemplatedAttrObject|TGAttrObject|TGObject,c_symbol
0x00609110,swig_DamageableObject_IsDead,swig,DamageableObject,,IsDead,direct,PhysicsObjectClass|ObjectClass|BaseObjectClass|TGEventHandlerObject|TGTemplatedAttrObject|TGAttrObject|TGObject,c_symbol
0x00609190,swig_DamageableObject_SetDead,swig,DamageableObject,,SetDead,direct,PhysicsObjectClass|ObjectClass|BaseObjectClass|TGEventHandlerObject|TGTemplatedAttrObject|TGAttrObject|TGObject,c_symbol
0x00609200,swig_DamageableObject_SetSplashDamage,swig,DamageableObject,,SetSplashDamage,direct,PhysicsObjectClass|ObjectClass|BaseObjectClass|TGEventHandlerObject|TGTemplatedAttrObject|TGAttrObject|TGObject,c_symbol
0x00609290,swig_DamageableObject_GetSplashDamage,swig,DamageableObject,,GetSplashDamage,direct,PhysicsObjectClass|ObjectClass|BaseObjectClass|TGEventHandlerObject|TGTemplatedAttrObject|TGAttrObject|TGObject,c_symbol
0x00609300,swig_DamageableObject_GetSplashDamageRadius,swig,DamageableObject,,GetSplashDamageRadius,direct,PhysicsObjectClass|ObjectClass|BaseObjectClass|TGEventHandlerObject|TGTemplatedAttrObject|TGAttrObject|TGObject,c_symbol
0x00609370,swig_DamageableObject_GetObjectByID,swig,DamageableObject,DamageableObject,GetObjectByID,swig_helper,PhysicsObjectClass|ObjectClass|BaseObjectClass|TGEventHandlerObject|TGTemplatedAttrObject|TGAttrObject|TGObject,swig_helper_synth
0x006093f0,swig_DamageableObject_GetObject,swig,DamageableObject,DamageableObject,GetObject,swig_helper,PhysicsObjectClass|ObjectClass|BaseObjectClass|TGEventHandlerObject|TGTemplatedAttrObject|TGAttrObject|TGObject,swig_helper_synth
0x006094b0,swig_DamageableObject_GetNumClassObjects,swig,DamageableObject,DamageableObject,GetNumClassObjects,swig_helper,PhysicsObjectClass|ObjectClass|BaseObjectClass|TGEventHandlerObject|TGTemplatedAttrObject|TGAttrObject|TGObject,swig_helper_synth
0x00609510,swig_DamageableObject_SetDamageGeometryEnabled,swig,DamageableObject,,SetDamageGeometryEnabled,direct_unmatched,PhysicsObjectClass|ObjectClass|BaseObjectClass|TGEventHandlerObject|TGTemplatedAttrObject|TGAttrObject|TGObject,class_prefix
0x00609550,swig_DamageableObject_IsDamageGeometryEnabled,swig,DamageableObject,,IsDamageGeometryEnabled,direct_unmatched,PhysicsObjectClass|ObjectClass|BaseObjectClass|TGEventHandlerObject|TGTemplatedAttrObject|TGAttrObject|TGObject,class_prefix
0x00609590,swig_DamageableObject_SetVolumeDamageGeometryEnabled,swig,DamageableObject,,SetVolumeDamageGeometryEnabled,direct_unmatched,PhysicsObjectClass|ObjectClass|BaseObjectClass|TGEventHandlerObject|TGTemplatedAttrObject|TGAttrObject|TGObject,class_prefix
0x006095d0,swig_DamageableObject_IsVolumeDamageGeometryEnabled,swig,DamageableObject,,IsVolumeDamageGeometryEnabled,direct_unmatched,PhysicsObjectClass|ObjectClass|BaseObjectClass|TGEventHandlerObject|TGTemplatedAttrObject|TGAttrObject|TGObject,class_prefix
0x00609610,swig_DamageableObject_SetBreakableComponentsEnabled,swig,DamageableObject,,SetBreakableComponentsEnabled,direct_unmatched,PhysicsObjectClass|ObjectClass|BaseObjectClass|TGEventHandlerObject|TGTemplatedAttrObject|TGAttrObject|TGObject,class_prefix
0x00609650,swig_DamageableObject_IsBreakableComponentsEnabled,swig,DamageableObject,,IsBreakableComponentsEnabled,direct_unmatched,PhysicsObjectClass|ObjectClass|BaseObjectClass|TGEventHandlerObject|TGTemplatedAttrObject|TGAttrObject|TGObject,class_prefix
0x00609690,swig_delete_DamageableObject,swig,DamageableObject,DamageableObject,delete,swig_dtor,PhysicsObjectClass|ObjectClass|BaseObjectClass|TGEventHandlerObject|TGTemplatedAttrObject|TGAttrObject|TGObject,swig_ctor_dtor
0x00609700,swig_ShipClass_Cast,swig,ShipClass,ShipClass,Cast,swig_helper,DamageableObject|PhysicsObjectClass|ObjectClass|BaseObjectClass|TGEventHandlerObject|TGTemplatedAttrObject|TGAttrObject|TGObject,swig_helper_synth
0x00609770,swig_ShipClass_Create,swig,ShipClass,ShipClass,Create,swig_helper,DamageableObject|PhysicsObjectClass|ObjectClass|BaseObjectClass|TGEventHandlerObject|TGTemplatedAttrObject|TGAttrObject|TGObject,swig_helper_synth
0x006097f0,swig_ShipClass_SetScript,swig,ShipClass,,SetScript,direct,DamageableObject|PhysicsObjectClass|ObjectClass|BaseObjectClass|TGEventHandlerObject|TGTemplatedAttrObject|TGAttrObject|TGObject,c_symbol
0x006098b0,swig_ShipClass_GetScript,swig,ShipClass,,GetScript,direct,DamageableObject|PhysicsObjectClass|ObjectClass|BaseObjectClass|TGEventHandlerObject|TGTemplatedAttrObject|TGAttrObject|TGObject,c_symbol
0x00609920,swig_ShipClass_SetDeathScript,swig,ShipClass,,SetDeathScript,direct,DamageableObject|PhysicsObjectClass|ObjectClass|BaseObjectClass|TGEventHandlerObject|TGTemplatedAttrObject|TGAttrObject|TGObject,c_symbol
0x006099e0,swig_ShipClass_GetDeathScript,swig,ShipClass,,GetDeathScript,direct,DamageableObject|PhysicsObjectClass|ObjectClass|BaseObjectClass|TGEventHandlerObject|TGTemplatedAttrObject|TGAttrObject|TGObject,c_symbol
0x00609a50,swig_ShipClass_RunDeathScript,swig,ShipClass,,RunDeathScript,direct,DamageableObject|PhysicsObjectClass|ObjectClass|BaseObjectClass|TGEventHandlerObject|TGTemplatedAttrObject|TGAttrObject|TGObject,c_symbol
0x00609ac0,swig_ShipClass_SetTargetable,swig,ShipClass,,SetTargetable,direct,DamageableObject|PhysicsObjectClass|ObjectClass|BaseObjectClass|TGEventHandlerObject|TGTemplatedAttrObject|TGAttrObject|TGObject,c_symbol
0x00609b40,swig_ShipClass_IsTargetable,swig,ShipClass,,IsTargetable,direct,DamageableObject|PhysicsObjectClass|ObjectClass|BaseObjectClass|TGEventHandlerObject|TGTemplatedAttrObject|TGAttrObject|TGObject,c_symbol
0x00609bc0,swig_ShipClass_CanTargetObject,swig,ShipClass,,CanTargetObject,direct,DamageableObject|PhysicsObjectClass|ObjectClass|BaseObjectClass|TGEventHandlerObject|TGTemplatedAttrObject|TGAttrObject|TGObject,c_symbol
0x00609c70,swig_ShipClass_SetInvincible,swig,ShipClass,,SetInvincible,direct,DamageableObject|PhysicsObjectClass|ObjectClass|BaseObjectClass|TGEventHandlerObject|TGTemplatedAttrObject|TGAttrObject|TGObject,c_symbol
0x00609cf0,swig_ShipClass_IsInvincible,swig,ShipClass,,IsInvincible,direct,DamageableObject|PhysicsObjectClass|ObjectClass|BaseObjectClass|TGEventHandlerObject|TGTemplatedAttrObject|TGAttrObject|TGObject,c_symbol
0x00609d70,swig_ShipClass_SetHurtable,swig,ShipClass,,SetHurtable,direct,DamageableObject|PhysicsObjectClass|ObjectClass|BaseObjectClass|TGEventHandlerObject|TGTemplatedAttrObject|TGAttrObject|TGObject,c_symbol
0x00609df0,swig_ShipClass_IsHurtable,swig,ShipClass,,IsHurtable,direct,DamageableObject|PhysicsObjectClass|ObjectClass|BaseObjectClass|TGEventHandlerObject|TGTemplatedAttrObject|TGAttrObject|TGObject,c_symbol
0x00609e70,swig_ShipClass_SetDestroyBrokenSystems,swig,ShipClass,,SetDestroyBrokenSystems,direct,DamageableObject|PhysicsObjectClass|ObjectClass|BaseObjectClass|TGEventHandlerObject|TGTemplatedAttrObject|TGAttrObject|TGObject,c_symbol
0x00609ef0,swig_ShipClass_IsDestroyBrokenSystems,swig,ShipClass,,IsDestroyBrokenSystems,direct,DamageableObject|PhysicsObjectClass|ObjectClass|BaseObjectClass|TGEventHandlerObject|TGTemplatedAttrObject|TGAttrObject|TGObject,c_symbol
0x00609f70,swig_ShipClass_GetHull,swig,,ShipClass,GetHull,python_wrapper,,python_class_method
0x00609fe0,swig_ShipClass_GetShields,swig,,ShipClass,GetShields,python_wrapper,,python_class_method
0x0060a050,swig_ShipClass_GetPowerSubsystem,swig,,ShipClass,GetPowerSubsystem,python_wrapper,,python_class_method
0x0060a0c0,swig_ShipClass_GetSensorSubsystem,swig,,ShipClass,GetSensorSubsystem,python_wrapper,,python_class_method
0x0060a130,swig_ShipClass_GetImpulseEngineSubsystem,swig,,ShipClass,GetImpulseEngineSubsystem,python_wrapper,,python_class_method
0x0060a1a0,swig_ShipClass_GetWarpEngineSubsystem,swig,,ShipClass,GetWarpEngineSubsystem,python_wrapper,,python_class_method
0x0060a210,swig_ShipClass_GetTorpedoSystem,swig,,ShipClass,GetTorpedoSystem,python_wrapper,,python_class_method
0x0060a280,swig_ShipClass_GetPhaserSystem,swig,,ShipClass,GetPhaserSystem,python_wrapper,,python_class_method
0x0060a2f0,swig_ShipClass_GetPulseWeaponSystem,swig,,ShipClass,GetPulseWeaponSystem,python_wrapper,,python_class_method
0x0060a360,swig_ShipClass_GetShipProperty,swig,,ShipClass,GetShipProperty,python_wrapper,,python_class_method
0x0060a3d0,swig_ShipClass_GetTractorBeamSystem,swig,,ShipClass,GetTractorBeamSystem,python_wrapper,,python_class_method
0x0060a440,swig_ShipClass_GetRepairSubsystem,swig,,ShipClass,GetRepairSubsystem,python_wrapper,,python_class_method
0x0060a4b0,swig_ShipClass_GetCloakingSubsystem,swig,,ShipClass,GetCloakingSubsystem,python_wrapper,,python_class_method
0x0060a520,swig_ShipClass_GetWeaponSystemGroup,swig,,ShipClass,GetWeaponSystemGroup,python_wrapper,,python_class_method
0x0060a5a0,swig_ShipClass_GetWeaponGroupForSystem,swig,ShipClass,,GetWeaponGroupForSystem,direct,DamageableObject|PhysicsObjectClass|ObjectClass|BaseObjectClass|TGEventHandlerObject|TGTemplatedAttrObject|TGAttrObject|TGObject,c_symbol
0x0060a640,swig_ShipClass_StopFiringWeapons,swig,ShipClass,,StopFiringWeapons,direct,DamageableObject|PhysicsObjectClass|ObjectClass|BaseObjectClass|TGEventHandlerObject|TGTemplatedAttrObject|TGAttrObject|TGObject,c_symbol
0x0060a6b0,swig_ShipClass_CompleteStop,swig,ShipClass,,CompleteStop,direct,DamageableObject|PhysicsObjectClass|ObjectClass|BaseObjectClass|TGEventHandlerObject|TGTemplatedAttrObject|TGAttrObject|TGObject,c_symbol
0x0060a720,swig_ShipClass_AddSubsystem,swig,ShipClass,,AddSubsystem,direct,DamageableObject|PhysicsObjectClass|ObjectClass|BaseObjectClass|TGEventHandlerObject|TGTemplatedAttrObject|TGAttrObject|TGObject,c_symbol
0x0060a7c0,swig_ShipClass_GetSubsystemByProperty,swig,,ShipClass,GetSubsystemByProperty,python_wrapper,,python_class_method
0x0060a860,swig_ShipClass_StartGetSubsystemMatch,swig,ShipClass,,StartGetSubsystemMatch,direct,DamageableObject|PhysicsObjectClass|ObjectClass|BaseObjectClass|TGEventHandlerObject|TGTemplatedAttrObject|TGAttrObject|TGObject,c_symbol
0x0060a8e0,swig_ShipClass_GetNextSubsystemMatch,swig,,ShipClass,GetNextSubsystemMatch,python_wrapper,,python_class_method
0x0060a980,swig_ShipClass_EndGetSubsystemMatch,swig,ShipClass,,EndGetSubsystemMatch,direct,DamageableObject|PhysicsObjectClass|ObjectClass|BaseObjectClass|TGEventHandlerObject|TGTemplatedAttrObject|TGAttrObject|TGObject,c_symbol
0x0060aa20,swig_ShipClass_SetImpulse,swig,ShipClass,,SetImpulse,direct,DamageableObject|PhysicsObjectClass|ObjectClass|BaseObjectClass|TGEventHandlerObject|TGTemplatedAttrObject|TGAttrObject|TGObject,c_symbol
0x0060aaf0,swig_ShipClass_GetImpulse,swig,ShipClass,,GetImpulse,direct,DamageableObject|PhysicsObjectClass|ObjectClass|BaseObjectClass|TGEventHandlerObject|TGTemplatedAttrObject|TGAttrObject|TGObject,c_symbol
0x0060ab60,swig_ShipClass_IsReverse,swig,ShipClass,,IsReverse,direct,DamageableObject|PhysicsObjectClass|ObjectClass|BaseObjectClass|TGEventHandlerObject|TGTemplatedAttrObject|TGAttrObject|TGObject,c_symbol
0x0060abe0,swig_ShipClass_SetSpeed,swig,ShipClass,,SetSpeed,direct,DamageableObject|PhysicsObjectClass|ObjectClass|BaseObjectClass|TGEventHandlerObject|TGTemplatedAttrObject|TGAttrObject|TGObject,c_symbol
0x0060acb0,swig_ShipClass_SetAcceleration,swig,ShipClass,,SetAcceleration,direct,DamageableObject|PhysicsObjectClass|ObjectClass|BaseObjectClass|TGEventHandlerObject|TGTemplatedAttrObject|TGAttrObject|TGObject,c_symbol
0x0060ad70,swig_ShipClass_SetDisabledEngineDeceleration,swig,ShipClass,,SetDisabledEngineDeceleration,direct,DamageableObject|PhysicsObjectClass|ObjectClass|BaseObjectClass|TGEventHandlerObject|TGTemplatedAttrObject|TGAttrObject|TGObject,c_symbol
0x0060adf0,swig_ShipClass_InSystemWarp,swig,ShipClass,,InSystemWarp,direct,DamageableObject|PhysicsObjectClass|ObjectClass|BaseObjectClass|TGEventHandlerObject|TGTemplatedAttrObject|TGAttrObject|TGObject,c_symbol
0x0060aeb0,swig_ShipClass_IsDoingInSystemWarp,swig,ShipClass,,IsDoingInSystemWarp,direct,DamageableObject|PhysicsObjectClass|ObjectClass|BaseObjectClass|TGEventHandlerObject|TGTemplatedAttrObject|TGAttrObject|TGObject,c_symbol
0x0060af30,swig_ShipClass_StopInSystemWarp,swig,ShipClass,,StopInSystemWarp,direct,DamageableObject|PhysicsObjectClass|ObjectClass|BaseObjectClass|TGEventHandlerObject|TGTemplatedAttrObject|TGAttrObject|TGObject,c_symbol
0x0060afa0,swig_ShipClass_SetTargetAngularVelocityFraction,swig,ShipClass,,SetTargetAngularVelocityFraction,direct,DamageableObject|PhysicsObjectClass|ObjectClass|BaseObjectClass|TGEventHandlerObject|TGTemplatedAttrObject|TGAttrObject|TGObject,c_symbol
0x0060b060,swig_ShipClass_SetTargetAngularVelocityDirect,swig,ShipClass,,SetTargetAngularVelocityDirect,direct,DamageableObject|PhysicsObjectClass|ObjectClass|BaseObjectClass|TGEventHandlerObject|TGTemplatedAttrObject|TGAttrObject|TGObject,c_symbol
0x0060b120,swig_ShipClass_GetTargetAngularVelocityTG,swig,,ShipClass,GetTargetAngularVelocityTG,python_wrapper,,python_class_method
0x0060b1f0,swig_ShipClass_TurnTowardLocation,swig,ShipClass,,TurnTowardLocation,direct,DamageableObject|PhysicsObjectClass|ObjectClass|BaseObjectClass|TGEventHandlerObject|TGTemplatedAttrObject|TGAttrObject|TGObject,c_symbol
0x0060b2b0,swig_ShipClass_TurnTowardDirection,swig,ShipClass,,TurnTowardDirection,direct,DamageableObject|PhysicsObjectClass|ObjectClass|BaseObjectClass|TGEventHandlerObject|TGTemplatedAttrObject|TGAttrObject|TGObject,c_symbol
0x0060b370,swig_ShipClass_TurnTowardOrientation,swig,ShipClass,,TurnTowardOrientation,direct,DamageableObject|PhysicsObjectClass|ObjectClass|BaseObjectClass|TGEventHandlerObject|TGTemplatedAttrObject|TGAttrObject|TGObject,c_symbol
0x0060b450,swig_ShipClass_TurnTowardDifference,swig,ShipClass,,TurnTowardDifference,direct,DamageableObject|PhysicsObjectClass|ObjectClass|BaseObjectClass|TGEventHandlerObject|TGTemplatedAttrObject|TGAttrObject|TGObject,c_symbol
0x0060b510,swig_ShipClass_TurnDirectionsToDirections,swig,ShipClass,,TurnDirectionsToDirections,direct,DamageableObject|PhysicsObjectClass|ObjectClass|BaseObjectClass|TGEventHandlerObject|TGTemplatedAttrObject|TGAttrObject|TGObject,c_symbol
0x0060b6c0,swig_ShipClass_IsCloaked,swig,ShipClass,,IsCloaked,direct,DamageableObject|PhysicsObjectClass|ObjectClass|BaseObjectClass|TGEventHandlerObject|TGTemplatedAttrObject|TGAttrObject|TGObject,c_symbol
0x0060b740,swig_ShipClass_SetDocked,swig,ShipClass,,SetDocked,direct,DamageableObject|PhysicsObjectClass|ObjectClass|BaseObjectClass|TGEventHandlerObject|TGTemplatedAttrObject|TGAttrObject|TGObject,c_symbol
0x0060b7c0,swig_ShipClass_IsDocked,swig,ShipClass,,IsDocked,direct,DamageableObject|PhysicsObjectClass|ObjectClass|BaseObjectClass|TGEventHandlerObject|TGTemplatedAttrObject|TGAttrObject|TGObject,c_symbol
0x0060b840,swig_ShipClass_SetNetPlayerID,swig,ShipClass,,SetNetPlayerID,direct,DamageableObject|PhysicsObjectClass|ObjectClass|BaseObjectClass|TGEventHandlerObject|TGTemplatedAttrObject|TGAttrObject|TGObject,c_symbol
0x0060b8c0,swig_ShipClass_GetNetPlayerID,swig,ShipClass,,GetNetPlayerID,direct,DamageableObject|PhysicsObjectClass|ObjectClass|BaseObjectClass|TGEventHandlerObject|TGTemplatedAttrObject|TGAttrObject|TGObject,c_symbol
0x0060b920,swig_ShipClass_IsPlayerShip,swig,ShipClass,,IsPlayerShip,direct,DamageableObject|PhysicsObjectClass|ObjectClass|BaseObjectClass|TGEventHandlerObject|TGTemplatedAttrObject|TGAttrObject|TGObject,c_symbol
0x0060b9a0,swig_ShipClass_GetNextTarget,swig,ShipClass,,GetNextTarget,direct,DamageableObject|PhysicsObjectClass|ObjectClass|BaseObjectClass|TGEventHandlerObject|TGTemplatedAttrObject|TGAttrObject|TGObject,c_symbol
0x0060ba10,swig_ShipClass_GetTarget,swig,,ShipClass,GetTarget,python_wrapper,,python_class_method
0x0060ba80,swig_ShipClass_SetTarget,swig,ShipClass,,SetTarget,direct,DamageableObject|PhysicsObjectClass|ObjectClass|BaseObjectClass|TGEventHandlerObject|TGTemplatedAttrObject|TGAttrObject|TGObject,c_symbol
0x0060bb40,swig_ShipClass_SetTargetSubsystem,swig,ShipClass,,SetTargetSubsystem,direct,DamageableObject|PhysicsObjectClass|ObjectClass|BaseObjectClass|TGEventHandlerObject|TGTemplatedAttrObject|TGAttrObject|TGObject,c_symbol
0x0060bbe0,swig_ShipClass_GetTargetSubsystem,swig,,ShipClass,GetTargetSubsystem,python_wrapper,,python_class_method
0x0060bc50,swig_ShipClass_GetTargetOffsetTG,swig,,ShipClass,GetTargetOffsetTG,python_wrapper,,python_class_method
0x0060bd10,swig_ShipClass_UseTargetOffsetTG,swig,ShipClass,,UseTargetOffsetTG,direct,DamageableObject|PhysicsObjectClass|ObjectClass|BaseObjectClass|TGEventHandlerObject|TGTemplatedAttrObject|TGAttrObject|TGObject,c_symbol
0x0060bde0,swig_ShipClass_DamageSystem,swig,ShipClass,,DamageSystem,direct,DamageableObject|PhysicsObjectClass|ObjectClass|BaseObjectClass|TGEventHandlerObject|TGTemplatedAttrObject|TGAttrObject|TGObject,c_symbol
0x0060bee0,swig_ShipClass_DestroySystem,swig,ShipClass,,DestroySystem,direct,DamageableObject|PhysicsObjectClass|ObjectClass|BaseObjectClass|TGEventHandlerObject|TGTemplatedAttrObject|TGAttrObject|TGObject,c_symbol
0x0060bf80,swig_ShipClass_GetAffiliation,swig,ShipClass,,GetAffiliation,direct,DamageableObject|PhysicsObjectClass|ObjectClass|BaseObjectClass|TGEventHandlerObject|TGTemplatedAttrObject|TGAttrObject|TGObject,c_symbol
0x0060bfe0,swig_ShipClass_SetAffiliation,swig,ShipClass,,SetAffiliation,direct,DamageableObject|PhysicsObjectClass|ObjectClass|BaseObjectClass|TGEventHandlerObject|TGTemplatedAttrObject|TGAttrObject|TGObject,c_symbol
0x0060c060,swig_ShipClass_GetAlertLevel,swig,ShipClass,,GetAlertLevel,direct,DamageableObject|PhysicsObjectClass|ObjectClass|BaseObjectClass|TGEventHandlerObject|TGTemplatedAttrObject|TGAttrObject|TGObject,c_symbol
0x0060c0c0,swig_ShipClass_SetAlertLevel,swig,ShipClass,,SetAlertLevel,direct,DamageableObject|PhysicsObjectClass|ObjectClass|BaseObjectClass|TGEventHandlerObject|TGTemplatedAttrObject|TGAttrObject|TGObject,c_symbol
0x0060c140,swig_ShipClass_DisableCollisionDamage,swig,ShipClass,,DisableCollisionDamage,direct,DamageableObject|PhysicsObjectClass|ObjectClass|BaseObjectClass|TGEventHandlerObject|TGTemplatedAttrObject|TGAttrObject|TGObject,c_symbol
0x0060c1c0,swig_ShipClass_IsCollisionDamageDisabled,swig,ShipClass,,IsCollisionDamageDisabled,direct,DamageableObject|PhysicsObjectClass|ObjectClass|BaseObjectClass|TGEventHandlerObject|TGTemplatedAttrObject|TGAttrObject|TGObject,c_symbol
0x0060c240,swig_ShipClass_IncrementAIDoneIgnore,swig,ShipClass,,IncrementAIDoneIgnore,direct,DamageableObject|PhysicsObjectClass|ObjectClass|BaseObjectClass|TGEventHandlerObject|TGTemplatedAttrObject|TGAttrObject|TGObject,c_symbol
0x0060c2b0,swig_ShipClass_GetObject,swig,ShipClass,ShipClass,GetObject,swig_helper,DamageableObject|PhysicsObjectClass|ObjectClass|BaseObjectClass|TGEventHandlerObject|TGTemplatedAttrObject|TGAttrObject|TGObject,swig_helper_synth
0x0060c370,swig_ShipClass_GetNumClassObjects,swig,ShipClass,ShipClass,GetNumClassObjects,swig_helper,DamageableObject|PhysicsObjectClass|ObjectClass|BaseObjectClass|TGEventHandlerObject|TGTemplatedAttrObject|TGAttrObject|TGObject,swig_helper_synth
0x0060c3d0,swig_ShipClass_GetObjectByID,swig,ShipClass,ShipClass,GetObjectByID,swig_helper,DamageableObject|PhysicsObjectClass|ObjectClass|BaseObjectClass|TGEventHandlerObject|TGTemplatedAttrObject|TGAttrObject|TGObject,swig_helper_synth
0x0060c450,swig_delete_ShipClass,swig,ShipClass,ShipClass,delete,swig_dtor,DamageableObject|PhysicsObjectClass|ObjectClass|BaseObjectClass|TGEventHandlerObject|TGTemplatedAttrObject|TGAttrObject|TGObject,swig_ctor_dtor
0x0060c4c0,swig_new_ObjectGroup,swig,ObjectGroup,ObjectGroup,new,swig_ctor,TGEventHandlerObject|TGTemplatedAttrObject|TGAttrObject|TGObject,swig_ctor_dtor
0x0060c520,swig_delete_ObjectGroup,swig,ObjectGroup,ObjectGroup,delete,swig_dtor,TGEventHandlerObject|TGTemplatedAttrObject|TGAttrObject|TGObject,swig_ctor_dtor
0x0060c590,swig_ObjectGroup_SetEventFlag,swig,ObjectGroup,,SetEventFlag,direct,TGEventHandlerObject|TGTemplatedAttrObject|TGAttrObject|TGObject,c_symbol
0x0060c610,swig_ObjectGroup_ClearEventFlag,swig,ObjectGroup,,ClearEventFlag,direct,TGEventHandlerObject|TGTemplatedAttrObject|TGAttrObject|TGObject,c_symbol
0x0060c690,swig_ObjectGroup_IsEventFlagSet,swig,ObjectGroup,,IsEventFlagSet,direct,TGEventHandlerObject|TGTemplatedAttrObject|TGAttrObject|TGObject,c_symbol
0x0060c710,swig_ObjectGroup_AddName,swig,ObjectGroup,,AddName,direct,TGEventHandlerObject|TGTemplatedAttrObject|TGAttrObject|TGObject,c_symbol
0x0060c7d0,swig_ObjectGroup_RemoveName,swig,ObjectGroup,,RemoveName,direct,TGEventHandlerObject|TGTemplatedAttrObject|TGAttrObject|TGObject,c_symbol
0x0060c890,swig_ObjectGroup_RemoveAllNames,swig,ObjectGroup,,RemoveAllNames,direct,TGEventHandlerObject|TGTemplatedAttrObject|TGAttrObject|TGObject,c_symbol
0x0060c910,swig_ObjectGroup_IsNameInGroup,swig,ObjectGroup,,IsNameInGroup,direct,TGEventHandlerObject|TGTemplatedAttrObject|TGAttrObject|TGObject,c_symbol
0x0060c9d0,swig_ObjectGroup_FromModule,swig,ObjectGroup,,FromModule,direct_unmatched,TGEventHandlerObject|TGTemplatedAttrObject|TGAttrObject|TGObject,class_prefix
0x0060cab0,swig_ObjectGroup_GetNumActiveObjects,swig,ObjectGroup,,GetNumActiveObjects,direct,TGEventHandlerObject|TGTemplatedAttrObject|TGAttrObject|TGObject,c_symbol
0x0060cb10,swig_new_ObjectGroupWithInfo,swig,ObjectGroupWithInfo,ObjectGroupWithInfo,new,swig_ctor,ObjectGroup|TGEventHandlerObject|TGTemplatedAttrObject|TGAttrObject|TGObject,swig_ctor_dtor
0x0060cb70,swig_delete_ObjectGroupWithInfo,swig,ObjectGroupWithInfo,ObjectGroupWithInfo,delete,swig_dtor,ObjectGroup|TGEventHandlerObject|TGTemplatedAttrObject|TGAttrObject|TGObject,swig_ctor_dtor
0x0060cbe0,swig_ObjectGroupWithInfo_Cast,swig,ObjectGroupWithInfo,ObjectGroupWithInfo,Cast,swig_helper,ObjectGroup|TGEventHandlerObject|TGTemplatedAttrObject|TGAttrObject|TGObject,swig_helper_synth
0x0060cc50,swig_new_ShipSubsystem,swig,ShipSubsystem,ShipSubsystem,new,swig_ctor,TGEventHandlerObject|TGTemplatedAttrObject|TGAttrObject|TGObject,swig_ctor_dtor
0x0060ccd0,swig_delete_ShipSubsystem,swig,ShipSubsystem,ShipSubsystem,delete,swig_dtor,TGEventHandlerObject|TGTemplatedAttrObject|TGAttrObject|TGObject,swig_ctor_dtor
0x0060cd40,swig_ShipSubsystem_GetProperty,swig,,ShipSubsystem,GetProperty,python_wrapper,,python_class_method
0x0060cdb0,swig_ShipSubsystem_GetName,swig,ShipSubsystem,,GetName,direct,TGEventHandlerObject|TGTemplatedAttrObject|TGAttrObject|TGObject,c_symbol
0x0060ce20,swig_ShipSubsystem_GetDisplayName,swig,,ShipSubsystem,GetDisplayName,python_wrapper,,python_class_method
0x0060ceb0,swig_ShipSubsystem_Cast,swig,ShipSubsystem,ShipSubsystem,Cast,swig_helper,TGEventHandlerObject|TGTemplatedAttrObject|TGAttrObject|TGObject,swig_helper_synth
0x0060cf20,swig_ShipSubsystem_Create,swig,ShipSubsystem,ShipSubsystem,Create,swig_helper,TGEventHandlerObject|TGTemplatedAttrObject|TGAttrObject|TGObject,swig_helper_synth
0x0060cf90,swig_ShipSubsystem_GetCondition,swig,ShipSubsystem,,GetCondition,direct,TGEventHandlerObject|TGTemplatedAttrObject|TGAttrObject|TGObject,c_symbol
0x0060d000,swig_ShipSubsystem_GetMaxCondition,swig,ShipSubsystem,,GetMaxCondition,direct,TGEventHandlerObject|TGTemplatedAttrObject|TGAttrObject|TGObject,c_symbol
0x0060d070,swig_ShipSubsystem_GetConditionPercentage,swig,ShipSubsystem,,GetConditionPercentage,direct,TGEventHandlerObject|TGTemplatedAttrObject|TGAttrObject|TGObject,c_symbol
0x0060d0e0,swig_ShipSubsystem_GetCombinedConditionPercentage,swig,ShipSubsystem,,GetCombinedConditionPercentage,direct,TGEventHandlerObject|TGTemplatedAttrObject|TGAttrObject|TGObject,c_symbol
0x0060d150,swig_ShipSubsystem_GetDamage,swig,ShipSubsystem,,GetDamage,direct,TGEventHandlerObject|TGTemplatedAttrObject|TGAttrObject|TGObject,c_symbol
0x0060d1c0,swig_ShipSubsystem_GetRepairPointsNeeded,swig,ShipSubsystem,,GetRepairPointsNeeded,direct,TGEventHandlerObject|TGTemplatedAttrObject|TGAttrObject|TGObject,c_symbol
0x0060d250,swig_ShipSubsystem_GetPosition,swig,,ShipSubsystem,GetPosition,python_wrapper,,python_class_method
0x0060d2e0,swig_ShipSubsystem_GetPositionTG,swig,,ShipSubsystem,GetPositionTG,python_wrapper,,python_class_method
0x0060d370,swig_ShipSubsystem_GetWorldLocation,swig,,ShipSubsystem,GetWorldLocation,python_wrapper,,python_class_method
0x0060d400,swig_ShipSubsystem_GetRadius,swig,ShipSubsystem,,GetRadius,direct,TGEventHandlerObject|TGTemplatedAttrObject|TGAttrObject|TGObject,c_symbol
0x0060d470,swig_ShipSubsystem_GetParentShip,swig,,ShipSubsystem,GetParentShip,python_wrapper,,python_class_method
0x0060d4e0,swig_ShipSubsystem_GetConditionWatcher,swig,,ShipSubsystem,GetConditionWatcher,python_wrapper,,python_class_method
0x0060d550,swig_ShipSubsystem_GetLastUpdateLength,swig,ShipSubsystem,,GetLastUpdateLength,direct,TGEventHandlerObject|TGTemplatedAttrObject|TGAttrObject|TGObject,c_symbol
0x0060d5c0,swig_ShipSubsystem_IsCritical,swig,ShipSubsystem,,IsCritical,direct,TGEventHandlerObject|TGTemplatedAttrObject|TGAttrObject|TGObject,c_symbol
0x0060d640,swig_ShipSubsystem_IsTargetable,swig,ShipSubsystem,,IsTargetable,direct,TGEventHandlerObject|TGTemplatedAttrObject|TGAttrObject|TGObject,c_symbol
0x0060d6c0,swig_ShipSubsystem_GetRepairComplexity,swig,ShipSubsystem,,GetRepairComplexity,direct,TGEventHandlerObject|TGTemplatedAttrObject|TGAttrObject|TGObject,c_symbol
0x0060d730,swig_ShipSubsystem_GetDisabledPercentage,swig,ShipSubsystem,,GetDisabledPercentage,direct,TGEventHandlerObject|TGTemplatedAttrObject|TGAttrObject|TGObject,c_symbol
0x0060d7a0,swig_ShipSubsystem_IsDisabled,swig,ShipSubsystem,,IsDisabled,direct,TGEventHandlerObject|TGTemplatedAttrObject|TGAttrObject|TGObject,c_symbol
0x0060d820,swig_ShipSubsystem_GetParentSubsystem,swig,,ShipSubsystem,GetParentSubsystem,python_wrapper,,python_class_method
0x0060d890,swig_ShipSubsystem_IsHittableFromLocation,swig,ShipSubsystem,,IsHittableFromLocation,direct,TGEventHandlerObject|TGTemplatedAttrObject|TGAttrObject|TGObject,c_symbol
0x0060d940,swig_ShipSubsystem_GetChildSubsystems,swig,ShipSubsystem,,GetChildSubsystems,direct,TGEventHandlerObject|TGTemplatedAttrObject|TGAttrObject|TGObject,c_symbol
0x0060d9b0,swig_ShipSubsystem_GetChildSubsystem,swig,,ShipSubsystem,GetChildSubsystem,python_wrapper,,python_class_method
0x0060da30,swig_ShipSubsystem_GetChildSubsystemIndex,swig,ShipSubsystem,,GetChildSubsystemIndex,direct,TGEventHandlerObject|TGTemplatedAttrObject|TGAttrObject|TGObject,c_symbol
0x0060dad0,swig_ShipSubsystem_GetNumChildSubsystems,swig,ShipSubsystem,,GetNumChildSubsystems,direct,TGEventHandlerObject|TGTemplatedAttrObject|TGAttrObject|TGObject,c_symbol
0x0060db30,swig_ShipSubsystem_GetLastChildSubsystemIndex,swig,ShipSubsystem,,GetLastChildSubsystemIndex,direct,TGEventHandlerObject|TGTemplatedAttrObject|TGAttrObject|TGObject,c_symbol
0x0060db90,swig_ShipSubsystem_HasTargetableChildSubsystem,swig,ShipSubsystem,,HasTargetableChildSubsystem,direct,TGEventHandlerObject|TGTemplatedAttrObject|TGAttrObject|TGObject,c_symbol
0x0060dc10,swig_ShipSubsystem_GetNextTargetableChildSubsystem,swig,,ShipSubsystem,GetNextTargetableChildSubsystem,python_wrapper,,python_class_method
0x0060dcc0,swig_ShipSubsystem_AddChildSubsystem,swig,ShipSubsystem,,AddChildSubsystem,direct,TGEventHandlerObject|TGTemplatedAttrObject|TGAttrObject|TGObject,c_symbol
0x0060dd60,swig_ShipSubsystem_SetCondition,swig,ShipSubsystem,,SetCondition,direct,TGEventHandlerObject|TGTemplatedAttrObject|TGAttrObject|TGObject,c_symbol
0x0060dde0,swig_ShipSubsystem_SetConditionPercentage,swig,ShipSubsystem,,SetConditionPercentage,direct,TGEventHandlerObject|TGTemplatedAttrObject|TGAttrObject|TGObject,c_symbol
0x0060de60,swig_ShipSubsystem_IsInvincible,swig,ShipSubsystem,,IsInvincible,direct,TGEventHandlerObject|TGTemplatedAttrObject|TGAttrObject|TGObject,c_symbol
0x0060dee0,swig_ShipSubsystem_SetInvincible,swig,ShipSubsystem,,SetInvincible,direct,TGEventHandlerObject|TGTemplatedAttrObject|TGAttrObject|TGObject,c_symbol
0x0060df60,swig_ShipSubsystem_SetParentShip,swig,ShipSubsystem,,SetParentShip,direct,TGEventHandlerObject|TGTemplatedAttrObject|TGAttrObject|TGObject,c_symbol
0x0060e000,swig_ShipSubsystem_SetParentSubsystem,swig,ShipSubsystem,,SetParentSubsystem,direct,TGEventHandlerObject|TGTemplatedAttrObject|TGAttrObject|TGObject,c_symbol
0x0060e0a0,swig_ShipSubsystem_SetProperty,swig,ShipSubsystem,,SetProperty,direct,TGEventHandlerObject|TGTemplatedAttrObject|TGAttrObject|TGObject,c_symbol
0x0060e140,swig_ShipSubsystem_Repair,swig,ShipSubsystem,,Repair,direct,TGEventHandlerObject|TGTemplatedAttrObject|TGAttrObject|TGObject,c_symbol
0x0060e1c0,swig_ShipSubsystem_GetCombinedPercentageWatcher,swig,,ShipSubsystem,GetCombinedPercentageWatcher,python_wrapper,,python_class_method
0x0060e230,swig_ShipSubsystem_Update,swig,ShipSubsystem,,Update,direct,TGEventHandlerObject|TGTemplatedAttrObject|TGAttrObject|TGObject,c_symbol
0x0060e2b0,swig_ShipSubsystem_GetDamagePoint,swig,,ShipSubsystem,GetDamagePoint,python_wrapper,,python_class_method
0x0060e350,swig_ShipSubsystem_UpdateDamagePoint,swig,ShipSubsystem,,UpdateDamagePoint,direct,TGEventHandlerObject|TGTemplatedAttrObject|TGAttrObject|TGObject,c_symbol
0x0060e3c0,swig_new_PoweredSubsystem,swig,PoweredSubsystem,PoweredSubsystem,new,swig_ctor,ShipSubsystem|TGEventHandlerObject|TGTemplatedAttrObject|TGAttrObject|TGObject,swig_ctor_dtor
0x0060e440,swig_delete_PoweredSubsystem,swig,PoweredSubsystem,PoweredSubsystem,delete,swig_dtor,ShipSubsystem|TGEventHandlerObject|TGTemplatedAttrObject|TGAttrObject|TGObject,swig_ctor_dtor
0x0060e4b0,swig_PoweredSubsystem_Cast,swig,PoweredSubsystem,PoweredSubsystem,Cast,swig_helper,ShipSubsystem|TGEventHandlerObject|TGTemplatedAttrObject|TGAttrObject|TGObject,swig_helper_synth
0x0060e520,swig_PoweredSubsystem_GetProperty,swig,,PoweredSubsystem,GetProperty,python_wrapper,,python_class_method
0x0060e590,swig_PoweredSubsystem_GetPowerPercentageWanted,swig,PoweredSubsystem,,GetPowerPercentageWanted,direct,ShipSubsystem|TGEventHandlerObject|TGTemplatedAttrObject|TGAttrObject|TGObject,c_symbol
0x0060e600,swig_PoweredSubsystem_SetPowerPercentageWanted,swig,PoweredSubsystem,,SetPowerPercentageWanted,direct,ShipSubsystem|TGEventHandlerObject|TGTemplatedAttrObject|TGAttrObject|TGObject,c_symbol
0x0060e680,swig_PoweredSubsystem_GetPowerWanted,swig,PoweredSubsystem,,GetPowerWanted,direct,ShipSubsystem|TGEventHandlerObject|TGTemplatedAttrObject|TGAttrObject|TGObject,c_symbol
0x0060e6f0,swig_PoweredSubsystem_GetNormalPowerWanted,swig,PoweredSubsystem,,GetNormalPowerWanted,direct,ShipSubsystem|TGEventHandlerObject|TGTemplatedAttrObject|TGAttrObject|TGObject,c_symbol
0x0060e760,swig_PoweredSubsystem_SetPowerWanted,swig,PoweredSubsystem,,SetPowerWanted,direct,ShipSubsystem|TGEventHandlerObject|TGTemplatedAttrObject|TGAttrObject|TGObject,c_symbol
0x0060e7e0,swig_PoweredSubsystem_SetPowerSource,swig,PoweredSubsystem,,SetPowerSource,direct,ShipSubsystem|TGEventHandlerObject|TGTemplatedAttrObject|TGAttrObject|TGObject,c_symbol
0x0060e880,swig_PoweredSubsystem_GetPowerReceived,swig,PoweredSubsystem,,GetPowerReceived,direct,ShipSubsystem|TGEventHandlerObject|TGTemplatedAttrObject|TGAttrObject|TGObject,c_symbol
0x0060e8f0,swig_PoweredSubsystem_GetPowerPercentage,swig,PoweredSubsystem,,GetPowerPercentage,direct,ShipSubsystem|TGEventHandlerObject|TGTemplatedAttrObject|TGAttrObject|TGObject,c_symbol
0x0060e960,swig_PoweredSubsystem_GetNormalPowerPercentage,swig,PoweredSubsystem,,GetNormalPowerPercentage,direct,ShipSubsystem|TGEventHandlerObject|TGTemplatedAttrObject|TGAttrObject|TGObject,c_symbol
0x0060e9d0,swig_PoweredSubsystem_TurnOn,swig,PoweredSubsystem,,TurnOn,direct,ShipSubsystem|TGEventHandlerObject|TGTemplatedAttrObject|TGAttrObject|TGObject,c_symbol
0x0060ea40,swig_PoweredSubsystem_TurnOff,swig,PoweredSubsystem,,TurnOff,direct,ShipSubsystem|TGEventHandlerObject|TGTemplatedAttrObject|TGAttrObject|TGObject,c_symbol
0x0060eab0,swig_PoweredSubsystem_Turn,swig,PoweredSubsystem,,Turn,direct,ShipSubsystem|TGEventHandlerObject|TGTemplatedAttrObject|TGAttrObject|TGObject,c_symbol
0x0060eb50,swig_PoweredSubsystem_IsOn,swig,PoweredSubsystem,,IsOn,direct,ShipSubsystem|TGEventHandlerObject|TGTemplatedAttrObject|TGAttrObject|TGObject,c_symbol
0x0060ebd0,swig_new_PowerSubsystem,swig,PowerSubsystem,PowerSubsystem,new,swig_ctor,ShipSubsystem|TGEventHandlerObject|TGTemplatedAttrObject|TGAttrObject|TGObject,swig_ctor_dtor
0x0060ec40,swig_delete_PowerSubsystem,swig,PowerSubsystem,PowerSubsystem,delete,swig_dtor,ShipSubsystem|TGEventHandlerObject|TGTemplatedAttrObject|TGAttrObject|TGObject,swig_ctor_dtor
0x0060ecb0,swig_PowerSubsystem_Cast,swig,PowerSubsystem,PowerSubsystem,Cast,swig_helper,ShipSubsystem|TGEventHandlerObject|TGTemplatedAttrObject|TGAttrObject|TGObject,swig_helper_synth
0x0060ed20,swig_PowerSubsystem_Create,swig,PowerSubsystem,PowerSubsystem,Create,swig_helper,ShipSubsystem|TGEventHandlerObject|TGTemplatedAttrObject|TGAttrObject|TGObject,swig_helper_synth
0x0060ed90,swig_PowerSubsystem_GetProperty,swig,,PowerSubsystem,GetProperty,python_wrapper,,python_class_method
0x0060ee00,swig_PowerSubsystem_GetAvailablePower,swig,PowerSubsystem,,GetAvailablePower,direct,ShipSubsystem|TGEventHandlerObject|TGTemplatedAttrObject|TGAttrObject|TGObject,c_symbol
0x0060ee70,swig_PowerSubsystem_GetMainBatteryPower,swig,PowerSubsystem,,GetMainBatteryPower,direct,ShipSubsystem|TGEventHandlerObject|TGTemplatedAttrObject|TGAttrObject|TGObject,c_symbol
0x0060eee0,swig_PowerSubsystem_GetBackupBatteryPower,swig,PowerSubsystem,,GetBackupBatteryPower,direct,ShipSubsystem|TGEventHandlerObject|TGTemplatedAttrObject|TGAttrObject|TGObject,c_symbol
0x0060ef50,swig_PowerSubsystem_GetPowerOutput,swig,PowerSubsystem,,GetPowerOutput,direct,ShipSubsystem|TGEventHandlerObject|TGTemplatedAttrObject|TGAttrObject|TGObject,c_symbol
0x0060efc0,swig_PowerSubsystem_GetMainBatteryLimit,swig,PowerSubsystem,,GetMainBatteryLimit,direct,ShipSubsystem|TGEventHandlerObject|TGTemplatedAttrObject|TGAttrObject|TGObject,c_symbol
0x0060f030,swig_PowerSubsystem_GetBackupBatteryLimit,swig,PowerSubsystem,,GetBackupBatteryLimit,direct,ShipSubsystem|TGEventHandlerObject|TGTemplatedAttrObject|TGAttrObject|TGObject,c_symbol
0x0060f0a0,swig_PowerSubsystem_GetMaxMainConduitCapacity,swig,PowerSubsystem,,GetMaxMainConduitCapacity,direct,ShipSubsystem|TGEventHandlerObject|TGTemplatedAttrObject|TGAttrObject|TGObject,c_symbol
0x0060f110,swig_PowerSubsystem_GetMainConduitCapacity,swig,PowerSubsystem,,GetMainConduitCapacity,direct,ShipSubsystem|TGEventHandlerObject|TGTemplatedAttrObject|TGAttrObject|TGObject,c_symbol
0x0060f180,swig_PowerSubsystem_GetBackupConduitCapacity,swig,PowerSubsystem,,GetBackupConduitCapacity,direct,ShipSubsystem|TGEventHandlerObject|TGTemplatedAttrObject|TGAttrObject|TGObject,c_symbol
0x0060f1f0,swig_PowerSubsystem_SetAvailablePower,swig,PowerSubsystem,,SetAvailablePower,direct,ShipSubsystem|TGEventHandlerObject|TGTemplatedAttrObject|TGAttrObject|TGObject,c_symbol
0x0060f270,swig_PowerSubsystem_SetMainBatteryPower,swig,PowerSubsystem,,SetMainBatteryPower,direct,ShipSubsystem|TGEventHandlerObject|TGTemplatedAttrObject|TGAttrObject|TGObject,c_symbol
0x0060f2f0,swig_PowerSubsystem_SetBackupBatteryPower,swig,PowerSubsystem,,SetBackupBatteryPower,direct,ShipSubsystem|TGEventHandlerObject|TGTemplatedAttrObject|TGAttrObject|TGObject,c_symbol
0x0060f370,swig_PowerSubsystem_AddPower,swig,PowerSubsystem,,AddPower,direct,ShipSubsystem|TGEventHandlerObject|TGTemplatedAttrObject|TGAttrObject|TGObject,c_symbol
0x0060f3f0,swig_PowerSubsystem_DeductPower,swig,PowerSubsystem,,DeductPower,direct,ShipSubsystem|TGEventHandlerObject|TGTemplatedAttrObject|TGAttrObject|TGObject,c_symbol
0x0060f470,swig_PowerSubsystem_StealPower,swig,PowerSubsystem,,StealPower,direct,ShipSubsystem|TGEventHandlerObject|TGTemplatedAttrObject|TGAttrObject|TGObject,c_symbol
0x0060f4f0,swig_PowerSubsystem_StealPowerFromReserve,swig,PowerSubsystem,,StealPowerFromReserve,direct,ShipSubsystem|TGEventHandlerObject|TGTemplatedAttrObject|TGAttrObject|TGObject,c_symbol
0x0060f570,swig_PowerSubsystem_GetPowerWanted,swig,PowerSubsystem,,GetPowerWanted,direct,ShipSubsystem|TGEventHandlerObject|TGTemplatedAttrObject|TGAttrObject|TGObject,c_symbol
0x0060f5f0,swig_PowerSubsystem_GetMainBatteryWatcher,swig,,PowerSubsystem,GetMainBatteryWatcher,python_wrapper,,python_class_method
0x0060f660,swig_PowerSubsystem_GetBackupBatteryWatcher,swig,,PowerSubsystem,GetBackupBatteryWatcher,python_wrapper,,python_class_method
0x0060f6d0,swig_PowerSubsystem_GetPowerDispensed,swig,PowerSubsystem,,GetPowerDispensed,direct,ShipSubsystem|TGEventHandlerObject|TGTemplatedAttrObject|TGAttrObject|TGObject,c_symbol
0x0060f740,swig_new_Weapon,swig,Weapon,Weapon,new,swig_ctor,ShipSubsystem|TGEventHandlerObject|TGTemplatedAttrObject|TGAttrObject|TGObject,swig_ctor_dtor
0x0060f7c0,swig_delete_Weapon,swig,Weapon,Weapon,delete,swig_dtor,ShipSubsystem|TGEventHandlerObject|TGTemplatedAttrObject|TGAttrObject|TGObject,swig_ctor_dtor
0x0060f830,swig_Weapon_Cast,swig,Weapon,Weapon,Cast,swig_helper,ShipSubsystem|TGEventHandlerObject|TGTemplatedAttrObject|TGAttrObject|TGObject,swig_helper_synth
0x0060f8a0,swig_Weapon_GetProperty,swig,,Weapon,GetProperty,python_wrapper,,python_class_method
0x0060f910,swig_Weapon_StopFiring,swig,Weapon,,StopFiring,direct,ShipSubsystem|TGEventHandlerObject|TGTemplatedAttrObject|TGAttrObject|TGObject,c_symbol
0x0060f980,swig_Weapon_Fire,swig,Weapon,,Fire,direct,ShipSubsystem|TGEventHandlerObject|TGTemplatedAttrObject|TGAttrObject|TGObject,c_symbol
0x0060fa20,swig_Weapon_FireDumb,swig,Weapon,,FireDumb,direct,ShipSubsystem|TGEventHandlerObject|TGTemplatedAttrObject|TGAttrObject|TGObject,c_symbol
0x0060fac0,swig_Weapon_CanFire,swig,Weapon,,CanFire,direct,ShipSubsystem|TGEventHandlerObject|TGTemplatedAttrObject|TGAttrObject|TGObject,c_symbol
0x0060fb40,swig_Weapon_IsFiring,swig,Weapon,,IsFiring,direct,ShipSubsystem|TGEventHandlerObject|TGTemplatedAttrObject|TGAttrObject|TGObject,c_symbol
0x0060fbc0,swig_Weapon_SetFiring,swig,Weapon,,SetFiring,direct,ShipSubsystem|TGEventHandlerObject|TGTemplatedAttrObject|TGAttrObject|TGObject,c_symbol
0x0060fc40,swig_Weapon_IsMemberOfGroup,swig,Weapon,,IsMemberOfGroup,direct,ShipSubsystem|TGEventHandlerObject|TGTemplatedAttrObject|TGAttrObject|TGObject,c_symbol
0x0060fcc0,swig_Weapon_GetOverallConditionPercentage,swig,Weapon,,GetOverallConditionPercentage,direct,ShipSubsystem|TGEventHandlerObject|TGTemplatedAttrObject|TGAttrObject|TGObject,c_symbol
0x0060fd30,swig_Weapon_GetDamageRadiusFactor,swig,Weapon,,GetDamageRadiusFactor,direct,ShipSubsystem|TGEventHandlerObject|TGTemplatedAttrObject|TGAttrObject|TGObject,c_symbol
0x0060fda0,swig_Weapon_IsDumbFire,swig,Weapon,,IsDumbFire,direct,ShipSubsystem|TGEventHandlerObject|TGTemplatedAttrObject|TGAttrObject|TGObject,c_symbol
0x0060fe20,swig_Weapon_CalculateRoughDirection,swig,,Weapon,CalculateRoughDirection,python_wrapper,,python_class_method
0x0060feb0,swig_Weapon_CalculateWeaponAppeal,swig,Weapon,,CalculateWeaponAppeal,direct,ShipSubsystem|TGEventHandlerObject|TGTemplatedAttrObject|TGAttrObject|TGObject,c_symbol
0x0060ff20,swig_Weapon_GetTargetID,swig,Weapon,,GetTargetID,direct,ShipSubsystem|TGEventHandlerObject|TGTemplatedAttrObject|TGAttrObject|TGObject,c_symbol
0x0060ff80,swig_new_FiringChain,swig,FiringChain,FiringChain,new,swig_ctor,,swig_ctor_dtor
0x0060ffd0,swig_delete_FiringChain,swig,FiringChain,FiringChain,delete,swig_dtor,,swig_ctor_dtor
0x00610050,swig_FiringChain_GetName,swig,FiringChain,,GetName,direct,,c_symbol
0x006100c0,swig_FiringChain_GetWeaponGroups,swig,FiringChain,,GetWeaponGroups,direct,,c_symbol
0x00610120,swig_FiringChain_SetName,swig,FiringChain,,SetName,direct,,c_symbol
0x006101e0,swig_FiringChain_SetWeaponGroups,swig,FiringChain,,SetWeaponGroups,direct,,c_symbol
0x00610260,swig_FiringChain_HasGroup,swig,FiringChain,,HasGroup,direct,,c_symbol
0x006102f0,swig_FiringChain_GetFirstGroup,swig,FiringChain,,GetFirstGroup,direct,,c_symbol
0x00610350,swig_FiringChain_GetNextGroup,swig,FiringChain,,GetNextGroup,direct,,c_symbol
0x006103c0,swig_new_WeaponSystem,swig,WeaponSystem,WeaponSystem,new,swig_ctor,PoweredSubsystem|ShipSubsystem|TGEventHandlerObject|TGTemplatedAttrObject|TGAttrObject|TGObject,swig_ctor_dtor
0x00610440,swig_delete_WeaponSystem,swig,WeaponSystem,WeaponSystem,delete,swig_dtor,PoweredSubsystem|ShipSubsystem|TGEventHandlerObject|TGTemplatedAttrObject|TGAttrObject|TGObject,swig_ctor_dtor
0x006104b0,swig_WeaponSystem_Cast,swig,WeaponSystem,WeaponSystem,Cast,swig_helper,PoweredSubsystem|ShipSubsystem|TGEventHandlerObject|TGTemplatedAttrObject|TGAttrObject|TGObject,swig_helper_synth
0x00610520,swig_WeaponSystem_Create,swig,WeaponSystem,WeaponSystem,Create,swig_helper,PoweredSubsystem|ShipSubsystem|TGEventHandlerObject|TGTemplatedAttrObject|TGAttrObject|TGObject,swig_helper_synth
0x00610590,swig_WeaponSystem_GetProperty,swig,,WeaponSystem,GetProperty,python_wrapper,,python_class_method
0x00610600,swig_WeaponSystem_IsSingleFire,swig,WeaponSystem,,IsSingleFire,direct,PoweredSubsystem|ShipSubsystem|TGEventHandlerObject|TGTemplatedAttrObject|TGAttrObject|TGObject,c_symbol
0x00610680,swig_WeaponSystem_ShouldBeAimed,swig,WeaponSystem,,ShouldBeAimed,direct,PoweredSubsystem|ShipSubsystem|TGEventHandlerObject|TGTemplatedAttrObject|TGAttrObject|TGObject,c_symbol
0x00610700,swig_WeaponSystem_IsTryingToFire,swig,WeaponSystem,,IsTryingToFire,direct,PoweredSubsystem|ShipSubsystem|TGEventHandlerObject|TGTemplatedAttrObject|TGAttrObject|TGObject,c_symbol
0x00610780,swig_WeaponSystem_IsFiring,swig,WeaponSystem,,IsFiring,direct,PoweredSubsystem|ShipSubsystem|TGEventHandlerObject|TGTemplatedAttrObject|TGAttrObject|TGObject,c_symbol
0x00610800,swig_WeaponSystem_GetWeapon,swig,,WeaponSystem,GetWeapon,python_wrapper,,python_class_method
0x00610880,swig_WeaponSystem_CanFire,swig,WeaponSystem,,CanFire,direct,PoweredSubsystem|ShipSubsystem|TGEventHandlerObject|TGTemplatedAttrObject|TGAttrObject|TGObject,c_symbol
0x00610900,swig_WeaponSystem_StartFiring,swig,WeaponSystem,,StartFiring,direct,PoweredSubsystem|ShipSubsystem|TGEventHandlerObject|TGTemplatedAttrObject|TGAttrObject|TGObject,c_symbol
0x006109e0,swig_WeaponSystem_StopFiring,swig,WeaponSystem,,StopFiring,direct,PoweredSubsystem|ShipSubsystem|TGEventHandlerObject|TGTemplatedAttrObject|TGAttrObject|TGObject,c_symbol
0x00610a50,swig_WeaponSystem_StopFiringAtTarget,swig,WeaponSystem,,StopFiringAtTarget,direct,PoweredSubsystem|ShipSubsystem|TGEventHandlerObject|TGTemplatedAttrObject|TGAttrObject|TGObject,c_symbol
0x00610af0,swig_WeaponSystem_ClearTargetList,swig,WeaponSystem,,ClearTargetList,direct,PoweredSubsystem|ShipSubsystem|TGEventHandlerObject|TGTemplatedAttrObject|TGAttrObject|TGObject,c_symbol
0x00610b60,swig_WeaponSystem_IsInTargetList,swig,WeaponSystem,,IsInTargetList,direct,PoweredSubsystem|ShipSubsystem|TGEventHandlerObject|TGTemplatedAttrObject|TGAttrObject|TGObject,c_symbol
0x00610c10,swig_WeaponSystem_SetForceUpdate,swig,WeaponSystem,,SetForceUpdate,direct,PoweredSubsystem|ShipSubsystem|TGEventHandlerObject|TGTemplatedAttrObject|TGAttrObject|TGObject,c_symbol
0x00610c90,swig_WeaponSystem_RemoveFromTargetList,swig,WeaponSystem,,RemoveFromTargetList,direct,PoweredSubsystem|ShipSubsystem|TGEventHandlerObject|TGTemplatedAttrObject|TGAttrObject|TGObject,c_symbol
0x00610d30,swig_WeaponSystem_UpdateWeapons,swig,,WeaponSystem,UpdateWeapons,python_wrapper,,python_class_method
0x00610de0,swig_WeaponSystem_UpdateTargetList,swig,WeaponSystem,,UpdateTargetList,direct,PoweredSubsystem|ShipSubsystem|TGEventHandlerObject|TGTemplatedAttrObject|TGAttrObject|TGObject,c_symbol
0x00610e50,swig_WeaponSystem_GetGroupFireMode,swig,WeaponSystem,,GetGroupFireMode,direct,PoweredSubsystem|ShipSubsystem|TGEventHandlerObject|TGTemplatedAttrObject|TGAttrObject|TGObject,c_symbol
0x00610eb0,swig_WeaponSystem_SetGroupFireMode,swig,WeaponSystem,,SetGroupFireMode,direct,PoweredSubsystem|ShipSubsystem|TGEventHandlerObject|TGTemplatedAttrObject|TGAttrObject|TGObject,c_symbol
0x00610f30,swig_WeaponSystem_GetFiringChainMode,swig,WeaponSystem,,GetFiringChainMode,direct,PoweredSubsystem|ShipSubsystem|TGEventHandlerObject|TGTemplatedAttrObject|TGAttrObject|TGObject,c_symbol
0x00610f90,swig_WeaponSystem_SetFiringChainMode,swig,WeaponSystem,,SetFiringChainMode,direct,PoweredSubsystem|ShipSubsystem|TGEventHandlerObject|TGTemplatedAttrObject|TGAttrObject|TGObject,c_symbol
0x00611010,swig_WeaponSystem_GetNumFiringChains,swig,WeaponSystem,,GetNumFiringChains,direct,PoweredSubsystem|ShipSubsystem|TGEventHandlerObject|TGTemplatedAttrObject|TGAttrObject|TGObject,c_symbol
0x00611070,swig_WeaponSystem_GetFiringChain,swig,,WeaponSystem,GetFiringChain,python_wrapper,,python_class_method
0x006110f0,swig_WeaponSystem_GetFiringChainName,swig,WeaponSystem,,GetFiringChainName,direct,PoweredSubsystem|ShipSubsystem|TGEventHandlerObject|TGTemplatedAttrObject|TGAttrObject|TGObject,c_symbol
0x00611170,swig_WeaponSystem_GetLastWeaponFired,swig,,WeaponSystem,GetLastWeaponFired,python_wrapper,,python_class_method
0x006111e0,swig_WeaponSystem_GetLastGroupFired,swig,WeaponSystem,,GetLastGroupFired,direct,PoweredSubsystem|ShipSubsystem|TGEventHandlerObject|TGTemplatedAttrObject|TGAttrObject|TGObject,c_symbol
0x00611240,swig_WeaponSystem_GetNextWeapon,swig,,WeaponSystem,GetNextWeapon,python_wrapper,,python_class_method
0x006112b0,swig_WeaponSystem_Fire,swig,WeaponSystem,,Fire,direct,PoweredSubsystem|ShipSubsystem|TGEventHandlerObject|TGTemplatedAttrObject|TGAttrObject|TGObject,c_symbol
0x00611320,swig_WeaponPayload_GetID,swig,WeaponPayload,,GetID,direct,,c_symbol
0x00611380,swig_WeaponPayload_GetPayloadType,swig,WeaponPayload,,GetPayloadType,direct,,c_symbol
0x006113e0,swig_WeaponPayload_GetDamageRadiusFactor,swig,WeaponPayload,,GetDamageRadiusFactor,direct,,c_symbol
0x00611450,swig_WeaponPayload_NextID,swig,WeaponPayload,,NextID,direct,,c_symbol
0x006114c0,swig_WeaponPayload_SetDamageRadiusFactor,swig,WeaponPayload,,SetDamageRadiusFactor,direct,,c_symbol
0x00611540,swig_Torpedo_Create,swig,Torpedo,Torpedo,Create,swig_helper,PhysicsObjectClass|ObjectClass|BaseObjectClass|TGEventHandlerObject|TGTemplatedAttrObject|TGAttrObject|TGObject|WeaponPayload,swig_helper_synth
0x00611610,swig_Torpedo_Cast,swig,Torpedo,Torpedo,Cast,swig_helper,PhysicsObjectClass|ObjectClass|BaseObjectClass|TGEventHandlerObject|TGTemplatedAttrObject|TGAttrObject|TGObject|WeaponPayload,swig_helper_synth
0x00611680,swig_delete_Torpedo,swig,Torpedo,Torpedo,delete,swig_dtor,PhysicsObjectClass|ObjectClass|BaseObjectClass|TGEventHandlerObject|TGTemplatedAttrObject|TGAttrObject|TGObject|WeaponPayload,swig_ctor_dtor
0x006116f0,swig_Torpedo_GetMaxLifetime,swig,Torpedo,,GetMaxLifetime,direct_unmatched,PhysicsObjectClass|ObjectClass|BaseObjectClass|TGEventHandlerObject|TGTemplatedAttrObject|TGAttrObject|TGObject|WeaponPayload,class_prefix
0x00611720,swig_Torpedo_GetModuleName,swig,Torpedo,,GetModuleName,direct,PhysicsObjectClass|ObjectClass|BaseObjectClass|TGEventHandlerObject|TGTemplatedAttrObject|TGAttrObject|TGObject|WeaponPayload,c_symbol
0x00611790,swig_Torpedo_CreateDisruptorModel,swig,Torpedo,,CreateDisruptorModel,direct,PhysicsObjectClass|ObjectClass|BaseObjectClass|TGEventHandlerObject|TGTemplatedAttrObject|TGAttrObject|TGObject|WeaponPayload,c_symbol
0x006118b0,swig_Torpedo_CreateTorpedoModel,swig,Torpedo,,CreateTorpedoModel,direct,PhysicsObjectClass|ObjectClass|BaseObjectClass|TGEventHandlerObject|TGTemplatedAttrObject|TGAttrObject|TGObject|WeaponPayload,c_symbol
0x00611b10,swig_Torpedo_GetLaunchSpeed,swig,Torpedo,,GetLaunchSpeed,direct,PhysicsObjectClass|ObjectClass|BaseObjectClass|TGEventHandlerObject|TGTemplatedAttrObject|TGAttrObject|TGObject|WeaponPayload,c_symbol
0x00611b80,swig_Torpedo_GetLaunchSound,swig,Torpedo,,GetLaunchSound,direct,PhysicsObjectClass|ObjectClass|BaseObjectClass|TGEventHandlerObject|TGTemplatedAttrObject|TGAttrObject|TGObject|WeaponPayload,c_symbol
0x00611bf0,swig_Torpedo_SetParent,swig,Torpedo,,SetParent,direct,PhysicsObjectClass|ObjectClass|BaseObjectClass|TGEventHandlerObject|TGTemplatedAttrObject|TGAttrObject|TGObject|WeaponPayload,c_symbol
0x00611c70,swig_Torpedo_SetTarget,swig,Torpedo,,SetTarget,direct,PhysicsObjectClass|ObjectClass|BaseObjectClass|TGEventHandlerObject|TGTemplatedAttrObject|TGAttrObject|TGObject|WeaponPayload,c_symbol
0x00611cf0,swig_Torpedo_SetTargetOffset,swig,Torpedo,,SetTargetOffset,direct,PhysicsObjectClass|ObjectClass|BaseObjectClass|TGEventHandlerObject|TGTemplatedAttrObject|TGAttrObject|TGObject|WeaponPayload,c_symbol
0x00611da0,swig_Torpedo_SetMaxAngularAccel,swig,Torpedo,,SetMaxAngularAccel,direct,PhysicsObjectClass|ObjectClass|BaseObjectClass|TGEventHandlerObject|TGTemplatedAttrObject|TGAttrObject|TGObject|WeaponPayload,c_symbol
0x00611e20,swig_Torpedo_SetGuidanceLifetime,swig,Torpedo,,SetGuidanceLifetime,direct,PhysicsObjectClass|ObjectClass|BaseObjectClass|TGEventHandlerObject|TGTemplatedAttrObject|TGAttrObject|TGObject|WeaponPayload,c_symbol
0x00611ea0,swig_Torpedo_SetDamage,swig,Torpedo,,SetDamage,direct,PhysicsObjectClass|ObjectClass|BaseObjectClass|TGEventHandlerObject|TGTemplatedAttrObject|TGAttrObject|TGObject|WeaponPayload,c_symbol
0x00611f20,swig_Torpedo_SetLifetime,swig,Torpedo,,SetLifetime,direct,PhysicsObjectClass|ObjectClass|BaseObjectClass|TGEventHandlerObject|TGTemplatedAttrObject|TGAttrObject|TGObject|WeaponPayload,c_symbol
0x00611fa0,swig_Torpedo_GetTargetID,swig,Torpedo,,GetTargetID,direct,PhysicsObjectClass|ObjectClass|BaseObjectClass|TGEventHandlerObject|TGTemplatedAttrObject|TGAttrObject|TGObject|WeaponPayload,c_symbol
0x00612000,swig_Torpedo_GetParentID,swig,Torpedo,,GetParentID,direct,PhysicsObjectClass|ObjectClass|BaseObjectClass|TGEventHandlerObject|TGTemplatedAttrObject|TGAttrObject|TGObject|WeaponPayload,c_symbol
0x00612060,swig_Torpedo_SetPlayerID,swig,Torpedo,,SetPlayerID,direct,PhysicsObjectClass|ObjectClass|BaseObjectClass|TGEventHandlerObject|TGTemplatedAttrObject|TGAttrObject|TGObject|WeaponPayload,c_symbol
0x006120e0,swig_Torpedo_GetPlayerID,swig,Torpedo,,GetPlayerID,direct,PhysicsObjectClass|ObjectClass|BaseObjectClass|TGEventHandlerObject|TGTemplatedAttrObject|TGAttrObject|TGObject|WeaponPayload,c_symbol
0x00612140,swig_Torpedo_GetMaxAngularAccel,swig,Torpedo,,GetMaxAngularAccel,direct,PhysicsObjectClass|ObjectClass|BaseObjectClass|TGEventHandlerObject|TGTemplatedAttrObject|TGAttrObject|TGObject|WeaponPayload,c_symbol
0x006121b0,swig_Torpedo_GetDamage,swig,Torpedo,,GetDamage,direct,PhysicsObjectClass|ObjectClass|BaseObjectClass|TGEventHandlerObject|TGTemplatedAttrObject|TGAttrObject|TGObject|WeaponPayload,c_symbol
0x00612220,swig_Torpedo_GetLifetime,swig,Torpedo,,GetLifetime,direct,PhysicsObjectClass|ObjectClass|BaseObjectClass|TGEventHandlerObject|TGTemplatedAttrObject|TGAttrObject|TGObject|WeaponPayload,c_symbol
0x00612290,swig_Torpedo_GetGuidanceLifeTime,swig,Torpedo,,GetGuidanceLifeTime,direct,PhysicsObjectClass|ObjectClass|BaseObjectClass|TGEventHandlerObject|TGTemplatedAttrObject|TGAttrObject|TGObject|WeaponPayload,c_symbol
0x00612300,swig_Torpedo_DetectCollision,swig,Torpedo,,DetectCollision,direct,PhysicsObjectClass|ObjectClass|BaseObjectClass|TGEventHandlerObject|TGTemplatedAttrObject|TGAttrObject|TGObject|WeaponPayload,c_symbol
0x006123a0,swig_Torpedo_TurnTowardOrientation,swig,Torpedo,,TurnTowardOrientation,direct,PhysicsObjectClass|ObjectClass|BaseObjectClass|TGEventHandlerObject|TGTemplatedAttrObject|TGAttrObject|TGObject|WeaponPayload,c_symbol
0x00612480,swig_Torpedo_GetObject,swig,Torpedo,Torpedo,GetObject,swig_helper,PhysicsObjectClass|ObjectClass|BaseObjectClass|TGEventHandlerObject|TGTemplatedAttrObject|TGAttrObject|TGObject|WeaponPayload,swig_helper_synth
0x00612540,swig_Torpedo_GetObjectByID,swig,Torpedo,Torpedo,GetObjectByID,swig_helper,PhysicsObjectClass|ObjectClass|BaseObjectClass|TGEventHandlerObject|TGTemplatedAttrObject|TGAttrObject|TGObject|WeaponPayload,swig_helper_synth
0x006125c0,swig_Torpedo_GetNumClassObjects,swig,Torpedo,Torpedo,GetNumClassObjects,swig_helper,PhysicsObjectClass|ObjectClass|BaseObjectClass|TGEventHandlerObject|TGTemplatedAttrObject|TGAttrObject|TGObject|WeaponPayload,swig_helper_synth
0x00612620,swig_new_TorpedoSystem,swig,TorpedoSystem,TorpedoSystem,new,swig_ctor,WeaponSystem|PoweredSubsystem|ShipSubsystem|TGEventHandlerObject|TGTemplatedAttrObject|TGAttrObject|TGObject,swig_ctor_dtor
0x006126a0,swig_delete_TorpedoSystem,swig,TorpedoSystem,TorpedoSystem,delete,swig_dtor,WeaponSystem|PoweredSubsystem|ShipSubsystem|TGEventHandlerObject|TGTemplatedAttrObject|TGAttrObject|TGObject,swig_ctor_dtor
0x00612710,swig_TorpedoSystem_Cast,swig,TorpedoSystem,TorpedoSystem,Cast,swig_helper,WeaponSystem|PoweredSubsystem|ShipSubsystem|TGEventHandlerObject|TGTemplatedAttrObject|TGAttrObject|TGObject,swig_helper_synth
0x00612780,swig_TorpedoSystem_Create,swig,TorpedoSystem,TorpedoSystem,Create,swig_helper,WeaponSystem|PoweredSubsystem|ShipSubsystem|TGEventHandlerObject|TGTemplatedAttrObject|TGAttrObject|TGObject,swig_helper_synth
0x006127f0,swig_TorpedoSystem_GetProperty,swig,,TorpedoSystem,GetProperty,python_wrapper,,python_class_method
0x00612860,swig_TorpedoSystem_SetAmmoType,swig,TorpedoSystem,,SetAmmoType,direct,WeaponSystem|PoweredSubsystem|ShipSubsystem|TGEventHandlerObject|TGTemplatedAttrObject|TGAttrObject|TGObject,c_symbol
0x006128f0,swig_TorpedoSystem_GetCurrentAmmoType,swig,,TorpedoSystem,GetCurrentAmmoType,python_wrapper,,python_class_method
0x00612960,swig_TorpedoSystem_GetCurrentAmmoTypeNumber,swig,TorpedoSystem,,GetCurrentAmmoTypeNumber,direct,WeaponSystem|PoweredSubsystem|ShipSubsystem|TGEventHandlerObject|TGTemplatedAttrObject|TGAttrObject|TGObject,c_symbol
0x006129c0,swig_TorpedoSystem_SetSkewFire,swig,TorpedoSystem,,SetSkewFire,direct,WeaponSystem|PoweredSubsystem|ShipSubsystem|TGEventHandlerObject|TGTemplatedAttrObject|TGAttrObject|TGObject,c_symbol
0x00612a40,swig_TorpedoSystem_GetNumAmmoTypes,swig,TorpedoSystem,,GetNumAmmoTypes,direct,WeaponSystem|PoweredSubsystem|ShipSubsystem|TGEventHandlerObject|TGTemplatedAttrObject|TGAttrObject|TGObject,c_symbol
0x00612ab0,swig_TorpedoSystem_GetAmmoType,swig,,TorpedoSystem,GetAmmoType,python_wrapper,,python_class_method
0x00612b30,swig_TorpedoSystem_RemoveAmmoType,swig,TorpedoSystem,,RemoveAmmoType,direct,WeaponSystem|PoweredSubsystem|ShipSubsystem|TGEventHandlerObject|TGTemplatedAttrObject|TGAttrObject|TGObject,c_symbol
0x00612bb0,swig_TorpedoSystem_FillAmmoType,swig,TorpedoSystem,,FillAmmoType,direct,WeaponSystem|PoweredSubsystem|ShipSubsystem|TGEventHandlerObject|TGTemplatedAttrObject|TGAttrObject|TGObject,c_symbol
0x00612c30,swig_TorpedoSystem_LoadAmmoType,swig,TorpedoSystem,,LoadAmmoType,direct,WeaponSystem|PoweredSubsystem|ShipSubsystem|TGEventHandlerObject|TGTemplatedAttrObject|TGAttrObject|TGObject,c_symbol
0x00612cb0,swig_TorpedoSystem_GetNumReady,swig,TorpedoSystem,,GetNumReady,direct,WeaponSystem|PoweredSubsystem|ShipSubsystem|TGEventHandlerObject|TGTemplatedAttrObject|TGAttrObject|TGObject,c_symbol
0x00612d10,swig_TorpedoSystem_IsTubeReady,swig,TorpedoSystem,,IsTubeReady,direct,WeaponSystem|PoweredSubsystem|ShipSubsystem|TGEventHandlerObject|TGTemplatedAttrObject|TGAttrObject|TGObject,c_symbol
0x00612d90,swig_TorpedoSystem_GetAmmoTypeNumber,swig,TorpedoSystem,,GetAmmoTypeNumber,direct,WeaponSystem|PoweredSubsystem|ShipSubsystem|TGEventHandlerObject|TGTemplatedAttrObject|TGAttrObject|TGObject,c_symbol
0x00612df0,swig_TorpedoSystem_GetNumAvailableTorpsToType,swig,TorpedoSystem,,GetNumAvailableTorpsToType,direct,WeaponSystem|PoweredSubsystem|ShipSubsystem|TGEventHandlerObject|TGTemplatedAttrObject|TGAttrObject|TGObject,c_symbol
0x00612e60,swig_new_TorpedoTube,swig,TorpedoTube,TorpedoTube,new,swig_ctor,Weapon|ShipSubsystem|TGEventHandlerObject|TGTemplatedAttrObject|TGAttrObject|TGObject,swig_ctor_dtor
0x00612ee0,swig_delete_TorpedoTube,swig,TorpedoTube,TorpedoTube,delete,swig_dtor,Weapon|ShipSubsystem|TGEventHandlerObject|TGTemplatedAttrObject|TGAttrObject|TGObject,swig_ctor_dtor
0x00612f50,swig_TorpedoTube_Create,swig,TorpedoTube,TorpedoTube,Create,swig_helper,Weapon|ShipSubsystem|TGEventHandlerObject|TGTemplatedAttrObject|TGAttrObject|TGObject,swig_helper_synth
0x00612fc0,swig_TorpedoTube_Cast,swig,TorpedoTube,TorpedoTube,Cast,swig_helper,Weapon|ShipSubsystem|TGEventHandlerObject|TGTemplatedAttrObject|TGAttrObject|TGObject,swig_helper_synth
0x00613030,swig_TorpedoTube_GetProperty,swig,,TorpedoTube,GetProperty,python_wrapper,,python_class_method
0x006130a0,swig_TorpedoTube_SetProperty,swig,TorpedoTube,,SetProperty,direct,Weapon|ShipSubsystem|TGEventHandlerObject|TGTemplatedAttrObject|TGAttrObject|TGObject,c_symbol
0x00613140,swig_TorpedoTube_SetNumReady,swig,TorpedoTube,,SetNumReady,direct,Weapon|ShipSubsystem|TGEventHandlerObject|TGTemplatedAttrObject|TGAttrObject|TGObject,c_symbol
0x006131c0,swig_TorpedoTube_IncNumReady,swig,TorpedoTube,,IncNumReady,direct,Weapon|ShipSubsystem|TGEventHandlerObject|TGTemplatedAttrObject|TGAttrObject|TGObject,c_symbol
0x00613230,swig_TorpedoTube_DecNumReady,swig,TorpedoTube,,DecNumReady,direct,Weapon|ShipSubsystem|TGEventHandlerObject|TGTemplatedAttrObject|TGAttrObject|TGObject,c_symbol
0x006132a0,swig_TorpedoTube_SetLastFireTime,swig,TorpedoTube,,SetLastFireTime,direct,Weapon|ShipSubsystem|TGEventHandlerObject|TGTemplatedAttrObject|TGAttrObject|TGObject,c_symbol
0x00613320,swig_TorpedoTube_SetSkewFire,swig,TorpedoTube,,SetSkewFire,direct,Weapon|ShipSubsystem|TGEventHandlerObject|TGTemplatedAttrObject|TGAttrObject|TGObject,c_symbol
0x006133a0,swig_TorpedoTube_GetNumReady,swig,TorpedoTube,,GetNumReady,direct,Weapon|ShipSubsystem|TGEventHandlerObject|TGTemplatedAttrObject|TGAttrObject|TGObject,c_symbol
0x00613400,swig_TorpedoTube_GetLastFireTime,swig,TorpedoTube,,GetLastFireTime,direct,Weapon|ShipSubsystem|TGEventHandlerObject|TGTemplatedAttrObject|TGAttrObject|TGObject,c_symbol
0x00613470,swig_TorpedoTube_GetDirection,swig,,TorpedoTube,GetDirection,python_wrapper,,python_class_method
0x00613500,swig_TorpedoTube_GetRight,swig,,TorpedoTube,GetRight,python_wrapper,,python_class_method
0x00613590,swig_TorpedoTube_GetImmediateDelay,swig,TorpedoTube,,GetImmediateDelay,direct,Weapon|ShipSubsystem|TGEventHandlerObject|TGTemplatedAttrObject|TGAttrObject|TGObject,c_symbol
0x00613600,swig_TorpedoTube_GetReloadDelay,swig,TorpedoTube,,GetReloadDelay,direct,Weapon|ShipSubsystem|TGEventHandlerObject|TGTemplatedAttrObject|TGAttrObject|TGObject,c_symbol
0x00613670,swig_TorpedoTube_GetMaxReady,swig,TorpedoTube,,GetMaxReady,direct,Weapon|ShipSubsystem|TGEventHandlerObject|TGTemplatedAttrObject|TGAttrObject|TGObject,c_symbol
0x006136d0,swig_TorpedoTube_IsSkewFire,swig,TorpedoTube,,IsSkewFire,direct,Weapon|ShipSubsystem|TGEventHandlerObject|TGTemplatedAttrObject|TGAttrObject|TGObject,c_symbol
0x00613750,swig_TorpedoTube_ReloadTorpedo,swig,TorpedoTube,,ReloadTorpedo,direct,Weapon|ShipSubsystem|TGEventHandlerObject|TGTemplatedAttrObject|TGAttrObject|TGObject,c_symbol
0x006137c0,swig_TorpedoTube_UnloadTorpedo,swig,TorpedoTube,,UnloadTorpedo,direct,Weapon|ShipSubsystem|TGEventHandlerObject|TGTemplatedAttrObject|TGAttrObject|TGObject,c_symbol
0x00613830,swig_TorpedoTube_CanHit,swig,TorpedoTube,,CanHit,direct,Weapon|ShipSubsystem|TGEventHandlerObject|TGTemplatedAttrObject|TGAttrObject|TGObject,c_symbol
0x006138f0,swig_TorpedoTube_IsInArc,swig,TorpedoTube,,IsInArc,direct,Weapon|ShipSubsystem|TGEventHandlerObject|TGTemplatedAttrObject|TGAttrObject|TGObject,c_symbol
0x006139b0,swig_Nebula_Cast,swig,Nebula,Nebula,Cast,swig_helper,ObjectClass|BaseObjectClass|TGEventHandlerObject|TGTemplatedAttrObject|TGAttrObject|TGObject,swig_helper_synth
0x00613a20,swig_Nebula_Create,swig,Nebula,Nebula,Create,swig_helper,ObjectClass|BaseObjectClass|TGEventHandlerObject|TGTemplatedAttrObject|TGAttrObject|TGObject,swig_helper_synth
0x00613ae0,swig_Nebula_SetupDamage,swig,Nebula,,SetupDamage,direct,ObjectClass|BaseObjectClass|TGEventHandlerObject|TGTemplatedAttrObject|TGAttrObject|TGObject,c_symbol
0x00613b70,swig_Nebula_GetObject,swig,Nebula,Nebula,GetObject,swig_helper,ObjectClass|BaseObjectClass|TGEventHandlerObject|TGTemplatedAttrObject|TGAttrObject|TGObject,swig_helper_synth
0x00613c30,swig_Nebula_GetObjectByID,swig,Nebula,Nebula,GetObjectByID,swig_helper,ObjectClass|BaseObjectClass|TGEventHandlerObject|TGTemplatedAttrObject|TGAttrObject|TGObject,swig_helper_synth
0x00613cb0,swig_Nebula_GetNumClassObjects,swig,Nebula,Nebula,GetNumClassObjects,swig_helper,ObjectClass|BaseObjectClass|TGEventHandlerObject|TGTemplatedAttrObject|TGAttrObject|TGObject,swig_helper_synth
0x00613d10,swig_Nebula_IsObjectInNebula,swig,Nebula,,IsObjectInNebula,direct,ObjectClass|BaseObjectClass|TGEventHandlerObject|TGTemplatedAttrObject|TGAttrObject|TGObject,c_symbol
0x00613dc0,swig_delete_Nebula,swig,Nebula,Nebula,delete,swig_dtor,ObjectClass|BaseObjectClass|TGEventHandlerObject|TGTemplatedAttrObject|TGAttrObject|TGObject,swig_ctor_dtor
0x00613e30,swig_MetaNebula_Cast,swig,MetaNebula,MetaNebula,Cast,swig_helper,Nebula|ObjectClass|BaseObjectClass|TGEventHandlerObject|TGTemplatedAttrObject|TGAttrObject|TGObject,swig_helper_synth
0x00613ea0,swig_MetaNebula_Create,swig,MetaNebula,MetaNebula,Create,swig_helper,Nebula|ObjectClass|BaseObjectClass|TGEventHandlerObject|TGTemplatedAttrObject|TGAttrObject|TGObject,swig_helper_synth
0x00613fb0,swig_MetaNebula_AddNebulaSphere,swig,MetaNebula,,AddNebulaSphere,direct,Nebula|ObjectClass|BaseObjectClass|TGEventHandlerObject|TGTemplatedAttrObject|TGAttrObject|TGObject,c_symbol
0x00614050,swig_delete_MetaNebula,swig,MetaNebula,MetaNebula,delete,swig_dtor,Nebula|ObjectClass|BaseObjectClass|TGEventHandlerObject|TGTemplatedAttrObject|TGAttrObject|TGObject,swig_ctor_dtor
0x006140c0,swig_Planet_Cast,swig,Planet,Planet,Cast,swig_helper,ObjectClass|BaseObjectClass|TGEventHandlerObject|TGTemplatedAttrObject|TGAttrObject|TGObject,swig_helper_synth
0x00614130,swig_Planet_Create,swig,Planet,Planet,Create,swig_helper,ObjectClass|BaseObjectClass|TGEventHandlerObject|TGTemplatedAttrObject|TGAttrObject|TGObject,swig_helper_synth
0x006141c0,swig_Planet_SetAtmosphereRadius,swig,Planet,,SetAtmosphereRadius,direct,ObjectClass|BaseObjectClass|TGEventHandlerObject|TGTemplatedAttrObject|TGAttrObject|TGObject,c_symbol
0x00614240,swig_Planet_GetAtmosphereRadius,swig,Planet,,GetAtmosphereRadius,direct,ObjectClass|BaseObjectClass|TGEventHandlerObject|TGTemplatedAttrObject|TGAttrObject|TGObject,c_symbol
0x006142b0,swig_Planet_SetEnvironmentalShieldDamage,swig,Planet,,SetEnvironmentalShieldDamage,direct,ObjectClass|BaseObjectClass|TGEventHandlerObject|TGTemplatedAttrObject|TGAttrObject|TGObject,c_symbol
0x00614330,swig_Planet_SetEnvironmentalHullDamage,swig,Planet,,SetEnvironmentalHullDamage,direct,ObjectClass|BaseObjectClass|TGEventHandlerObject|TGTemplatedAttrObject|TGAttrObject|TGObject,c_symbol
0x006143b0,swig_Planet_GetObject,swig,Planet,Planet,GetObject,swig_helper,ObjectClass|BaseObjectClass|TGEventHandlerObject|TGTemplatedAttrObject|TGAttrObject|TGObject,swig_helper_synth
0x00614470,swig_Planet_GetNumClassObjects,swig,Planet,Planet,GetNumClassObjects,swig_helper,ObjectClass|BaseObjectClass|TGEventHandlerObject|TGTemplatedAttrObject|TGAttrObject|TGObject,swig_helper_synth
0x006144d0,swig_delete_Planet,swig,Planet,Planet,delete,swig_dtor,ObjectClass|BaseObjectClass|TGEventHandlerObject|TGTemplatedAttrObject|TGAttrObject|TGObject,swig_ctor_dtor
0x00614540,swig_Sun_Cast,swig,Sun,Sun,Cast,swig_helper,Planet|ObjectClass|BaseObjectClass|TGEventHandlerObject|TGTemplatedAttrObject|TGAttrObject|TGObject,swig_helper_synth
0x006145b0,swig_Sun_Create,swig,Sun,Sun,Create,swig_helper,Planet|ObjectClass|BaseObjectClass|TGEventHandlerObject|TGTemplatedAttrObject|TGAttrObject|TGObject,swig_helper_synth
0x00614710,swig_delete_Sun,swig,Sun,Sun,delete,swig_dtor,Planet|ObjectClass|BaseObjectClass|TGEventHandlerObject|TGTemplatedAttrObject|TGAttrObject|TGObject,swig_ctor_dtor
0x00614780,swig_new_ProximityManager,swig,ProximityManager,ProximityManager,new,swig_ctor,,swig_ctor_dtor
0x006147d0,swig_delete_ProximityManager,swig,ProximityManager,ProximityManager,delete,swig_dtor,,swig_ctor_dtor
0x00614850,swig_ProximityManager_AddObject,swig,ProximityManager,,AddObject,direct,,c_symbol
0x006148f0,swig_ProximityManager_RemoveObject,swig,ProximityManager,,RemoveObject,direct,,c_symbol
0x00614990,swig_ProximityManager_SetPlayerCollisionsEnabled,swig,ProximityManager,,SetPlayerCollisionsEnabled,direct_unmatched,,class_prefix
0x006149d0,swig_ProximityManager_GetPlayerCollisionsEnabled,swig,ProximityManager,,GetPlayerCollisionsEnabled,direct_unmatched,,class_prefix
0x00614a10,swig_ProximityManager_DumpCollisions,swig,ProximityManager,,DumpCollisions,direct,,c_symbol
0x00614a80,swig_ProximityManager_SetMultiplayerPlayerCollisionsEnabled,swig,ProximityManager,,SetMultiplayerPlayerCollisionsEnabled,direct_unmatched,,class_prefix
0x00614ac0,swig_ProximityManager_GetNearObjects,swig,ProximityManager,,GetNearObjects,direct,,c_symbol
0x00614bb0,swig_ProximityManager_GetLineIntersectObjects,swig,ProximityManager,,GetLineIntersectObjects,direct,,c_symbol
0x00614cf0,swig_ProximityManager_GetNextObject,swig,,ProximityManager,GetNextObject,python_wrapper,,python_class_method
0x00614d90,swig_ProximityManager_EndObjectIteration,swig,ProximityManager,,EndObjectIteration,direct,,c_symbol
0x00614e30,swig_ProximityManager_Update,swig,ProximityManager,,Update,direct,,c_symbol
0x00614ea0,swig_ProximityManager_UpdateObject,swig,ProximityManager,,UpdateObject,direct,,c_symbol
0x00614f40,swig_ProximityCheck_Create,swig,ProximityCheck,ProximityCheck,Create,swig_helper,ObjectClass|BaseObjectClass|TGEventHandlerObject|TGTemplatedAttrObject|TGAttrObject|TGObject,swig_helper_synth
0x00614ff0,swig_ProximityCheck_CreateWithEvent,swig,ProximityCheck,,CreateWithEvent,direct_unmatched,ObjectClass|BaseObjectClass|TGEventHandlerObject|TGTemplatedAttrObject|TGAttrObject|TGObject,class_prefix
0x00615090,swig_ProximityCheck_Cast,swig,ProximityCheck,ProximityCheck,Cast,swig_helper,ObjectClass|BaseObjectClass|TGEventHandlerObject|TGTemplatedAttrObject|TGAttrObject|TGObject,swig_helper_synth
0x00615100,swig_ProximityCheck_SetRadius,swig,ProximityCheck,,SetRadius,direct,ObjectClass|BaseObjectClass|TGEventHandlerObject|TGTemplatedAttrObject|TGAttrObject|TGObject,c_symbol
0x00615180,swig_ProximityCheck_SetIgnoreObjectSize,swig,ProximityCheck,,SetIgnoreObjectSize,direct,ObjectClass|BaseObjectClass|TGEventHandlerObject|TGTemplatedAttrObject|TGAttrObject|TGObject,c_symbol
0x00615200,swig_ProximityCheck_GetIgnoreObjectSize,swig,ProximityCheck,,GetIgnoreObjectSize,direct,ObjectClass|BaseObjectClass|TGEventHandlerObject|TGTemplatedAttrObject|TGAttrObject|TGObject,c_symbol
0x00615280,swig_ProximityCheck_AddObjectToCheckList,swig,ProximityCheck,,AddObjectToCheckList,direct,ObjectClass|BaseObjectClass|TGEventHandlerObject|TGTemplatedAttrObject|TGAttrObject|TGObject,c_symbol
0x00615330,swig_ProximityCheck_AddObjectToCheckListByID,swig,ProximityCheck,,AddObjectToCheckListByID,direct,ObjectClass|BaseObjectClass|TGEventHandlerObject|TGTemplatedAttrObject|TGAttrObject|TGObject,c_symbol
0x006153c0,swig_ProximityCheck_AddObjectListToCheckList,swig,ProximityCheck,,AddObjectListToCheckList,direct,ObjectClass|BaseObjectClass|TGEventHandlerObject|TGTemplatedAttrObject|TGAttrObject|TGObject,c_symbol
0x00615480,swig_ProximityCheck_AddObjectTypeToCheckList,swig,ProximityCheck,,AddObjectTypeToCheckList,direct,ObjectClass|BaseObjectClass|TGEventHandlerObject|TGTemplatedAttrObject|TGAttrObject|TGObject,c_symbol
0x00615500,swig_ProximityCheck_IsObjectInCheckList,swig,ProximityCheck,,IsObjectInCheckList,direct,ObjectClass|BaseObjectClass|TGEventHandlerObject|TGTemplatedAttrObject|TGAttrObject|TGObject,c_symbol
0x006155e0,swig_ProximityCheck_GetTriggerType,swig,ProximityCheck,,GetTriggerType,direct,ObjectClass|BaseObjectClass|TGEventHandlerObject|TGTemplatedAttrObject|TGAttrObject|TGObject,c_symbol
0x00615680,swig_ProximityCheck_SetTriggerType,swig,ProximityCheck,,SetTriggerType,direct,ObjectClass|BaseObjectClass|TGEventHandlerObject|TGTemplatedAttrObject|TGAttrObject|TGObject,c_symbol
0x00615730,swig_ProximityCheck_RemoveObjectFromCheckList,swig,ProximityCheck,,RemoveObjectFromCheckList,direct,ObjectClass|BaseObjectClass|TGEventHandlerObject|TGTemplatedAttrObject|TGAttrObject|TGObject,c_symbol
0x006157d0,swig_ProximityCheck_RemoveObjectFromCheckListByID,swig,ProximityCheck,,RemoveObjectFromCheckListByID,direct,ObjectClass|BaseObjectClass|TGEventHandlerObject|TGTemplatedAttrObject|TGAttrObject|TGObject,c_symbol
0x00615850,swig_ProximityCheck_RemoveObjectTypeFromCheckList,swig,ProximityCheck,,RemoveObjectTypeFromCheckList,direct,ObjectClass|BaseObjectClass|TGEventHandlerObject|TGTemplatedAttrObject|TGAttrObject|TGObject,c_symbol
0x006158d0,swig_ProximityCheck_ClearCheckList,swig,ProximityCheck,,ClearCheckList,direct,ObjectClass|BaseObjectClass|TGEventHandlerObject|TGTemplatedAttrObject|TGAttrObject|TGObject,c_symbol
0x00615940,swig_ProximityCheck_CheckProximity,swig,ProximityCheck,,CheckProximity,direct,ObjectClass|BaseObjectClass|TGEventHandlerObject|TGTemplatedAttrObject|TGAttrObject|TGObject,c_symbol
0x006159e0,swig_ProximityCheck_RemoveAndDelete,swig,ProximityCheck,,RemoveAndDelete,direct,ObjectClass|BaseObjectClass|TGEventHandlerObject|TGTemplatedAttrObject|TGAttrObject|TGObject,c_symbol
0x00615a50,swig_ProximityCheck_GetObject,swig,ProximityCheck,ProximityCheck,GetObject,swig_helper,ObjectClass|BaseObjectClass|TGEventHandlerObject|TGTemplatedAttrObject|TGAttrObject|TGObject,swig_helper_synth
0x00615b10,swig_ProximityCheck_GetNumClassObjects,swig,ProximityCheck,ProximityCheck,GetNumClassObjects,swig_helper,ObjectClass|BaseObjectClass|TGEventHandlerObject|TGTemplatedAttrObject|TGAttrObject|TGObject,swig_helper_synth
0x00615b70,swig_delete_ProximityCheck,swig,ProximityCheck,ProximityCheck,delete,swig_dtor,ObjectClass|BaseObjectClass|TGEventHandlerObject|TGTemplatedAttrObject|TGAttrObject|TGObject,swig_ctor_dtor
0x00615be0,swig_new_ProximityEvent,swig,ProximityEvent,ProximityEvent,new,swig_ctor,TGEvent|TGObject,swig_ctor_dtor
0x00615c40,swig_delete_ProximityEvent,swig,ProximityEvent,ProximityEvent,delete,swig_dtor,TGEvent|TGObject,swig_ctor_dtor
0x00615cb0,swig_ProximityEvent_SetProximityCheck,swig,ProximityEvent,,SetProximityCheck,direct,TGEvent|TGObject,c_symbol
0x00615d50,swig_ProximityEvent_GetProximityCheck,swig,,ProximityEvent,GetProximityCheck,python_wrapper,,python_class_method
0x00615dc0,swig_ProximityEvent_SetObject,swig,ProximityEvent,,SetObject,direct,TGEvent|TGObject,c_symbol
0x00615e60,swig_ProximityEvent_GetObject,swig,,ProximityEvent,GetObject,python_wrapper,,python_class_method
0x00615ed0,swig_ProximityEvent_Serialize,swig,ProximityEvent,,Serialize,direct,TGEvent|TGObject,c_symbol
0x00615f80,swig_ProximityEvent_UnSerialize,swig,ProximityEvent,,UnSerialize,direct,TGEvent|TGObject,c_symbol
0x00616030,swig_ProximityEvent_CanFixupPtrs,swig,ProximityEvent,,CanFixupPtrs,direct,TGEvent|TGObject,c_symbol
0x006160b0,swig_ProximityEvent_FixupPtrs,swig,ProximityEvent,,FixupPtrs,direct,TGEvent|TGObject,c_symbol
0x00616120,swig_WeaponHitEvent_GetFiringObject,swig,,WeaponHitEvent,GetFiringObject,python_wrapper,,python_class_method
0x00616190,swig_WeaponHitEvent_GetTargetObject,swig,,WeaponHitEvent,GetTargetObject,python_wrapper,,python_class_method
0x00616200,swig_WeaponHitEvent_GetCondition,swig,WeaponHitEvent,,GetCondition,direct,TGEvent|TGObject,c_symbol
0x00616270,swig_WeaponHitEvent_GetWeaponInstanceID,swig,WeaponHitEvent,,GetWeaponInstanceID,direct,TGEvent|TGObject,c_symbol
0x006162d0,swig_WeaponHitEvent_GetRadius,swig,WeaponHitEvent,,GetRadius,direct,TGEvent|TGObject,c_symbol
0x00616340,swig_WeaponHitEvent_GetDamage,swig,WeaponHitEvent,,GetDamage,direct,TGEvent|TGObject,c_symbol
0x006163b0,swig_WeaponHitEvent_GetWeaponType,swig,WeaponHitEvent,,GetWeaponType,direct,TGEvent|TGObject,c_symbol
0x00616410,swig_WeaponHitEvent_IsHullHit,swig,WeaponHitEvent,,IsHullHit,direct,TGEvent|TGObject,c_symbol
0x00616490,swig_WeaponHitEvent_SetFiringPlayerID,swig,WeaponHitEvent,,SetFiringPlayerID,direct,TGEvent|TGObject,c_symbol
0x00616510,swig_WeaponHitEvent_GetFiringPlayerID,swig,WeaponHitEvent,,GetFiringPlayerID,direct,TGEvent|TGObject,c_symbol
0x00616570,swig_WeaponHitEvent_GetObjectHitPoint,swig,,WeaponHitEvent,GetObjectHitPoint,python_wrapper,,python_class_method
0x00616610,swig_WeaponHitEvent_GetObjectHitNormal,swig,,WeaponHitEvent,GetObjectHitNormal,python_wrapper,,python_class_method
0x006166b0,swig_WeaponHitEvent_GetWorldHitPoint,swig,,WeaponHitEvent,GetWorldHitPoint,python_wrapper,,python_class_method
0x00616740,swig_WeaponHitEvent_GetWorldHitNormal,swig,,WeaponHitEvent,GetWorldHitNormal,python_wrapper,,python_class_method
0x006167d0,swig_delete_WeaponHitEvent,swig,WeaponHitEvent,WeaponHitEvent,delete,swig_dtor,TGEvent|TGObject,swig_ctor_dtor
0x00616840,swig_StartFiringEvent_GetTarget,swig,,StartFiringEvent,GetTarget,python_wrapper,,python_class_method
0x006168b0,swig_StartFiringEvent_GetOffset,swig,,StartFiringEvent,GetOffset,python_wrapper,,python_class_method
0x00616920,swig_delete_StartFiringEvent,swig,StartFiringEvent,StartFiringEvent,delete,swig_dtor,TGEvent|TGObject,swig_ctor_dtor
0x00616990,swig_ObjectExplodingEvent_SetFiringPlayerID,swig,ObjectExplodingEvent,,SetFiringPlayerID,direct,TGEvent|TGObject,c_symbol
0x00616a10,swig_ObjectExplodingEvent_GetFiringPlayerID,swig,ObjectExplodingEvent,,GetFiringPlayerID,direct,TGEvent|TGObject,c_symbol
0x00616a70,swig_ObjectExplodingEvent_SetLifetime,swig,ObjectExplodingEvent,,SetLifetime,direct,TGEvent|TGObject,c_symbol
0x00616af0,swig_ObjectExplodingEvent_GetLifetime,swig,ObjectExplodingEvent,,GetLifetime,direct,TGEvent|TGObject,c_symbol
0x00616b60,swig_delete_ObjectExplodingEvent,swig,ObjectExplodingEvent,ObjectExplodingEvent,delete,swig_dtor,TGEvent|TGObject,swig_ctor_dtor
0x00616bd0,swig_CollisionEvent_GetNumPoints,swig,CollisionEvent,,GetNumPoints,direct,TGEvent|TGObject,c_symbol
0x00616c30,swig_CollisionEvent_GetPoint,swig,,CollisionEvent,GetPoint,python_wrapper,,python_class_method
0x00616cd0,swig_CollisionEvent_GetCollisionForce,swig,CollisionEvent,,GetCollisionForce,direct,TGEvent|TGObject,c_symbol
0x00616d40,swig_delete_CollisionEvent,swig,CollisionEvent,CollisionEvent,delete,swig_dtor,TGEvent|TGObject,swig_ctor_dtor
0x00616db0,swig_ShieldClass_Create,swig,ShieldClass,ShieldClass,Create,swig_helper,PoweredSubsystem|ShipSubsystem|TGEventHandlerObject|TGTemplatedAttrObject|TGAttrObject|TGObject,swig_helper_synth
0x00616e20,swig_ShieldClass_Cast,swig,ShieldClass,ShieldClass,Cast,swig_helper,PoweredSubsystem|ShipSubsystem|TGEventHandlerObject|TGTemplatedAttrObject|TGAttrObject|TGObject,swig_helper_synth
0x00616e90,swig_ShieldClass_GetProperty,swig,,ShieldClass,GetProperty,python_wrapper,,python_class_method
0x00616f00,swig_ShieldClass_GetNumShields,swig,ShieldClass,,GetNumShields,direct,PoweredSubsystem|ShipSubsystem|TGEventHandlerObject|TGTemplatedAttrObject|TGAttrObject|TGObject,c_symbol
0x00616f60,swig_ShieldClass_BoostShield,swig,ShieldClass,,BoostShield,direct,PoweredSubsystem|ShipSubsystem|TGEventHandlerObject|TGTemplatedAttrObject|TGAttrObject|TGObject,c_symbol
0x00616fe0,swig_ShieldClass_GetShieldWatcher,swig,,ShieldClass,GetShieldWatcher,python_wrapper,,python_class_method
0x00617060,swig_ShieldClass_GetShieldPercentage,swig,ShieldClass,,GetShieldPercentage,direct,PoweredSubsystem|ShipSubsystem|TGEventHandlerObject|TGTemplatedAttrObject|TGAttrObject|TGObject,c_symbol
0x006170d0,swig_ShieldClass_GetSingleShieldPercentage,swig,ShieldClass,,GetSingleShieldPercentage,direct,PoweredSubsystem|ShipSubsystem|TGEventHandlerObject|TGTemplatedAttrObject|TGAttrObject|TGObject,c_symbol
0x00617150,swig_ShieldClass_SetCurShields,swig,ShieldClass,,SetCurShields,direct,PoweredSubsystem|ShipSubsystem|TGEventHandlerObject|TGTemplatedAttrObject|TGAttrObject|TGObject,c_symbol
0x006171e0,swig_ShieldClass_GetCurShields,swig,ShieldClass,,GetCurShields,direct,PoweredSubsystem|ShipSubsystem|TGEventHandlerObject|TGTemplatedAttrObject|TGAttrObject|TGObject,c_symbol
0x00617260,swig_ShieldClass_GetMaxShields,swig,ShieldClass,,GetMaxShields,direct,PoweredSubsystem|ShipSubsystem|TGEventHandlerObject|TGTemplatedAttrObject|TGAttrObject|TGObject,c_symbol
0x006172e0,swig_ShieldClass_IsShieldBreached,swig,ShieldClass,,IsShieldBreached,direct,PoweredSubsystem|ShipSubsystem|TGEventHandlerObject|TGTemplatedAttrObject|TGAttrObject|TGObject,c_symbol
0x00617360,swig_ShieldClass_IsAnyShieldBreached,swig,ShieldClass,,IsAnyShieldBreached,direct,PoweredSubsystem|ShipSubsystem|TGEventHandlerObject|TGTemplatedAttrObject|TGAttrObject|TGObject,c_symbol
0x006173e0,swig_ShieldClass_RedistributeShields,swig,ShieldClass,,RedistributeShields,direct,PoweredSubsystem|ShipSubsystem|TGEventHandlerObject|TGTemplatedAttrObject|TGAttrObject|TGObject,c_symbol
0x00617450,swig_ShieldClass_GetShieldChargePerSecond,swig,ShieldClass,,GetShieldChargePerSecond,direct,PoweredSubsystem|ShipSubsystem|TGEventHandlerObject|TGTemplatedAttrObject|TGAttrObject|TGObject,c_symbol
0x006174d0,swig_ShieldClass_IsShieldDamaged,swig,ShieldClass,,IsShieldDamaged,direct,PoweredSubsystem|ShipSubsystem|TGEventHandlerObject|TGTemplatedAttrObject|TGAttrObject|TGObject,c_symbol
0x00617550,swig_ShieldClass_SetShieldDamaged,swig,ShieldClass,,SetShieldDamaged,direct,PoweredSubsystem|ShipSubsystem|TGEventHandlerObject|TGTemplatedAttrObject|TGAttrObject|TGObject,c_symbol
0x006175e0,swig_ShieldClass_GetOppositeShield,swig,ShieldClass,,GetOppositeShield,direct,PoweredSubsystem|ShipSubsystem|TGEventHandlerObject|TGTemplatedAttrObject|TGAttrObject|TGObject,c_symbol
0x00617650,swig_ShieldClass_GetShieldGlowColor,swig,,ShieldClass,GetShieldGlowColor,python_wrapper,,python_class_method
0x006176e0,swig_ShieldClass_GetShieldGlowDecay,swig,ShieldClass,,GetShieldGlowDecay,direct,PoweredSubsystem|ShipSubsystem|TGEventHandlerObject|TGTemplatedAttrObject|TGAttrObject|TGObject,c_symbol
0x00617750,swig_delete_ShieldClass,swig,ShieldClass,ShieldClass,delete,swig_dtor,PoweredSubsystem|ShipSubsystem|TGEventHandlerObject|TGTemplatedAttrObject|TGAttrObject|TGObject,swig_ctor_dtor
0x006177c0,swig_new_HullClass,swig,HullClass,HullClass,new,swig_ctor,ShipSubsystem|TGEventHandlerObject|TGTemplatedAttrObject|TGAttrObject|TGObject,swig_ctor_dtor
0x00617840,swig_delete_HullClass,swig,HullClass,HullClass,delete,swig_dtor,ShipSubsystem|TGEventHandlerObject|TGTemplatedAttrObject|TGAttrObject|TGObject,swig_ctor_dtor
0x006178b0,swig_HullClass_Create,swig,HullClass,HullClass,Create,swig_helper,ShipSubsystem|TGEventHandlerObject|TGTemplatedAttrObject|TGAttrObject|TGObject,swig_helper_synth
0x00617920,swig_HullClass_Cast,swig,HullClass,HullClass,Cast,swig_helper,ShipSubsystem|TGEventHandlerObject|TGTemplatedAttrObject|TGAttrObject|TGObject,swig_helper_synth
0x00617990,swig_new_EnergyWeapon,swig,EnergyWeapon,EnergyWeapon,new,swig_ctor,Weapon|ShipSubsystem|TGEventHandlerObject|TGTemplatedAttrObject|TGAttrObject|TGObject,swig_ctor_dtor
0x00617a10,swig_delete_EnergyWeapon,swig,EnergyWeapon,EnergyWeapon,delete,swig_dtor,Weapon|ShipSubsystem|TGEventHandlerObject|TGTemplatedAttrObject|TGAttrObject|TGObject,swig_ctor_dtor
0x00617a80,swig_EnergyWeapon_Cast,swig,EnergyWeapon,EnergyWeapon,Cast,swig_helper,Weapon|ShipSubsystem|TGEventHandlerObject|TGTemplatedAttrObject|TGAttrObject|TGObject,swig_helper_synth
0x00617af0,swig_EnergyWeapon_GetProperty,swig,,EnergyWeapon,GetProperty,python_wrapper,,python_class_method
0x00617b60,swig_EnergyWeapon_GetRechargeRate,swig,EnergyWeapon,,GetRechargeRate,direct,Weapon|ShipSubsystem|TGEventHandlerObject|TGTemplatedAttrObject|TGAttrObject|TGObject,c_symbol
0x00617bd0,swig_EnergyWeapon_GetNormalDischargeRate,swig,EnergyWeapon,,GetNormalDischargeRate,direct,Weapon|ShipSubsystem|TGEventHandlerObject|TGTemplatedAttrObject|TGAttrObject|TGObject,c_symbol
0x00617c40,swig_EnergyWeapon_GetMaxCharge,swig,EnergyWeapon,,GetMaxCharge,direct,Weapon|ShipSubsystem|TGEventHandlerObject|TGTemplatedAttrObject|TGAttrObject|TGObject,c_symbol
0x00617cb0,swig_EnergyWeapon_GetMinFiringCharge,swig,EnergyWeapon,,GetMinFiringCharge,direct,Weapon|ShipSubsystem|TGEventHandlerObject|TGTemplatedAttrObject|TGAttrObject|TGObject,c_symbol
0x00617d20,swig_EnergyWeapon_GetFireSound,swig,EnergyWeapon,,GetFireSound,direct,Weapon|ShipSubsystem|TGEventHandlerObject|TGTemplatedAttrObject|TGAttrObject|TGObject,c_symbol
0x00617d90,swig_EnergyWeapon_GetFireStartSound,swig,EnergyWeapon,,GetFireStartSound,direct,Weapon|ShipSubsystem|TGEventHandlerObject|TGTemplatedAttrObject|TGAttrObject|TGObject,c_symbol
0x00617e00,swig_EnergyWeapon_GetFireLoopSound,swig,EnergyWeapon,,GetFireLoopSound,direct,Weapon|ShipSubsystem|TGEventHandlerObject|TGTemplatedAttrObject|TGAttrObject|TGObject,c_symbol
0x00617e70,swig_EnergyWeapon_GetPowerSetting,swig,EnergyWeapon,,GetPowerSetting,direct,Weapon|ShipSubsystem|TGEventHandlerObject|TGTemplatedAttrObject|TGAttrObject|TGObject,c_symbol
0x00617ed0,swig_EnergyWeapon_GetMaxDamage,swig,EnergyWeapon,,GetMaxDamage,direct,Weapon|ShipSubsystem|TGEventHandlerObject|TGTemplatedAttrObject|TGAttrObject|TGObject,c_symbol
0x00617f40,swig_EnergyWeapon_GetMaxDamageDistance,swig,EnergyWeapon,,GetMaxDamageDistance,direct,Weapon|ShipSubsystem|TGEventHandlerObject|TGTemplatedAttrObject|TGAttrObject|TGObject,c_symbol
0x00617fb0,swig_EnergyWeapon_GetChargeWatcher,swig,,EnergyWeapon,GetChargeWatcher,python_wrapper,,python_class_method
0x00618020,swig_EnergyWeapon_GetChargeLevel,swig,EnergyWeapon,,GetChargeLevel,direct,Weapon|ShipSubsystem|TGEventHandlerObject|TGTemplatedAttrObject|TGAttrObject|TGObject,c_symbol
0x00618090,swig_EnergyWeapon_GetChargePercentage,swig,EnergyWeapon,,GetChargePercentage,direct,Weapon|ShipSubsystem|TGEventHandlerObject|TGTemplatedAttrObject|TGAttrObject|TGObject,c_symbol
0x00618100,swig_EnergyWeapon_SetChargeLevel,swig,EnergyWeapon,,SetChargeLevel,direct,Weapon|ShipSubsystem|TGEventHandlerObject|TGTemplatedAttrObject|TGAttrObject|TGObject,c_symbol
0x00618180,swig_EnergyWeapon_SetPowerSetting,swig,EnergyWeapon,,SetPowerSetting,direct,Weapon|ShipSubsystem|TGEventHandlerObject|TGTemplatedAttrObject|TGAttrObject|TGObject,c_symbol
0x00618200,swig_EnergyWeapon_UpdateCharge,swig,EnergyWeapon,,UpdateCharge,direct,Weapon|ShipSubsystem|TGEventHandlerObject|TGTemplatedAttrObject|TGAttrObject|TGObject,c_symbol
0x00618290,swig_EnergyWeapon_CalculateWeaponAppeal,swig,EnergyWeapon,,CalculateWeaponAppeal,direct,Weapon|ShipSubsystem|TGEventHandlerObject|TGTemplatedAttrObject|TGAttrObject|TGObject,c_symbol
0x00618300,swig_new_PhaserSystem,swig,PhaserSystem,PhaserSystem,new,swig_ctor,WeaponSystem|PoweredSubsystem|ShipSubsystem|TGEventHandlerObject|TGTemplatedAttrObject|TGAttrObject|TGObject,swig_ctor_dtor
0x00618380,swig_delete_PhaserSystem,swig,PhaserSystem,PhaserSystem,delete,swig_dtor,WeaponSystem|PoweredSubsystem|ShipSubsystem|TGEventHandlerObject|TGTemplatedAttrObject|TGAttrObject|TGObject,swig_ctor_dtor
0x006183f0,swig_PhaserSystem_Cast,swig,PhaserSystem,PhaserSystem,Cast,swig_helper,WeaponSystem|PoweredSubsystem|ShipSubsystem|TGEventHandlerObject|TGTemplatedAttrObject|TGAttrObject|TGObject,swig_helper_synth
0x00618460,swig_PhaserSystem_Create,swig,PhaserSystem,PhaserSystem,Create,swig_helper,WeaponSystem|PoweredSubsystem|ShipSubsystem|TGEventHandlerObject|TGTemplatedAttrObject|TGAttrObject|TGObject,swig_helper_synth
0x006184d0,swig_PhaserSystem_SetPowerLevel,swig,PhaserSystem,,SetPowerLevel,direct,WeaponSystem|PoweredSubsystem|ShipSubsystem|TGEventHandlerObject|TGTemplatedAttrObject|TGAttrObject|TGObject,c_symbol
0x00618550,swig_PhaserSystem_GetPowerLevel,swig,PhaserSystem,,GetPowerLevel,direct,WeaponSystem|PoweredSubsystem|ShipSubsystem|TGEventHandlerObject|TGTemplatedAttrObject|TGAttrObject|TGObject,c_symbol
0x006185b0,swig_new_PhaserBank,swig,PhaserBank,PhaserBank,new,swig_ctor,EnergyWeapon|Weapon|ShipSubsystem|TGEventHandlerObject|TGTemplatedAttrObject|TGAttrObject|TGObject,swig_ctor_dtor
0x00618630,swig_delete_PhaserBank,swig,PhaserBank,PhaserBank,delete,swig_dtor,EnergyWeapon|Weapon|ShipSubsystem|TGEventHandlerObject|TGTemplatedAttrObject|TGAttrObject|TGObject,swig_ctor_dtor
0x006186a0,swig_PhaserBank_Cast,swig,PhaserBank,PhaserBank,Cast,swig_helper,EnergyWeapon|Weapon|ShipSubsystem|TGEventHandlerObject|TGTemplatedAttrObject|TGAttrObject|TGObject,swig_helper_synth
0x00618710,swig_PhaserBank_Create,swig,PhaserBank,PhaserBank,Create,swig_helper,EnergyWeapon|Weapon|ShipSubsystem|TGEventHandlerObject|TGTemplatedAttrObject|TGAttrObject|TGObject,swig_helper_synth
0x00618780,swig_PhaserBank_GetProperty,swig,,PhaserBank,GetProperty,python_wrapper,,python_class_method
0x006187f0,swig_PhaserBank_GetOrientationForward,swig,,PhaserBank,GetOrientationForward,python_wrapper,,python_class_method
0x00618880,swig_PhaserBank_GetOrientationUp,swig,,PhaserBank,GetOrientationUp,python_wrapper,,python_class_method
0x00618910,swig_PhaserBank_GetOrientationRight,swig,,PhaserBank,GetOrientationRight,python_wrapper,,python_class_method
0x006189a0,swig_PhaserBank_GetWidth,swig,PhaserBank,,GetWidth,direct,EnergyWeapon|Weapon|ShipSubsystem|TGEventHandlerObject|TGTemplatedAttrObject|TGAttrObject|TGObject,c_symbol
0x00618a10,swig_PhaserBank_GetLength,swig,PhaserBank,,GetLength,direct,EnergyWeapon|Weapon|ShipSubsystem|TGEventHandlerObject|TGTemplatedAttrObject|TGAttrObject|TGObject,c_symbol
0x00618a80,swig_PhaserBank_GetPhaserTextureStart,swig,PhaserBank,,GetPhaserTextureStart,direct,EnergyWeapon|Weapon|ShipSubsystem|TGEventHandlerObject|TGTemplatedAttrObject|TGAttrObject|TGObject,c_symbol
0x00618ae0,swig_PhaserBank_GetPhaserTextureEnd,swig,PhaserBank,,GetPhaserTextureEnd,direct,EnergyWeapon|Weapon|ShipSubsystem|TGEventHandlerObject|TGTemplatedAttrObject|TGAttrObject|TGObject,c_symbol
0x00618b40,swig_PhaserBank_GetPhaserWidth,swig,PhaserBank,,GetPhaserWidth,direct,EnergyWeapon|Weapon|ShipSubsystem|TGEventHandlerObject|TGTemplatedAttrObject|TGAttrObject|TGObject,c_symbol
0x00618bb0,swig_PhaserBank_GetArcWidthAngles,swig,PhaserBank,,GetArcWidthAngles,direct,EnergyWeapon|Weapon|ShipSubsystem|TGEventHandlerObject|TGTemplatedAttrObject|TGAttrObject|TGObject,c_symbol
0x00618c90,swig_PhaserBank_GetArcHeightAngles,swig,PhaserBank,,GetArcHeightAngles,direct,EnergyWeapon|Weapon|ShipSubsystem|TGEventHandlerObject|TGTemplatedAttrObject|TGAttrObject|TGObject,c_symbol
0x00618d70,swig_PhaserBank_GetArcWidthAngleMin,swig,PhaserBank,,GetArcWidthAngleMin,direct,EnergyWeapon|Weapon|ShipSubsystem|TGEventHandlerObject|TGTemplatedAttrObject|TGAttrObject|TGObject,c_symbol
0x00618de0,swig_PhaserBank_GetArcWidthAngleMax,swig,PhaserBank,,GetArcWidthAngleMax,direct,EnergyWeapon|Weapon|ShipSubsystem|TGEventHandlerObject|TGTemplatedAttrObject|TGAttrObject|TGObject,c_symbol
0x00618e50,swig_PhaserBank_GetArcHeightAngleMin,swig,PhaserBank,,GetArcHeightAngleMin,direct,EnergyWeapon|Weapon|ShipSubsystem|TGEventHandlerObject|TGTemplatedAttrObject|TGAttrObject|TGObject,c_symbol
0x00618ec0,swig_PhaserBank_GetArcHeightAngleMax,swig,PhaserBank,,GetArcHeightAngleMax,direct,EnergyWeapon|Weapon|ShipSubsystem|TGEventHandlerObject|TGTemplatedAttrObject|TGAttrObject|TGObject,c_symbol
0x00618f30,swig_PhaserBank_GetMaxPhaserRange,swig,PhaserBank,,GetMaxPhaserRange,direct_unmatched,EnergyWeapon|Weapon|ShipSubsystem|TGEventHandlerObject|TGTemplatedAttrObject|TGAttrObject|TGObject,class_prefix
0x00618f60,swig_PhaserBank_SetMaxPhaserRange,swig,PhaserBank,,SetMaxPhaserRange,direct_unmatched,EnergyWeapon|Weapon|ShipSubsystem|TGEventHandlerObject|TGTemplatedAttrObject|TGAttrObject|TGObject,class_prefix
0x00618fa0,swig_PhaserBank_UpdateCharge,swig,PhaserBank,,UpdateCharge,direct,EnergyWeapon|Weapon|ShipSubsystem|TGEventHandlerObject|TGTemplatedAttrObject|TGAttrObject|TGObject,c_symbol
0x00619030,swig_PhaserBank_CanHit,swig,PhaserBank,,CanHit,direct,EnergyWeapon|Weapon|ShipSubsystem|TGEventHandlerObject|TGTemplatedAttrObject|TGAttrObject|TGObject,c_symbol
0x006190e0,swig_new_PulseWeapon,swig,PulseWeapon,PulseWeapon,new,swig_ctor,EnergyWeapon|Weapon|ShipSubsystem|TGEventHandlerObject|TGTemplatedAttrObject|TGAttrObject|TGObject,swig_ctor_dtor
0x00619160,swig_delete_PulseWeapon,swig,PulseWeapon,PulseWeapon,delete,swig_dtor,EnergyWeapon|Weapon|ShipSubsystem|TGEventHandlerObject|TGTemplatedAttrObject|TGAttrObject|TGObject,swig_ctor_dtor
0x006191d0,swig_PulseWeapon_Cast,swig,PulseWeapon,PulseWeapon,Cast,swig_helper,EnergyWeapon|Weapon|ShipSubsystem|TGEventHandlerObject|TGTemplatedAttrObject|TGAttrObject|TGObject,swig_helper_synth
0x00619240,swig_PulseWeapon_Create,swig,PulseWeapon,PulseWeapon,Create,swig_helper,EnergyWeapon|Weapon|ShipSubsystem|TGEventHandlerObject|TGTemplatedAttrObject|TGAttrObject|TGObject,swig_helper_synth
0x006192b0,swig_PulseWeapon_CanHitTarget,swig,PulseWeapon,,CanHitTarget,direct,EnergyWeapon|Weapon|ShipSubsystem|TGEventHandlerObject|TGTemplatedAttrObject|TGAttrObject|TGObject,c_symbol
0x00619390,swig_PulseWeapon_GetPowerScaled,swig,PulseWeapon,,GetPowerScaled,direct,EnergyWeapon|Weapon|ShipSubsystem|TGEventHandlerObject|TGTemplatedAttrObject|TGAttrObject|TGObject,c_symbol
0x00619400,swig_PulseWeapon_GetDamageScale,swig,PulseWeapon,,GetDamageScale,direct,EnergyWeapon|Weapon|ShipSubsystem|TGEventHandlerObject|TGTemplatedAttrObject|TGAttrObject|TGObject,c_symbol
0x00619470,swig_PulseWeapon_GetProperty,swig,,PulseWeapon,GetProperty,python_wrapper,,python_class_method
0x006194e0,swig_PulseWeapon_GetArcHeightAngleMin,swig,PulseWeapon,,GetArcHeightAngleMin,direct,EnergyWeapon|Weapon|ShipSubsystem|TGEventHandlerObject|TGTemplatedAttrObject|TGAttrObject|TGObject,c_symbol
0x00619550,swig_PulseWeapon_GetArcHeightAngleMax,swig,PulseWeapon,,GetArcHeightAngleMax,direct,EnergyWeapon|Weapon|ShipSubsystem|TGEventHandlerObject|TGTemplatedAttrObject|TGAttrObject|TGObject,c_symbol
0x006195c0,swig_PulseWeapon_GetArcWidthAngleMin,swig,PulseWeapon,,GetArcWidthAngleMin,direct,EnergyWeapon|Weapon|ShipSubsystem|TGEventHandlerObject|TGTemplatedAttrObject|TGAttrObject|TGObject,c_symbol
0x00619630,swig_PulseWeapon_GetArcWidthAngleMax,swig,PulseWeapon,,GetArcWidthAngleMax,direct,EnergyWeapon|Weapon|ShipSubsystem|TGEventHandlerObject|TGTemplatedAttrObject|TGAttrObject|TGObject,c_symbol
0x006196a0,swig_PulseWeapon_GetArcHeightAngles,swig,PulseWeapon,,GetArcHeightAngles,direct,EnergyWeapon|Weapon|ShipSubsystem|TGEventHandlerObject|TGTemplatedAttrObject|TGAttrObject|TGObject,c_symbol
0x00619780,swig_PulseWeapon_GetArcWidthAngles,swig,PulseWeapon,,GetArcWidthAngles,direct,EnergyWeapon|Weapon|ShipSubsystem|TGEventHandlerObject|TGTemplatedAttrObject|TGAttrObject|TGObject,c_symbol
0x00619860,swig_PulseWeapon_GetLastFireTime,swig,PulseWeapon,,GetLastFireTime,direct,EnergyWeapon|Weapon|ShipSubsystem|TGEventHandlerObject|TGTemplatedAttrObject|TGAttrObject|TGObject,c_symbol
0x006198d0,swig_PulseWeapon_GetCooldownTime,swig,PulseWeapon,,GetCooldownTime,direct,EnergyWeapon|Weapon|ShipSubsystem|TGEventHandlerObject|TGTemplatedAttrObject|TGAttrObject|TGObject,c_symbol
0x00619940,swig_PulseWeapon_GetLaunchSpeed,swig,PulseWeapon,,GetLaunchSpeed,direct,EnergyWeapon|Weapon|ShipSubsystem|TGEventHandlerObject|TGTemplatedAttrObject|TGAttrObject|TGObject,c_symbol
0x006199b0,swig_PulseWeapon_IsInArc,swig,PulseWeapon,,IsInArc,direct,EnergyWeapon|Weapon|ShipSubsystem|TGEventHandlerObject|TGTemplatedAttrObject|TGAttrObject|TGObject,c_symbol
0x00619a70,swig_PulseWeapon_CalculateRoughDirection,swig,,PulseWeapon,CalculateRoughDirection,python_wrapper,,python_class_method
0x00619b00,swig_PulseWeapon_CalculateWeaponAppeal,swig,PulseWeapon,,CalculateWeaponAppeal,direct,EnergyWeapon|Weapon|ShipSubsystem|TGEventHandlerObject|TGTemplatedAttrObject|TGAttrObject|TGObject,c_symbol
0x00619b70,swig_new_PulseWeaponSystem,swig,PulseWeaponSystem,PulseWeaponSystem,new,swig_ctor,WeaponSystem|PoweredSubsystem|ShipSubsystem|TGEventHandlerObject|TGTemplatedAttrObject|TGAttrObject|TGObject,swig_ctor_dtor
0x00619bf0,swig_delete_PulseWeaponSystem,swig,PulseWeaponSystem,PulseWeaponSystem,delete,swig_dtor,WeaponSystem|PoweredSubsystem|ShipSubsystem|TGEventHandlerObject|TGTemplatedAttrObject|TGAttrObject|TGObject,swig_ctor_dtor
0x00619c60,swig_PulseWeaponSystem_Cast,swig,PulseWeaponSystem,PulseWeaponSystem,Cast,swig_helper,WeaponSystem|PoweredSubsystem|ShipSubsystem|TGEventHandlerObject|TGTemplatedAttrObject|TGAttrObject|TGObject,swig_helper_synth
0x00619cd0,swig_PulseWeaponSystem_Create,swig,PulseWeaponSystem,PulseWeaponSystem,Create,swig_helper,WeaponSystem|PoweredSubsystem|ShipSubsystem|TGEventHandlerObject|TGTemplatedAttrObject|TGAttrObject|TGObject,swig_helper_synth
0x00619d40,swig_new_SensorSubsystem,swig,SensorSubsystem,SensorSubsystem,new,swig_ctor,PoweredSubsystem|ShipSubsystem|TGEventHandlerObject|TGTemplatedAttrObject|TGAttrObject|TGObject,swig_ctor_dtor
0x00619dc0,swig_delete_SensorSubsystem,swig,SensorSubsystem,SensorSubsystem,delete,swig_dtor,PoweredSubsystem|ShipSubsystem|TGEventHandlerObject|TGTemplatedAttrObject|TGAttrObject|TGObject,swig_ctor_dtor
0x00619e30,swig_SensorSubsystem_Cast,swig,SensorSubsystem,SensorSubsystem,Cast,swig_helper,PoweredSubsystem|ShipSubsystem|TGEventHandlerObject|TGTemplatedAttrObject|TGAttrObject|TGObject,swig_helper_synth
0x00619ea0,swig_SensorSubsystem_Create,swig,SensorSubsystem,SensorSubsystem,Create,swig_helper,PoweredSubsystem|ShipSubsystem|TGEventHandlerObject|TGTemplatedAttrObject|TGAttrObject|TGObject,swig_helper_synth
0x00619f10,swig_SensorSubsystem_GetProperty,swig,,SensorSubsystem,GetProperty,python_wrapper,,python_class_method
0x00619f80,swig_SensorSubsystem_GetSensorRange,swig,SensorSubsystem,,GetSensorRange,direct,PoweredSubsystem|ShipSubsystem|TGEventHandlerObject|TGTemplatedAttrObject|TGAttrObject|TGObject,c_symbol
0x00619ff0,swig_SensorSubsystem_GetBaseSensorRange,swig,SensorSubsystem,,GetBaseSensorRange,direct,PoweredSubsystem|ShipSubsystem|TGEventHandlerObject|TGTemplatedAttrObject|TGAttrObject|TGObject,c_symbol
0x0061a060,swig_SensorSubsystem_ScanAllObjects,swig,,SensorSubsystem,ScanAllObjects,python_wrapper,,python_class_method
0x0061a0d0,swig_SensorSubsystem_IdentifyObject,swig,SensorSubsystem,,IdentifyObject,direct,PoweredSubsystem|ShipSubsystem|TGEventHandlerObject|TGTemplatedAttrObject|TGAttrObject|TGObject,c_symbol
0x0061a170,swig_SensorSubsystem_ForceObjectIdentified,swig,SensorSubsystem,,ForceObjectIdentified,direct,PoweredSubsystem|ShipSubsystem|TGEventHandlerObject|TGTemplatedAttrObject|TGAttrObject|TGObject,c_symbol
0x0061a210,swig_SensorSubsystem_GetIdentificationTime,swig,SensorSubsystem,,GetIdentificationTime,direct,PoweredSubsystem|ShipSubsystem|TGEventHandlerObject|TGTemplatedAttrObject|TGAttrObject|TGObject,c_symbol
0x0061a280,swig_SensorSubsystem_GetNumProbes,swig,SensorSubsystem,,GetNumProbes,direct,PoweredSubsystem|ShipSubsystem|TGEventHandlerObject|TGTemplatedAttrObject|TGAttrObject|TGObject,c_symbol
0x0061a2e0,swig_SensorSubsystem_SetNumProbes,swig,SensorSubsystem,,SetNumProbes,direct,PoweredSubsystem|ShipSubsystem|TGEventHandlerObject|TGTemplatedAttrObject|TGAttrObject|TGObject,c_symbol
0x0061a360,swig_SensorSubsystem_AddProbe,swig,SensorSubsystem,,AddProbe,direct,PoweredSubsystem|ShipSubsystem|TGEventHandlerObject|TGTemplatedAttrObject|TGAttrObject|TGObject,c_symbol
0x0061a3e0,swig_SensorSubsystem_IsObjectVisible,swig,SensorSubsystem,,IsObjectVisible,direct,PoweredSubsystem|ShipSubsystem|TGEventHandlerObject|TGTemplatedAttrObject|TGAttrObject|TGObject,c_symbol
0x0061a490,swig_SensorSubsystem_IsObjectNear,swig,SensorSubsystem,,IsObjectNear,direct,PoweredSubsystem|ShipSubsystem|TGEventHandlerObject|TGTemplatedAttrObject|TGAttrObject|TGObject,c_symbol
0x0061a560,swig_SensorSubsystem_IsObjectFar,swig,SensorSubsystem,,IsObjectFar,direct,PoweredSubsystem|ShipSubsystem|TGEventHandlerObject|TGTemplatedAttrObject|TGAttrObject|TGObject,c_symbol
0x0061a630,swig_SensorSubsystem_IsObjectKnown,swig,SensorSubsystem,,IsObjectKnown,direct,PoweredSubsystem|ShipSubsystem|TGEventHandlerObject|TGTemplatedAttrObject|TGAttrObject|TGObject,c_symbol
0x0061a6e0,swig_new_CloakingSubsystem,swig,CloakingSubsystem,CloakingSubsystem,new,swig_ctor,PoweredSubsystem|ShipSubsystem|TGEventHandlerObject|TGTemplatedAttrObject|TGAttrObject|TGObject,swig_ctor_dtor
0x0061a760,swig_delete_CloakingSubsystem,swig,CloakingSubsystem,CloakingSubsystem,delete,swig_dtor,PoweredSubsystem|ShipSubsystem|TGEventHandlerObject|TGTemplatedAttrObject|TGAttrObject|TGObject,swig_ctor_dtor
0x0061a7d0,swig_CloakingSubsystem_Cast,swig,CloakingSubsystem,CloakingSubsystem,Cast,swig_helper,PoweredSubsystem|ShipSubsystem|TGEventHandlerObject|TGTemplatedAttrObject|TGAttrObject|TGObject,swig_helper_synth
0x0061a840,swig_CloakingSubsystem_Create,swig,CloakingSubsystem,CloakingSubsystem,Create,swig_helper,PoweredSubsystem|ShipSubsystem|TGEventHandlerObject|TGTemplatedAttrObject|TGAttrObject|TGObject,swig_helper_synth
0x0061a8b0,swig_CloakingSubsystem_GetProperty,swig,,CloakingSubsystem,GetProperty,python_wrapper,,python_class_method
0x0061a920,swig_CloakingSubsystem_StartCloaking,swig,CloakingSubsystem,,StartCloaking,direct,PoweredSubsystem|ShipSubsystem|TGEventHandlerObject|TGTemplatedAttrObject|TGAttrObject|TGObject,c_symbol
0x0061a990,swig_CloakingSubsystem_StopCloaking,swig,CloakingSubsystem,,StopCloaking,direct,PoweredSubsystem|ShipSubsystem|TGEventHandlerObject|TGTemplatedAttrObject|TGAttrObject|TGObject,c_symbol
0x0061aa00,swig_CloakingSubsystem_InstantCloak,swig,CloakingSubsystem,,InstantCloak,direct,PoweredSubsystem|ShipSubsystem|TGEventHandlerObject|TGTemplatedAttrObject|TGAttrObject|TGObject,c_symbol
0x0061aa70,swig_CloakingSubsystem_InstantDecloak,swig,CloakingSubsystem,,InstantDecloak,direct,PoweredSubsystem|ShipSubsystem|TGEventHandlerObject|TGTemplatedAttrObject|TGAttrObject|TGObject,c_symbol
0x0061aae0,swig_CloakingSubsystem_IsCloaked,swig,CloakingSubsystem,,IsCloaked,direct,PoweredSubsystem|ShipSubsystem|TGEventHandlerObject|TGTemplatedAttrObject|TGAttrObject|TGObject,c_symbol
0x0061ab60,swig_CloakingSubsystem_IsTryingToCloak,swig,CloakingSubsystem,,IsTryingToCloak,direct,PoweredSubsystem|ShipSubsystem|TGEventHandlerObject|TGTemplatedAttrObject|TGAttrObject|TGObject,c_symbol
0x0061abe0,swig_CloakingSubsystem_IsCloaking,swig,CloakingSubsystem,,IsCloaking,direct,PoweredSubsystem|ShipSubsystem|TGEventHandlerObject|TGTemplatedAttrObject|TGAttrObject|TGObject,c_symbol
0x0061ac70,swig_CloakingSubsystem_IsDecloaking,swig,CloakingSubsystem,,IsDecloaking,direct,PoweredSubsystem|ShipSubsystem|TGEventHandlerObject|TGTemplatedAttrObject|TGAttrObject|TGObject,c_symbol
0x0061ad00,swig_CloakingSubsystem_SetCloakTime,swig,CloakingSubsystem,,SetCloakTime,direct_unmatched,PoweredSubsystem|ShipSubsystem|TGEventHandlerObject|TGTemplatedAttrObject|TGAttrObject|TGObject,class_prefix
0x0061ad40,swig_CloakingSubsystem_GetCloakTime,swig,CloakingSubsystem,,GetCloakTime,direct_unmatched,PoweredSubsystem|ShipSubsystem|TGEventHandlerObject|TGTemplatedAttrObject|TGAttrObject|TGObject,class_prefix
0x0061ad70,swig_CloakingSubsystem_SetShieldDelay,swig,CloakingSubsystem,,SetShieldDelay,direct_unmatched,PoweredSubsystem|ShipSubsystem|TGEventHandlerObject|TGTemplatedAttrObject|TGAttrObject|TGObject,class_prefix
0x0061adb0,swig_CloakingSubsystem_GetShieldDelay,swig,CloakingSubsystem,,GetShieldDelay,direct_unmatched,PoweredSubsystem|ShipSubsystem|TGEventHandlerObject|TGTemplatedAttrObject|TGAttrObject|TGObject,class_prefix
0x0061ade0,swig_new_RepairSubsystem,swig,RepairSubsystem,RepairSubsystem,new,swig_ctor,PoweredSubsystem|ShipSubsystem|TGEventHandlerObject|TGTemplatedAttrObject|TGAttrObject|TGObject,swig_ctor_dtor
0x0061ae60,swig_delete_RepairSubsystem,swig,RepairSubsystem,RepairSubsystem,delete,swig_dtor,PoweredSubsystem|ShipSubsystem|TGEventHandlerObject|TGTemplatedAttrObject|TGAttrObject|TGObject,swig_ctor_dtor
0x0061aed0,swig_RepairSubsystem_Cast,swig,RepairSubsystem,RepairSubsystem,Cast,swig_helper,PoweredSubsystem|ShipSubsystem|TGEventHandlerObject|TGTemplatedAttrObject|TGAttrObject|TGObject,swig_helper_synth
0x0061af40,swig_RepairSubsystem_Create,swig,RepairSubsystem,RepairSubsystem,Create,swig_helper,PoweredSubsystem|ShipSubsystem|TGEventHandlerObject|TGTemplatedAttrObject|TGAttrObject|TGObject,swig_helper_synth
0x0061afb0,swig_RepairSubsystem_GetProperty,swig,,RepairSubsystem,GetProperty,python_wrapper,,python_class_method
0x0061b020,swig_RepairSubsystem_AddSubsystem,swig,RepairSubsystem,,AddSubsystem,direct,PoweredSubsystem|ShipSubsystem|TGEventHandlerObject|TGTemplatedAttrObject|TGAttrObject|TGObject,c_symbol
0x0061b0d0,swig_RepairSubsystem_AddToRepairList,swig,RepairSubsystem,,AddToRepairList,direct,PoweredSubsystem|ShipSubsystem|TGEventHandlerObject|TGTemplatedAttrObject|TGAttrObject|TGObject,c_symbol
0x0061b190,swig_RepairSubsystem_IsBeingRepaired,swig,RepairSubsystem,,IsBeingRepaired,direct,PoweredSubsystem|ShipSubsystem|TGEventHandlerObject|TGTemplatedAttrObject|TGAttrObject|TGObject,c_symbol
0x0061b240,swig_new_ImpulseEngineSubsystem,swig,ImpulseEngineSubsystem,ImpulseEngineSubsystem,new,swig_ctor,PoweredSubsystem|ShipSubsystem|TGEventHandlerObject|TGTemplatedAttrObject|TGAttrObject|TGObject,swig_ctor_dtor
0x0061b2c0,swig_delete_ImpulseEngineSubsystem,swig,ImpulseEngineSubsystem,ImpulseEngineSubsystem,delete,swig_dtor,PoweredSubsystem|ShipSubsystem|TGEventHandlerObject|TGTemplatedAttrObject|TGAttrObject|TGObject,swig_ctor_dtor
0x0061b330,swig_ImpulseEngineSubsystem_Cast,swig,ImpulseEngineSubsystem,ImpulseEngineSubsystem,Cast,swig_helper,PoweredSubsystem|ShipSubsystem|TGEventHandlerObject|TGTemplatedAttrObject|TGAttrObject|TGObject,swig_helper_synth
0x0061b3a0,swig_ImpulseEngineSubsystem_Create,swig,ImpulseEngineSubsystem,ImpulseEngineSubsystem,Create,swig_helper,PoweredSubsystem|ShipSubsystem|TGEventHandlerObject|TGTemplatedAttrObject|TGAttrObject|TGObject,swig_helper_synth
0x0061b410,swig_ImpulseEngineSubsystem_GetProperty,swig,,ImpulseEngineSubsystem,GetProperty,python_wrapper,,python_class_method
0x0061b480,swig_ImpulseEngineSubsystem_GetMaxSpeed,swig,ImpulseEngineSubsystem,,GetMaxSpeed,direct,PoweredSubsystem|ShipSubsystem|TGEventHandlerObject|TGTemplatedAttrObject|TGAttrObject|TGObject,c_symbol
0x0061b4f0,swig_ImpulseEngineSubsystem_GetMaxAccel,swig,ImpulseEngineSubsystem,,GetMaxAccel,direct,PoweredSubsystem|ShipSubsystem|TGEventHandlerObject|TGTemplatedAttrObject|TGAttrObject|TGObject,c_symbol
0x0061b560,swig_ImpulseEngineSubsystem_GetMaxAngularVelocity,swig,ImpulseEngineSubsystem,,GetMaxAngularVelocity,direct,PoweredSubsystem|ShipSubsystem|TGEventHandlerObject|TGTemplatedAttrObject|TGAttrObject|TGObject,c_symbol
0x0061b5d0,swig_ImpulseEngineSubsystem_GetMaxAngularAccel,swig,ImpulseEngineSubsystem,,GetMaxAngularAccel,direct,PoweredSubsystem|ShipSubsystem|TGEventHandlerObject|TGTemplatedAttrObject|TGAttrObject|TGObject,c_symbol
0x0061b640,swig_ImpulseEngineSubsystem_GetCurMaxSpeed,swig,ImpulseEngineSubsystem,,GetCurMaxSpeed,direct,PoweredSubsystem|ShipSubsystem|TGEventHandlerObject|TGTemplatedAttrObject|TGAttrObject|TGObject,c_symbol
0x0061b6b0,swig_ImpulseEngineSubsystem_GetCurMaxAccel,swig,ImpulseEngineSubsystem,,GetCurMaxAccel,direct,PoweredSubsystem|ShipSubsystem|TGEventHandlerObject|TGTemplatedAttrObject|TGAttrObject|TGObject,c_symbol
0x0061b720,swig_ImpulseEngineSubsystem_GetCurMaxAngularVelocity,swig,ImpulseEngineSubsystem,,GetCurMaxAngularVelocity,direct,PoweredSubsystem|ShipSubsystem|TGEventHandlerObject|TGTemplatedAttrObject|TGAttrObject|TGObject,c_symbol
0x0061b790,swig_ImpulseEngineSubsystem_GetCurMaxAngularAccel,swig,ImpulseEngineSubsystem,,GetCurMaxAngularAccel,direct,PoweredSubsystem|ShipSubsystem|TGEventHandlerObject|TGTemplatedAttrObject|TGAttrObject|TGObject,c_symbol
0x0061b800,swig_ImpulseEngineSubsystem_GetTractorBeamSystem,swig,,ImpulseEngineSubsystem,GetTractorBeamSystem,python_wrapper,,python_class_method
0x0061b870,swig_ImpulseEngineSubsystem_SetTractorBeamSystem,swig,ImpulseEngineSubsystem,,SetTractorBeamSystem,direct,PoweredSubsystem|ShipSubsystem|TGEventHandlerObject|TGTemplatedAttrObject|TGAttrObject|TGObject,c_symbol
0x0061b910,swig_new_WarpEngineSubsystem,swig,WarpEngineSubsystem,WarpEngineSubsystem,new,swig_ctor,PoweredSubsystem|ShipSubsystem|TGEventHandlerObject|TGTemplatedAttrObject|TGAttrObject|TGObject,swig_ctor_dtor
0x0061b990,swig_delete_WarpEngineSubsystem,swig,WarpEngineSubsystem,WarpEngineSubsystem,delete,swig_dtor,PoweredSubsystem|ShipSubsystem|TGEventHandlerObject|TGTemplatedAttrObject|TGAttrObject|TGObject,swig_ctor_dtor
0x0061ba00,swig_WarpEngineSubsystem_Cast,swig,WarpEngineSubsystem,WarpEngineSubsystem,Cast,swig_helper,PoweredSubsystem|ShipSubsystem|TGEventHandlerObject|TGTemplatedAttrObject|TGAttrObject|TGObject,swig_helper_synth
0x0061ba70,swig_WarpEngineSubsystem_Create,swig,WarpEngineSubsystem,WarpEngineSubsystem,Create,swig_helper,PoweredSubsystem|ShipSubsystem|TGEventHandlerObject|TGTemplatedAttrObject|TGAttrObject|TGObject,swig_helper_synth
0x0061bae0,swig_WarpEngineSubsystem_GetProperty,swig,,WarpEngineSubsystem,GetProperty,python_wrapper,,python_class_method
0x0061bb50,swig_WarpEngineSubsystem_Warp,swig,WarpEngineSubsystem,,Warp,direct,PoweredSubsystem|ShipSubsystem|TGEventHandlerObject|TGTemplatedAttrObject|TGAttrObject|TGObject,c_symbol
0x0061bbd0,swig_WarpEngineSubsystem_GetWarpState,swig,WarpEngineSubsystem,,GetWarpState,direct,PoweredSubsystem|ShipSubsystem|TGEventHandlerObject|TGTemplatedAttrObject|TGAttrObject|TGObject,c_symbol
0x0061bc30,swig_WarpEngineSubsystem_SetWarpState,swig,WarpEngineSubsystem,,SetWarpState,direct,PoweredSubsystem|ShipSubsystem|TGEventHandlerObject|TGTemplatedAttrObject|TGAttrObject|TGObject,c_symbol
0x0061bcb0,swig_WarpEngineSubsystem_TransitionToState,swig,WarpEngineSubsystem,,TransitionToState,direct,PoweredSubsystem|ShipSubsystem|TGEventHandlerObject|TGTemplatedAttrObject|TGAttrObject|TGObject,c_symbol
0x0061bd30,swig_WarpEngineSubsystem_GetPlacement,swig,,WarpEngineSubsystem,GetPlacement,python_wrapper,,python_class_method
0x0061bda0,swig_WarpEngineSubsystem_SetPlacement,swig,WarpEngineSubsystem,,SetPlacement,direct,PoweredSubsystem|ShipSubsystem|TGEventHandlerObject|TGTemplatedAttrObject|TGAttrObject|TGObject,c_symbol
0x0061be40,swig_WarpEngineSubsystem_GetWarpExitLocation,swig,,WarpEngineSubsystem,GetWarpExitLocation,python_wrapper,,python_class_method
0x0061bed0,swig_WarpEngineSubsystem_GetWarpExitRotation,swig,,WarpEngineSubsystem,GetWarpExitRotation,python_wrapper,,python_class_method
0x0061bf60,swig_WarpEngineSubsystem_SetExitPoint,swig,WarpEngineSubsystem,,SetExitPoint,direct,PoweredSubsystem|ShipSubsystem|TGEventHandlerObject|TGTemplatedAttrObject|TGAttrObject|TGObject,c_symbol
0x0061c010,swig_WarpEngineSubsystem_GetWarpEffectTime,swig,WarpEngineSubsystem,,GetWarpEffectTime,direct_unmatched,PoweredSubsystem|ShipSubsystem|TGEventHandlerObject|TGTemplatedAttrObject|TGAttrObject|TGObject,class_prefix
0x0061c040,swig_WarpEngineSubsystem_SetWarpEffectTime,swig,WarpEngineSubsystem,,SetWarpEffectTime,direct_unmatched,PoweredSubsystem|ShipSubsystem|TGEventHandlerObject|TGTemplatedAttrObject|TGAttrObject|TGObject,class_prefix
0x0061c080,swig_WarpEngineSubsystem_GetWarpSpeed,swig,WarpEngineSubsystem,,GetWarpSpeed,direct_unmatched,PoweredSubsystem|ShipSubsystem|TGEventHandlerObject|TGTemplatedAttrObject|TGAttrObject|TGObject,class_prefix
0x0061c0b0,swig_WarpEngineSubsystem_SetWarpSpeed,swig,WarpEngineSubsystem,,SetWarpSpeed,direct_unmatched,PoweredSubsystem|ShipSubsystem|TGEventHandlerObject|TGTemplatedAttrObject|TGAttrObject|TGObject,class_prefix
0x0061c0f0,swig_WarpEngineSubsystem_GetWarpSequence,swig,,WarpEngineSubsystem,GetWarpSequence,python_wrapper,,python_class_method
0x0061c170,swig_new_TractorBeamProjector,swig,TractorBeamProjector,TractorBeamProjector,new,swig_ctor,EnergyWeapon|Weapon|ShipSubsystem|TGEventHandlerObject|TGTemplatedAttrObject|TGAttrObject|TGObject,swig_ctor_dtor
0x0061c1f0,swig_delete_TractorBeamProjector,swig,TractorBeamProjector,TractorBeamProjector,delete,swig_dtor,EnergyWeapon|Weapon|ShipSubsystem|TGEventHandlerObject|TGTemplatedAttrObject|TGAttrObject|TGObject,swig_ctor_dtor
0x0061c260,swig_TractorBeamProjector_Cast,swig,TractorBeamProjector,TractorBeamProjector,Cast,swig_helper,EnergyWeapon|Weapon|ShipSubsystem|TGEventHandlerObject|TGTemplatedAttrObject|TGAttrObject|TGObject,swig_helper_synth
0x0061c2d0,swig_TractorBeamProjector_Create,swig,TractorBeamProjector,TractorBeamProjector,Create,swig_helper,EnergyWeapon|Weapon|ShipSubsystem|TGEventHandlerObject|TGTemplatedAttrObject|TGAttrObject|TGObject,swig_helper_synth
0x0061c340,swig_TractorBeamProjector_GetProperty,swig,,TractorBeamProjector,GetProperty,python_wrapper,,python_class_method
0x0061c3b0,swig_new_TractorBeamSystem,swig,TractorBeamSystem,TractorBeamSystem,new,swig_ctor,WeaponSystem|PoweredSubsystem|ShipSubsystem|TGEventHandlerObject|TGTemplatedAttrObject|TGAttrObject|TGObject,swig_ctor_dtor
0x0061c430,swig_delete_TractorBeamSystem,swig,TractorBeamSystem,TractorBeamSystem,delete,swig_dtor,WeaponSystem|PoweredSubsystem|ShipSubsystem|TGEventHandlerObject|TGTemplatedAttrObject|TGAttrObject|TGObject,swig_ctor_dtor
0x0061c4a0,swig_TractorBeamSystem_Cast,swig,TractorBeamSystem,TractorBeamSystem,Cast,swig_helper,WeaponSystem|PoweredSubsystem|ShipSubsystem|TGEventHandlerObject|TGTemplatedAttrObject|TGAttrObject|TGObject,swig_helper_synth
0x0061c510,swig_TractorBeamSystem_Create,swig,TractorBeamSystem,TractorBeamSystem,Create,swig_helper,WeaponSystem|PoweredSubsystem|ShipSubsystem|TGEventHandlerObject|TGTemplatedAttrObject|TGAttrObject|TGObject,swig_helper_synth
0x0061c580,swig_TractorBeamSystem_GetMode,swig,TractorBeamSystem,,GetMode,direct,WeaponSystem|PoweredSubsystem|ShipSubsystem|TGEventHandlerObject|TGTemplatedAttrObject|TGAttrObject|TGObject,c_symbol
0x0061c5e0,swig_TractorBeamSystem_SetMode,swig,TractorBeamSystem,,SetMode,direct,WeaponSystem|PoweredSubsystem|ShipSubsystem|TGEventHandlerObject|TGTemplatedAttrObject|TGAttrObject|TGObject,c_symbol
0x0061c660,swig_WarpEvent_GetDestinationSetName,swig,WarpEvent,,GetDestinationSetName,direct,TGEvent|TGObject,c_symbol
0x0061c6d0,swig_WarpEvent_GetPlacementName,swig,WarpEvent,,GetPlacementName,direct,TGEvent|TGObject,c_symbol
0x0061c740,swig_WarpEvent_GetExitPoint,swig,,WarpEvent,GetExitPoint,python_wrapper,,python_class_method
0x0061c800,swig_WarpEvent_GetDuration,swig,WarpEvent,,GetDuration,direct,TGEvent|TGObject,c_symbol
0x0061c870,swig_delete_WarpEvent,swig,WarpEvent,WarpEvent,delete,swig_dtor,TGEvent|TGObject,swig_ctor_dtor
0x0061c8e0,swig_SubsystemList_GetHeadPos,swig,SubsystemList,,GetHeadPos,direct,,c_symbol
0x0061c970,swig_SubsystemList_GetTailPos,swig,SubsystemList,,GetTailPos,direct,,c_symbol
0x0061ca00,swig_SubsystemList_GetSize,swig,SubsystemList,,GetSize,direct,,c_symbol
0x0061ca60,swig_SubsystemList_GetHead,swig,,SubsystemList,GetHead,python_wrapper,,python_class_method
0x0061cad0,swig_SubsystemList_GetTail,swig,,SubsystemList,GetTail,python_wrapper,,python_class_method
0x0061cb40,swig_SubsystemList_GetNext,swig,,SubsystemList,GetNext,python_wrapper,,python_class_method
0x0061cc00,swig_SubsystemList_GetPrev,swig,,SubsystemList,GetPrev,python_wrapper,,python_class_method
0x0061ccc0,swig_EffectController_GetEffectLevel,swig,EffectController,,GetEffectLevel,direct_unmatched,,class_prefix
0x0061ccf0,swig_EffectController_SetEffectLevel,swig,EffectController,,SetEffectLevel,direct_unmatched,,class_prefix
0x0061cd30,swig_EffectController_SetEffectLifeTime,swig,EffectController,,SetEffectLifeTime,direct,,c_symbol
0x0061cdb0,swig_EffectController_GetEffectLifeTime,swig,EffectController,,GetEffectLifeTime,direct,,c_symbol
0x0061ce20,swig_EffectController_CreateTarget,swig,EffectController,,CreateTarget,direct,,c_symbol
0x0061cee0,swig_EffectController_SetTargetAlphaBlendModes,swig,EffectController,,SetTargetAlphaBlendModes,direct,,c_symbol
0x0061cf70,swig_EffectController_GetTargetCast,swig,,EffectController,GetTargetCast,python_wrapper,,python_class_method
0x0061cfe0,swig_EffectController_AttachEffect,swig,EffectController,,AttachEffect,direct,,c_symbol
0x0061d080,swig_EffectController_DetachEffect,swig,EffectController,,DetachEffect,direct,,c_symbol
0x0061d0f0,swig_EffectController_AddColorKey,swig,EffectController,,AddColorKey,direct,,c_symbol
0x0061d190,swig_EffectController_RemoveAllColorKeys,swig,EffectController,,RemoveAllColorKeys,direct,,c_symbol
0x0061d200,swig_EffectController_AddAlphaKey,swig,EffectController,,AddAlphaKey,direct,,c_symbol
0x0061d290,swig_EffectController_RemoveAllAlphaKeys,swig,EffectController,,RemoveAllAlphaKeys,direct,,c_symbol
0x0061d300,swig_EffectController_AddSizeKey,swig,EffectController,,AddSizeKey,direct,,c_symbol
0x0061d390,swig_EffectController_RemoveAllSizeKeys,swig,EffectController,,RemoveAllSizeKeys,direct,,c_symbol
0x0061d400,swig_EmitterController_SetEmitPositionAndDirection,swig,EmitterController,,SetEmitPositionAndDirection,direct,EffectController,c_symbol
0x0061d4e0,swig_EmitterController_SetEmitFromObject,swig,EmitterController,,SetEmitFromObject,direct,EffectController,c_symbol
0x0061d5b0,swig_EmitterController_GetEmitFromObject,swig,,EmitterController,GetEmitFromObject,python_wrapper,,python_class_method
0x0061d620,swig_EmitterController_SetDetachEmitObject,swig,EmitterController,,SetDetachEmitObject,direct,EffectController,c_symbol
0x0061d6c0,swig_EmitterController_SetInheritsVelocity,swig,EmitterController,,SetInheritsVelocity,direct,EffectController,c_symbol
0x0061d760,swig_EmitterController_SetEmitRadius,swig,EmitterController,,SetEmitRadius,direct,EffectController,c_symbol
0x0061d7e0,swig_EmitterController_SetAngleVariance,swig,EmitterController,,SetAngleVariance,direct,EffectController,c_symbol
0x0061d860,swig_EmitterController_SetEmitVelocity,swig,EmitterController,,SetEmitVelocity,direct,EffectController,c_symbol
0x0061d8e0,swig_EmitterController_SetEmitLife,swig,EmitterController,,SetEmitLife,direct,EffectController,c_symbol
0x0061d960,swig_EmitterController_SetEmitFrequency,swig,EmitterController,,SetEmitFrequency,direct,EffectController,c_symbol
0x0061d9e0,swig_EmitterController_SetEmitVelocityVariance,swig,EmitterController,,SetEmitVelocityVariance,direct,EffectController,c_symbol
0x0061da60,swig_EmitterController_SetEmitLifeVariance,swig,EmitterController,,SetEmitLifeVariance,direct,EffectController,c_symbol
0x0061dae0,swig_EmitterController_SetEmitFrequencyVariance,swig,EmitterController,,SetEmitFrequencyVariance,direct,EffectController,c_symbol
0x0061db60,swig_EmitterController_SetGravity,swig,EmitterController,,SetGravity,direct,EffectController,c_symbol
0x0061dc10,swig_EmitterController_SetDamping,swig,EmitterController,,SetDamping,direct,EffectController,c_symbol
0x0061dc90,swig_PointParticleController_Create,swig,PointParticleController,PointParticleController,Create,swig_helper,EmitterController|EffectController,swig_helper_synth
0x0061dcf0,swig_SparkParticleController_Create,swig,SparkParticleController,SparkParticleController,Create,swig_helper,PointParticleController|EmitterController|EffectController,swig_helper_synth
0x0061ddb0,swig_SparkParticleController_SetTailLength,swig,SparkParticleController,,SetTailLength,direct,PointParticleController|EmitterController|EffectController,c_symbol
0x0061de30,swig_SparkParticleController_SetTailFade,swig,SparkParticleController,,SetTailFade,direct,PointParticleController|EmitterController|EffectController,c_symbol
0x0061deb0,swig_ExplodeParticleController_Create,swig,ExplodeParticleController,ExplodeParticleController,Create,swig_helper,PointParticleController|EmitterController|EffectController,swig_helper_synth
0x0061df70,swig_ExplodeParticleController_AddIntensityKey,swig,ExplodeParticleController,,AddIntensityKey,direct,PointParticleController|EmitterController|EffectController,c_symbol
0x0061e000,swig_ExplodeParticleController_RemoveIntensityKeyAt,swig,ExplodeParticleController,,RemoveIntensityKeyAt,direct,PointParticleController|EmitterController|EffectController,c_symbol
0x0061e080,swig_ExplodeParticleController_RemoveAllIntensityKeys,swig,ExplodeParticleController,,RemoveAllIntensityKeys,direct,PointParticleController|EmitterController|EffectController,c_symbol
0x0061e0f0,swig_ExplodeParticleController_SetSceneRoot,swig,ExplodeParticleController,,SetSceneRoot,direct,PointParticleController|EmitterController|EffectController,c_symbol
0x0061e1b0,swig_DebrisParticleController_Create,swig,DebrisParticleController,DebrisParticleController,Create,swig_helper,PointParticleController|EmitterController|EffectController,swig_helper_synth
0x0061e270,swig_AnimTSParticleController_Create,swig,AnimTSParticleController,AnimTSParticleController,Create,swig_helper,EmitterController|EffectController,swig_helper_synth
0x0061e300,swig_AnimTSParticleController_SetDrawOldToNew,swig,AnimTSParticleController,,SetDrawOldToNew,direct,EmitterController|EffectController,c_symbol
0x0061e380,swig_EffectAction_Create,swig,EffectAction,EffectAction,Create,swig_helper,TGTimedAction|TGAction|TGObject,swig_helper_synth
0x0061e3f0,swig_delete_BridgeEffectAction,swig,BridgeEffectAction,BridgeEffectAction,delete,swig_dtor,EffectAction|TGTimedAction|TGAction|TGObject,swig_ctor_dtor
0x0061e460,swig_BridgeEffectAction_Create,swig,BridgeEffectAction,BridgeEffectAction,Create,swig_helper,EffectAction|TGTimedAction|TGAction|TGObject,swig_helper_synth
0x0061e590,swig_BridgeEffectAction_CreateSparks,swig,BridgeEffectAction,,CreateSparks,direct_unmatched,EffectAction|TGTimedAction|TGAction|TGObject,class_prefix
0x0061e6c0,swig_BridgeEffectAction_CreateSmoke,swig,BridgeEffectAction,,CreateSmoke,direct_unmatched,EffectAction|TGTimedAction|TGAction|TGObject,class_prefix
0x0061e7f0,swig_BridgeEffectAction_CreateExplosion,swig,BridgeEffectAction,,CreateExplosion,direct_unmatched,EffectAction|TGTimedAction|TGAction|TGObject,class_prefix
0x0061e920,swig_BridgeEffectAction_CreateDebris,swig,BridgeEffectAction,,CreateDebris,direct_unmatched,EffectAction|TGTimedAction|TGAction|TGObject,class_prefix
0x0061ea50,swig_BridgeEffectAction_GetController,swig,,BridgeEffectAction,GetController,python_wrapper,,python_class_method
0x0061eac0,swig_BridgeEffectAction_GetSparkController,swig,,BridgeEffectAction,GetSparkController,python_wrapper,,python_class_method
0x0061eb30,swig_BridgeEffectAction_GetExplosionController,swig,,BridgeEffectAction,GetExplosionController,python_wrapper,,python_class_method
0x0061eba0,swig_BridgeEffectAction_GetHardpointName,swig,BridgeEffectAction,,GetHardpointName,direct,EffectAction|TGTimedAction|TGAction|TGObject,c_symbol
0x0061ec10,swig_WarpSet_Create,swig,WarpSet,WarpSet,Create,swig_helper,SetClass|TGEventHandlerObject|TGTemplatedAttrObject|TGAttrObject|TGObject,swig_helper_synth
0x0061ec40,swig_WarpSet_Cast,swig,WarpSet,WarpSet,Cast,swig_helper,SetClass|TGEventHandlerObject|TGTemplatedAttrObject|TGAttrObject|TGObject,swig_helper_synth
0x0061ecb0,swig_WarpSet_GetNumTrails,swig,WarpSet,,GetNumTrails,direct,SetClass|TGEventHandlerObject|TGTemplatedAttrObject|TGAttrObject|TGObject,c_symbol
0x0061ed10,swig_WarpSet_SetNumTrails,swig,WarpSet,,SetNumTrails,direct,SetClass|TGEventHandlerObject|TGTemplatedAttrObject|TGAttrObject|TGObject,c_symbol
0x0061eda0,swig_WarpSet_SetForceUpdate,swig,WarpSet,,SetForceUpdate,direct,SetClass|TGEventHandlerObject|TGTemplatedAttrObject|TGAttrObject|TGObject,c_symbol
0x0061ee20,swig_delete_WarpSet,swig,WarpSet,WarpSet,delete,swig_dtor,SetClass|TGEventHandlerObject|TGTemplatedAttrObject|TGAttrObject|TGObject,swig_ctor_dtor
0x0061ee90,swig_new_WarpSequence,swig,WarpSequence,WarpSequence,new,swig_ctor,TGSequence|TGAction|TGObject,swig_ctor_dtor
0x0061efc0,swig_delete_WarpSequence,swig,WarpSequence,WarpSequence,delete,swig_dtor,TGSequence|TGAction|TGObject,swig_ctor_dtor
0x0061f030,swig_WarpSequence_Create,swig,WarpSequence,WarpSequence,Create,swig_helper,TGSequence|TGAction|TGObject,swig_helper_synth
0x0061f130,swig_WarpSequence_Cast,swig,WarpSequence,WarpSequence,Cast,swig_helper,TGSequence|TGAction|TGObject,swig_helper_synth
0x0061f1a0,swig_WarpSequence_Skip,swig,WarpSequence,,Skip,direct,TGSequence|TGAction|TGObject,c_symbol
0x0061f210,swig_WarpSequence_AddActionBeforeWarp,swig,WarpSequence,,AddActionBeforeWarp,direct,TGSequence|TGAction|TGObject,c_symbol
0x0061f2c0,swig_WarpSequence_AddActionDuringWarp,swig,WarpSequence,,AddActionDuringWarp,direct,TGSequence|TGAction|TGObject,c_symbol
0x0061f370,swig_WarpSequence_AddActionPostDuringWarp,swig,WarpSequence,,AddActionPostDuringWarp,direct,TGSequence|TGAction|TGObject,c_symbol
0x0061f420,swig_WarpSequence_AddActionAfterWarp,swig,WarpSequence,,AddActionAfterWarp,direct,TGSequence|TGAction|TGObject,c_symbol
0x0061f4d0,swig_WarpSequence_GetShip,swig,,WarpSequence,GetShip,python_wrapper,,python_class_method
0x0061f540,swig_WarpSequence_GetOrigin,swig,,WarpSequence,GetOrigin,python_wrapper,,python_class_method
0x0061f5b0,swig_WarpSequence_GetDestination,swig,WarpSequence,,GetDestination,direct,TGSequence|TGAction|TGObject,c_symbol
0x0061f620,swig_WarpSequence_GetDestinationSet,swig,,WarpSequence,GetDestinationSet,python_wrapper,,python_class_method
0x0061f690,swig_WarpSequence_GetWarpSet,swig,WarpSequence,,GetWarpSet,direct_unmatched,TGSequence|TGAction|TGObject,class_prefix
0x0061f6c0,swig_WarpSequence_GetTimeToWarp,swig,WarpSequence,,GetTimeToWarp,direct,TGSequence|TGAction|TGObject,c_symbol
0x0061f730,swig_WarpSequence_GetPlacementName,swig,WarpSequence,,GetPlacementName,direct,TGSequence|TGAction|TGObject,c_symbol
0x0061f7a0,swig_WarpSequence_GetDestinationMission,swig,WarpSequence,,GetDestinationMission,direct,TGSequence|TGAction|TGObject,c_symbol
0x0061f810,swig_WarpSequence_GetDestinationEpisode,swig,WarpSequence,,GetDestinationEpisode,direct,TGSequence|TGAction|TGObject,c_symbol
0x0061f880,swig_WarpSequence_SetExitPoint,swig,WarpSequence,,SetExitPoint,direct,TGSequence|TGAction|TGObject,c_symbol
0x0061f930,swig_WarpSequence_GetExitPoint,swig,,WarpSequence,GetExitPoint,python_wrapper,,python_class_method
0x0061f9f0,swig_WarpSequence_SetPlacement,swig,WarpSequence,,SetPlacement,direct,TGSequence|TGAction|TGObject,c_symbol
0x0061fab0,swig_WarpSequence_GetWarpSequencePiece,swig,,WarpSequence,GetWarpSequencePiece,python_wrapper,,python_class_method
0x0061fb30,swig_WarpSequence_SetEventDestination,swig,WarpSequence,,SetEventDestination,direct,TGSequence|TGAction|TGObject,c_symbol
0x0061fbd0,swig_WarpFlash_Create,swig,WarpFlash,WarpFlash,Create,swig_helper,ObjectClass|BaseObjectClass|TGEventHandlerObject|TGTemplatedAttrObject|TGAttrObject|TGObject,swig_helper_synth
0x0061fc80,swig_WarpFlash_CreateWithoutShip,swig,WarpFlash,,CreateWithoutShip,direct_unmatched,ObjectClass|BaseObjectClass|TGEventHandlerObject|TGTemplatedAttrObject|TGAttrObject|TGObject,class_prefix
0x0061fdc0,swig_delete_WarpFlash,swig,WarpFlash,WarpFlash,delete,swig_dtor,ObjectClass|BaseObjectClass|TGEventHandlerObject|TGTemplatedAttrObject|TGAttrObject|TGObject,swig_ctor_dtor
0x0061fe30,swig_LensFlare_Create,swig,LensFlare,LensFlare,Create,swig_helper,,swig_helper_synth
0x0061fea0,swig_LensFlare_SetSource,swig,LensFlare,,SetSource,direct,,c_symbol
0x0061ff50,swig_LensFlare_AddFlare,swig,LensFlare,,AddFlare,direct,,c_symbol
0x00620050,swig_LensFlare_Build,swig,LensFlare,,Build,direct,,c_symbol
0x006200c0,swig_ExplosionPlumeController_Create,swig,ExplosionPlumeController,ExplosionPlumeController,Create,swig_helper,AnimTSParticleController|EmitterController|EffectController,swig_helper_synth
0x00620150,swig_ExplosionPlumeController_SetEmitterVelocity,swig,ExplosionPlumeController,,SetEmitterVelocity,direct,AnimTSParticleController|EmitterController|EffectController,c_symbol
0x00620200,swig_ExplosionPlumeController_SetUpRandomVelocity,swig,ExplosionPlumeController,,SetUpRandomVelocity,direct,AnimTSParticleController|EmitterController|EffectController,c_symbol
0x006202a0,swig_SunEffect_Create,swig,SunEffect,SunEffect,Create,swig_helper,,swig_helper_synth
0x00620390,swig_TextureAnimTrack_SetFrame,swig,TextureAnimTrack,,SetFrame,direct,,c_symbol
0x00620450,swig_TextureAnimContainer_AddTextureTrack,swig,,TextureAnimContainer,AddTextureTrack,python_wrapper,,python_class_method
0x00620690,swig_TextureAnimManager_AddContainer,swig,,TextureAnimManager,AddContainer,python_wrapper,,python_class_method
0x00620820,swig_InterfaceModule_PlayClickSound,swig,InterfaceModule,,PlayClickSound,direct,,c_symbol
0x00620890,swig_InterfaceModule_Mute,swig,InterfaceModule,,Mute,direct,,c_symbol
0x00620900,swig_InterfaceModule_UnMute,swig,InterfaceModule,,UnMute,direct,,c_symbol
0x00620970,swig_InterfaceModule_IsUIElement,swig,InterfaceModule,,IsUIElement,direct_unmatched,,class_prefix
0x006209f0,swig_InterfaceModule_HasUIElement,swig,InterfaceModule,,HasUIElement,direct_unmatched,,class_prefix
0x00620a70,swig_InterfaceModule_GetFirstUIElement,swig,InterfaceModule,,GetFirstUIElement,direct_unmatched,,class_prefix
0x00620af0,swig_InterfaceModule_GetLastUIElement,swig,InterfaceModule,,GetLastUIElement,direct_unmatched,,class_prefix
0x00620b70,swig_InterfaceModule_GetPrevUIElement,swig,InterfaceModule,,GetPrevUIElement,direct_unmatched,,class_prefix
0x00620bf0,swig_InterfaceModule_GetNextUIElement,swig,InterfaceModule,,GetNextUIElement,direct_unmatched,,class_prefix
0x00620c70,swig_InterfaceModule_ForceFocusOnObject,swig,InterfaceModule,,ForceFocusOnObject,direct_unmatched,,class_prefix
0x00620ce0,swig_InterfaceModule_SwitchFonts,swig,InterfaceModule,,SwitchFonts,direct_unmatched,,class_prefix
0x00620d90,swig_InterfaceModule_DoTheRightThing,swig,InterfaceModule,,DoTheRightThing,direct_unmatched,,class_prefix
0x00620dc0,swig_new_TopWindow,swig,TopWindow,TopWindow,new,swig_ctor,TGPane|TGUIObject|TGEventHandlerObject|TGTemplatedAttrObject|TGAttrObject|TGObject,swig_ctor_dtor
0x00620e30,swig_TopWindow_GetTopWindow,swig,TopWindow,,GetTopWindow,direct_unmatched,TGPane|TGUIObject|TGEventHandlerObject|TGTemplatedAttrObject|TGAttrObject|TGObject,class_prefix
0x00620e60,swig_TopWindow_FindMainWindow,swig,,TopWindow,FindMainWindow,python_wrapper,,python_class_method
0x00620ee0,swig_TopWindow_SetEditMode,swig,TopWindow,,SetEditMode,direct,TGPane|TGUIObject|TGEventHandlerObject|TGTemplatedAttrObject|TGAttrObject|TGObject,c_symbol
0x00620f60,swig_TopWindow_IsEditModeEnabled,swig,TopWindow,,IsEditModeEnabled,direct,TGPane|TGUIObject|TGEventHandlerObject|TGTemplatedAttrObject|TGAttrObject|TGObject,c_symbol
0x00620fe0,swig_TopWindow_ToggleEditMode,swig,TopWindow,,ToggleEditMode,direct,TGPane|TGUIObject|TGEventHandlerObject|TGTemplatedAttrObject|TGAttrObject|TGObject,c_symbol
0x00621050,swig_TopWindow_ToggleOptionsMenu,swig,TopWindow,,ToggleOptionsMenu,direct,TGPane|TGUIObject|TGEventHandlerObject|TGTemplatedAttrObject|TGAttrObject|TGObject,c_symbol
0x006210c0,swig_TopWindow_ToggleConsole,swig,TopWindow,,ToggleConsole,direct,TGPane|TGUIObject|TGEventHandlerObject|TGTemplatedAttrObject|TGAttrObject|TGObject,c_symbol
0x00621130,swig_TopWindow_ToggleMapWindow,swig,TopWindow,,ToggleMapWindow,direct,TGPane|TGUIObject|TGEventHandlerObject|TGTemplatedAttrObject|TGAttrObject|TGObject,c_symbol
0x006211a0,swig_TopWindow_ToggleCinematicWindow,swig,TopWindow,,ToggleCinematicWindow,direct,TGPane|TGUIObject|TGEventHandlerObject|TGTemplatedAttrObject|TGAttrObject|TGObject,c_symbol
0x00621210,swig_TopWindow_ToggleBridgeAndTactical,swig,TopWindow,,ToggleBridgeAndTactical,direct,TGPane|TGUIObject|TGEventHandlerObject|TGTemplatedAttrObject|TGAttrObject|TGObject,c_symbol
0x00621280,swig_TopWindow_ForceBridgeVisible,swig,TopWindow,,ForceBridgeVisible,direct,TGPane|TGUIObject|TGEventHandlerObject|TGTemplatedAttrObject|TGAttrObject|TGObject,c_symbol
0x006212f0,swig_TopWindow_ForceTacticalVisible,swig,TopWindow,,ForceTacticalVisible,direct,TGPane|TGUIObject|TGEventHandlerObject|TGTemplatedAttrObject|TGAttrObject|TGObject,c_symbol
0x00621360,swig_TopWindow_ToggleWireframe,swig,TopWindow,,ToggleWireframe,direct,TGPane|TGUIObject|TGEventHandlerObject|TGTemplatedAttrObject|TGAttrObject|TGObject,c_symbol
0x006213d0,swig_TopWindow_SetLastRenderedSet,swig,TopWindow,,SetLastRenderedSet,direct,TGPane|TGUIObject|TGEventHandlerObject|TGTemplatedAttrObject|TGAttrObject|TGObject,c_symbol
0x00621470,swig_TopWindow_GetLastRenderedSet,swig,,TopWindow,GetLastRenderedSet,python_wrapper,,python_class_method
0x006214e0,swig_TopWindow_ShowBadConnectionText,swig,TopWindow,,ShowBadConnectionText,direct,TGPane|TGUIObject|TGEventHandlerObject|TGTemplatedAttrObject|TGAttrObject|TGObject,c_symbol
0x00621560,swig_TopWindow_Initialize,swig,TopWindow,,Initialize,direct,TGPane|TGUIObject|TGEventHandlerObject|TGTemplatedAttrObject|TGAttrObject|TGObject,c_symbol
0x006215d0,swig_TopWindow_Update,swig,TopWindow,,Update,direct,TGPane|TGUIObject|TGEventHandlerObject|TGTemplatedAttrObject|TGAttrObject|TGObject,c_symbol
0x00621650,swig_TopWindow_AllowKeyboardInput,swig,TopWindow,,AllowKeyboardInput,direct,TGPane|TGUIObject|TGEventHandlerObject|TGTemplatedAttrObject|TGAttrObject|TGObject,c_symbol
0x006216e0,swig_TopWindow_IsKeyboardInputAllowed,swig,TopWindow,,IsKeyboardInputAllowed,direct,TGPane|TGUIObject|TGEventHandlerObject|TGTemplatedAttrObject|TGAttrObject|TGObject,c_symbol
0x00621760,swig_TopWindow_AllowMouseInput,swig,TopWindow,,AllowMouseInput,direct,TGPane|TGUIObject|TGEventHandlerObject|TGTemplatedAttrObject|TGAttrObject|TGObject,c_symbol
0x006217f0,swig_TopWindow_IsMouseInputAllowed,swig,TopWindow,,IsMouseInputAllowed,direct,TGPane|TGUIObject|TGEventHandlerObject|TGTemplatedAttrObject|TGAttrObject|TGObject,c_symbol
0x00621870,swig_TopWindow_StartCutscene,swig,TopWindow,,StartCutscene,direct,TGPane|TGUIObject|TGEventHandlerObject|TGTemplatedAttrObject|TGAttrObject|TGObject,c_symbol
0x00621930,swig_TopWindow_EndCutscene,swig,TopWindow,,EndCutscene,direct,TGPane|TGUIObject|TGEventHandlerObject|TGTemplatedAttrObject|TGAttrObject|TGObject,c_symbol
0x006219c0,swig_TopWindow_AbortCutscene,swig,TopWindow,,AbortCutscene,direct,TGPane|TGUIObject|TGEventHandlerObject|TGTemplatedAttrObject|TGAttrObject|TGObject,c_symbol
0x00621a30,swig_TopWindow_IsCutsceneMode,swig,TopWindow,,IsCutsceneMode,direct,TGPane|TGUIObject|TGEventHandlerObject|TGTemplatedAttrObject|TGAttrObject|TGObject,c_symbol
0x00621ab0,swig_TopWindow_FadeOut,swig,TopWindow,,FadeOut,direct,TGPane|TGUIObject|TGEventHandlerObject|TGTemplatedAttrObject|TGAttrObject|TGObject,c_symbol
0x00621b30,swig_TopWindow_FadeIn,swig,TopWindow,,FadeIn,direct,TGPane|TGUIObject|TGEventHandlerObject|TGTemplatedAttrObject|TGAttrObject|TGObject,c_symbol
0x00621bb0,swig_TopWindow_AbortFade,swig,TopWindow,,AbortFade,direct,TGPane|TGUIObject|TGEventHandlerObject|TGTemplatedAttrObject|TGAttrObject|TGObject,c_symbol
0x00621c20,swig_TopWindow_IsFading,swig,TopWindow,,IsFading,direct,TGPane|TGUIObject|TGEventHandlerObject|TGTemplatedAttrObject|TGAttrObject|TGObject,c_symbol
0x00621ca0,swig_TopWindow_IsBridgeVisible,swig,TopWindow,,IsBridgeVisible,direct,TGPane|TGUIObject|TGEventHandlerObject|TGTemplatedAttrObject|TGAttrObject|TGObject,c_symbol
0x00621d20,swig_TopWindow_IsTacticalVisible,swig,TopWindow,,IsTacticalVisible,direct,TGPane|TGUIObject|TGEventHandlerObject|TGTemplatedAttrObject|TGAttrObject|TGObject,c_symbol
0x00621da0,swig_TopWindow_DisableOptionsMenu,swig,TopWindow,,DisableOptionsMenu,direct,TGPane|TGUIObject|TGEventHandlerObject|TGTemplatedAttrObject|TGAttrObject|TGObject,c_symbol
0x00621e20,swig_delete_TopWindow,swig,TopWindow,TopWindow,delete,swig_dtor,TGPane|TGUIObject|TGEventHandlerObject|TGTemplatedAttrObject|TGAttrObject|TGObject,swig_ctor_dtor
0x00621e90,swig_new_MainWindow,swig,MainWindow,MainWindow,new,swig_ctor,TGPane|TGUIObject|TGEventHandlerObject|TGTemplatedAttrObject|TGAttrObject|TGObject,swig_ctor_dtor
0x00621f20,swig_MainWindow_GetType,swig,MainWindow,,GetType,direct,TGPane|TGUIObject|TGEventHandlerObject|TGTemplatedAttrObject|TGAttrObject|TGObject,c_symbol
0x00621f80,swig_MainWindow_ToggleVisibility,swig,MainWindow,,ToggleVisibility,direct,TGPane|TGUIObject|TGEventHandlerObject|TGTemplatedAttrObject|TGAttrObject|TGObject,c_symbol
0x00621ff0,swig_MainWindow_IsWindowActive,swig,MainWindow,,IsWindowActive,direct,TGPane|TGUIObject|TGEventHandlerObject|TGTemplatedAttrObject|TGAttrObject|TGObject,c_symbol
0x00622070,swig_MainWindow_Initialize,swig,MainWindow,,Initialize,direct,TGPane|TGUIObject|TGEventHandlerObject|TGTemplatedAttrObject|TGAttrObject|TGObject,c_symbol
0x006220e0,swig_MainWindow_Update,swig,MainWindow,,Update,direct,TGPane|TGUIObject|TGEventHandlerObject|TGTemplatedAttrObject|TGAttrObject|TGObject,c_symbol
0x00622160,swig_delete_MainWindow,swig,MainWindow,MainWindow,delete,swig_dtor,TGPane|TGUIObject|TGEventHandlerObject|TGTemplatedAttrObject|TGAttrObject|TGObject,swig_ctor_dtor
0x006221d0,swig_new_ConsoleWindow,swig,ConsoleWindow,ConsoleWindow,new,swig_ctor,MainWindow|TGPane|TGUIObject|TGEventHandlerObject|TGTemplatedAttrObject|TGAttrObject|TGObject,swig_ctor_dtor
0x00622230,swig_delete_ConsoleWindow,swig,ConsoleWindow,ConsoleWindow,delete,swig_dtor,MainWindow|TGPane|TGUIObject|TGEventHandlerObject|TGTemplatedAttrObject|TGAttrObject|TGObject,swig_ctor_dtor
0x006222a0,swig_new_OptionsWindow,swig,OptionsWindow,OptionsWindow,new,swig_ctor,MainWindow|TGPane|TGUIObject|TGEventHandlerObject|TGTemplatedAttrObject|TGAttrObject|TGObject,swig_ctor_dtor
0x00622380,swig_OptionsWindow_Cast,swig,OptionsWindow,OptionsWindow,Cast,swig_helper,MainWindow|TGPane|TGUIObject|TGEventHandlerObject|TGTemplatedAttrObject|TGAttrObject|TGObject,swig_helper_synth
0x006223f0,swig_OptionsWindow_AddToPreviouslyVisible,swig,OptionsWindow,,AddToPreviouslyVisible,direct,MainWindow|TGPane|TGUIObject|TGEventHandlerObject|TGTemplatedAttrObject|TGAttrObject|TGObject,c_symbol
0x00622490,swig_OptionsWindow_RemoveFromPreviouslyVisible,swig,OptionsWindow,,RemoveFromPreviouslyVisible,direct,MainWindow|TGPane|TGUIObject|TGEventHandlerObject|TGTemplatedAttrObject|TGAttrObject|TGObject,c_symbol
0x00622530,swig_OptionsWindow_SetHasFocusObject,swig,OptionsWindow,,SetHasFocusObject,direct,MainWindow|TGPane|TGUIObject|TGEventHandlerObject|TGTemplatedAttrObject|TGAttrObject|TGObject,c_symbol
0x006225d0,swig_OptionsWindow_RemoveAllPreviouslyVisible,swig,OptionsWindow,,RemoveAllPreviouslyVisible,direct,MainWindow|TGPane|TGUIObject|TGEventHandlerObject|TGTemplatedAttrObject|TGAttrObject|TGObject,c_symbol
0x00622640,swig_delete_OptionsWindow,swig,OptionsWindow,OptionsWindow,delete,swig_dtor,MainWindow|TGPane|TGUIObject|TGEventHandlerObject|TGTemplatedAttrObject|TGAttrObject|TGObject,swig_ctor_dtor
0x006226b0,swig_new_BridgeWindow,swig,BridgeWindow,BridgeWindow,new,swig_ctor,MainWindow|TGPane|TGUIObject|TGEventHandlerObject|TGTemplatedAttrObject|TGAttrObject|TGObject,swig_ctor_dtor
0x00622710,swig_BridgeWindow_Cast,swig,BridgeWindow,BridgeWindow,Cast,swig_helper,MainWindow|TGPane|TGUIObject|TGEventHandlerObject|TGTemplatedAttrObject|TGAttrObject|TGObject,swig_helper_synth
0x00622780,swig_delete_BridgeWindow,swig,BridgeWindow,BridgeWindow,delete,swig_dtor,MainWindow|TGPane|TGUIObject|TGEventHandlerObject|TGTemplatedAttrObject|TGAttrObject|TGObject,swig_ctor_dtor
0x006227f0,swig_new_TacticalWindow,swig,TacticalWindow,TacticalWindow,new,swig_ctor,MainWindow|TGPane|TGUIObject|TGEventHandlerObject|TGTemplatedAttrObject|TGAttrObject|TGObject,swig_ctor_dtor
0x00622850,swig_TacticalWindow_Cast,swig,TacticalWindow,TacticalWindow,Cast,swig_helper,MainWindow|TGPane|TGUIObject|TGEventHandlerObject|TGTemplatedAttrObject|TGAttrObject|TGObject,swig_helper_synth
0x006228c0,swig_TacticalWindow_SpaceCameraRotation,swig,TacticalWindow,,SpaceCameraRotation,direct_unmatched,MainWindow|TGPane|TGUIObject|TGEventHandlerObject|TGTemplatedAttrObject|TGAttrObject|TGObject,class_prefix
0x006228f0,swig_delete_TacticalWindow,swig,TacticalWindow,TacticalWindow,delete,swig_dtor,MainWindow|TGPane|TGUIObject|TGEventHandlerObject|TGTemplatedAttrObject|TGAttrObject|TGObject,swig_ctor_dtor
0x00622960,swig_new_TacticalControlWindow,swig,TacticalControlWindow,TacticalControlWindow,new,swig_ctor,TGPane|TGUIObject|TGEventHandlerObject|TGTemplatedAttrObject|TGAttrObject|TGObject,swig_ctor_dtor
0x006229d0,swig_delete_TacticalControlWindow,swig,TacticalControlWindow,TacticalControlWindow,delete,swig_dtor,TGPane|TGUIObject|TGEventHandlerObject|TGTemplatedAttrObject|TGAttrObject|TGObject,swig_ctor_dtor
0x00622a40,swig_TacticalControlWindow_Create,swig,TacticalControlWindow,TacticalControlWindow,Create,swig_helper,TGPane|TGUIObject|TGEventHandlerObject|TGTemplatedAttrObject|TGAttrObject|TGObject,swig_helper_synth
0x00622ab0,swig_TacticalControlWindow_Cast,swig,TacticalControlWindow,TacticalControlWindow,Cast,swig_helper,TGPane|TGUIObject|TGEventHandlerObject|TGTemplatedAttrObject|TGAttrObject|TGObject,swig_helper_synth
0x00622b20,swig_TacticalControlWindow_SetShipDisplay,swig,TacticalControlWindow,,SetShipDisplay,direct,TGPane|TGUIObject|TGEventHandlerObject|TGTemplatedAttrObject|TGAttrObject|TGObject,c_symbol
0x00622bc0,swig_TacticalControlWindow_SetEnemyShipDisplay,swig,TacticalControlWindow,,SetEnemyShipDisplay,direct,TGPane|TGUIObject|TGEventHandlerObject|TGTemplatedAttrObject|TGAttrObject|TGObject,c_symbol
0x00622c60,swig_TacticalControlWindow_SetWeaponsDisplay,swig,TacticalControlWindow,,SetWeaponsDisplay,direct,TGPane|TGUIObject|TGEventHandlerObject|TGTemplatedAttrObject|TGAttrObject|TGObject,c_symbol
0x00622d00,swig_TacticalControlWindow_SetWeaponsControl,swig,TacticalControlWindow,,SetWeaponsControl,direct,TGPane|TGUIObject|TGEventHandlerObject|TGTemplatedAttrObject|TGAttrObject|TGObject,c_symbol
0x00622da0,swig_TacticalControlWindow_SetTargetMenu,swig,TacticalControlWindow,,SetTargetMenu,direct,TGPane|TGUIObject|TGEventHandlerObject|TGTemplatedAttrObject|TGAttrObject|TGObject,c_symbol
0x00622e40,swig_TacticalControlWindow_SetRadarDisplay,swig,TacticalControlWindow,,SetRadarDisplay,direct,TGPane|TGUIObject|TGEventHandlerObject|TGTemplatedAttrObject|TGAttrObject|TGObject,c_symbol
0x00622ee0,swig_TacticalControlWindow_SetRadarToggle,swig,TacticalControlWindow,,SetRadarToggle,direct,TGPane|TGUIObject|TGEventHandlerObject|TGTemplatedAttrObject|TGAttrObject|TGObject,c_symbol
0x00622f80,swig_TacticalControlWindow_SetTacticalMenu,swig,TacticalControlWindow,,SetTacticalMenu,direct,TGPane|TGUIObject|TGEventHandlerObject|TGTemplatedAttrObject|TGAttrObject|TGObject,c_symbol
0x00623020,swig_TacticalControlWindow_GetWeaponsControl,swig,,TacticalControlWindow,GetWeaponsControl,python_wrapper,,python_class_method
0x00623090,swig_TacticalControlWindow_GetTacticalMenu,swig,,TacticalControlWindow,GetTacticalMenu,python_wrapper,,python_class_method
0x00623100,swig_TacticalControlWindow_GetShipDisplay,swig,,TacticalControlWindow,GetShipDisplay,python_wrapper,,python_class_method
0x00623170,swig_TacticalControlWindow_GetEnemyShipDisplay,swig,,TacticalControlWindow,GetEnemyShipDisplay,python_wrapper,,python_class_method
0x006231e0,swig_TacticalControlWindow_GetWeaponsDisplay,swig,,TacticalControlWindow,GetWeaponsDisplay,python_wrapper,,python_class_method
0x00623250,swig_TacticalControlWindow_GetTargetMenu,swig,,TacticalControlWindow,GetTargetMenu,python_wrapper,,python_class_method
0x006232c0,swig_TacticalControlWindow_GetRadarDisplay,swig,,TacticalControlWindow,GetRadarDisplay,python_wrapper,,python_class_method
0x00623330,swig_TacticalControlWindow_GetRadarToggle,swig,,TacticalControlWindow,GetRadarToggle,python_wrapper,,python_class_method
0x006233a0,swig_TacticalControlWindow_GetTacticalControlWindow,swig,TacticalControlWindow,,GetTacticalControlWindow,direct_unmatched,TGPane|TGUIObject|TGEventHandlerObject|TGTemplatedAttrObject|TGAttrObject|TGObject,class_prefix
0x006233d0,swig_TacticalControlWindow_SetMousePickFire,swig,TacticalControlWindow,,SetMousePickFire,direct,TGPane|TGUIObject|TGEventHandlerObject|TGTemplatedAttrObject|TGAttrObject|TGObject,c_symbol
0x00623450,swig_TacticalControlWindow_GetMousePickFire,swig,TacticalControlWindow,,GetMousePickFire,direct,TGPane|TGUIObject|TGEventHandlerObject|TGTemplatedAttrObject|TGAttrObject|TGObject,c_symbol
0x006234d0,swig_TacticalControlWindow_FindMenu,swig,,TacticalControlWindow,FindMenu,python_wrapper,,python_class_method
0x00623570,swig_TacticalControlWindow_GetMenuParentPane,swig,,TacticalControlWindow,GetMenuParentPane,python_wrapper,,python_class_method
0x00623610,swig_TacticalControlWindow_GetOpenMenu,swig,,TacticalControlWindow,GetOpenMenu,python_wrapper,,python_class_method
0x00623680,swig_TacticalControlWindow_AddMenuToList,swig,TacticalControlWindow,,AddMenuToList,direct,TGPane|TGUIObject|TGEventHandlerObject|TGTemplatedAttrObject|TGAttrObject|TGObject,c_symbol
0x00623720,swig_TacticalControlWindow_IgnoreNextMouseKeyEvent,swig,TacticalControlWindow,,IgnoreNextMouseKeyEvent,direct,TGPane|TGUIObject|TGEventHandlerObject|TGTemplatedAttrObject|TGAttrObject|TGObject,c_symbol
0x006237a0,swig_TacticalControlWindow_SetIgnoreNextMouseKeyEvent,swig,TacticalControlWindow,,SetIgnoreNextMouseKeyEvent,direct,TGPane|TGUIObject|TGEventHandlerObject|TGTemplatedAttrObject|TGAttrObject|TGObject,c_symbol
0x00623820,swig_MapWindow_Cast,swig,MapWindow,MapWindow,Cast,swig_helper,MainWindow|TGPane|TGUIObject|TGEventHandlerObject|TGTemplatedAttrObject|TGAttrObject|TGObject,swig_helper_synth
0x00623890,swig_MapWindow_UpdatePlayerOrientationGraphics,swig,MapWindow,,UpdatePlayerOrientationGraphics,direct,MainWindow|TGPane|TGUIObject|TGEventHandlerObject|TGTemplatedAttrObject|TGAttrObject|TGObject,c_symbol
0x00623900,swig_MapWindow_RemovePlayerOrientationGraphics,swig,MapWindow,,RemovePlayerOrientationGraphics,direct,MainWindow|TGPane|TGUIObject|TGEventHandlerObject|TGTemplatedAttrObject|TGAttrObject|TGObject,c_symbol
0x00623970,swig_delete_MapWindow,swig,MapWindow,MapWindow,delete,swig_dtor,MainWindow|TGPane|TGUIObject|TGEventHandlerObject|TGTemplatedAttrObject|TGAttrObject|TGObject,swig_ctor_dtor
0x006239e0,swig_ModalDialogWindow_Cast,swig,ModalDialogWindow,ModalDialogWindow,Cast,swig_helper,MainWindow|TGPane|TGUIObject|TGEventHandlerObject|TGTemplatedAttrObject|TGAttrObject|TGObject,swig_helper_synth
0x00623a50,swig_ModalDialogWindow_Run,swig,ModalDialogWindow,,Run,direct,MainWindow|TGPane|TGUIObject|TGEventHandlerObject|TGTemplatedAttrObject|TGAttrObject|TGObject,c_symbol
0x00623c00,swig_ModalDialogWindow_SetAsKeyboardConfig,swig,ModalDialogWindow,,SetAsKeyboardConfig,direct,MainWindow|TGPane|TGUIObject|TGEventHandlerObject|TGTemplatedAttrObject|TGAttrObject|TGObject,c_symbol
0x00623c80,swig_ModalDialogWindow_Cancel,swig,ModalDialogWindow,,Cancel,direct,MainWindow|TGPane|TGUIObject|TGEventHandlerObject|TGTemplatedAttrObject|TGAttrObject|TGObject,c_symbol
0x00623cf0,swig_delete_ModalDialogWindow,swig,ModalDialogWindow,ModalDialogWindow,delete,swig_dtor,MainWindow|TGPane|TGUIObject|TGEventHandlerObject|TGTemplatedAttrObject|TGAttrObject|TGObject,swig_ctor_dtor
0x00623d60,swig_CinematicWindow_Cast,swig,CinematicWindow,CinematicWindow,Cast,swig_helper,MainWindow|TGPane|TGUIObject|TGEventHandlerObject|TGTemplatedAttrObject|TGAttrObject|TGObject,swig_helper_synth
0x00623dc0,swig_CinematicWindow_IsInteractive,swig,CinematicWindow,,IsInteractive,direct,MainWindow|TGPane|TGUIObject|TGEventHandlerObject|TGTemplatedAttrObject|TGAttrObject|TGObject,c_symbol
0x00623e40,swig_CinematicWindow_SetInteractive,swig,CinematicWindow,,SetInteractive,direct,MainWindow|TGPane|TGUIObject|TGEventHandlerObject|TGTemplatedAttrObject|TGAttrObject|TGObject,c_symbol
0x00623ec0,swig_delete_CinematicWindow,swig,CinematicWindow,CinematicWindow,delete,swig_dtor,MainWindow|TGPane|TGUIObject|TGEventHandlerObject|TGTemplatedAttrObject|TGAttrObject|TGObject,swig_ctor_dtor
0x00623f30,swig_SubtitleWindow_Create,swig,SubtitleWindow,SubtitleWindow,Create,swig_helper,MainWindow|TGPane|TGUIObject|TGEventHandlerObject|TGTemplatedAttrObject|TGAttrObject|TGObject,swig_helper_synth
0x00623fa0,swig_SubtitleWindow_Cast,swig,SubtitleWindow,SubtitleWindow,Cast,swig_helper,MainWindow|TGPane|TGUIObject|TGEventHandlerObject|TGTemplatedAttrObject|TGAttrObject|TGObject,swig_helper_synth
0x00624010,swig_SubtitleWindow_SetPositionForMode,swig,SubtitleWindow,,SetPositionForMode,direct,MainWindow|TGPane|TGUIObject|TGEventHandlerObject|TGTemplatedAttrObject|TGAttrObject|TGObject,c_symbol
0x006240a0,swig_SubtitleWindow_SetOn,swig,SubtitleWindow,,SetOn,direct,MainWindow|TGPane|TGUIObject|TGEventHandlerObject|TGTemplatedAttrObject|TGAttrObject|TGObject,c_symbol
0x00624110,swig_SubtitleWindow_SetOff,swig,SubtitleWindow,,SetOff,direct,MainWindow|TGPane|TGUIObject|TGEventHandlerObject|TGTemplatedAttrObject|TGAttrObject|TGObject,c_symbol
0x00624180,swig_SubtitleWindow_IsOn,swig,SubtitleWindow,,IsOn,direct,MainWindow|TGPane|TGUIObject|TGEventHandlerObject|TGTemplatedAttrObject|TGAttrObject|TGObject,c_symbol
0x00624200,swig_delete_SubtitleWindow,swig,SubtitleWindow,SubtitleWindow,delete,swig_dtor,MainWindow|TGPane|TGUIObject|TGEventHandlerObject|TGTemplatedAttrObject|TGAttrObject|TGObject,swig_ctor_dtor
0x00624270,swig_SubtitleAction_Create,swig,SubtitleAction,SubtitleAction,Create,swig_helper,TGTimedAction|TGAction|TGObject,swig_helper_synth
0x00624370,swig_SubtitleAction_CreateC,swig,SubtitleAction,,CreateC,direct_unmatched,TGTimedAction|TGAction|TGObject,class_prefix
0x00624440,swig_STStylizedWindow_CreateW,swig,STStylizedWindow,STStylizedWindow,CreateW,swig_helper,TGWindow|TGPane|TGUIObject|TGEventHandlerObject|TGTemplatedAttrObject|TGAttrObject|TGObject,swig_helper_synth
0x00624670,swig_STStylizedWindow_Create,swig,STStylizedWindow,STStylizedWindow,Create,swig_helper,TGWindow|TGPane|TGUIObject|TGEventHandlerObject|TGTemplatedAttrObject|TGAttrObject|TGObject,swig_helper_synth
0x006249b0,swig_STStylizedWindow_Cast,swig,STStylizedWindow,STStylizedWindow,Cast,swig_helper,TGWindow|TGPane|TGUIObject|TGEventHandlerObject|TGTemplatedAttrObject|TGAttrObject|TGObject,swig_helper_synth
0x00624a20,swig_STStylizedWindow_SetName,swig,STStylizedWindow,,SetName,direct,TGWindow|TGPane|TGUIObject|TGEventHandlerObject|TGTemplatedAttrObject|TGAttrObject|TGObject,c_symbol
0x00624ac0,swig_STStylizedWindow_GetName,swig,,STStylizedWindow,GetName,python_wrapper,,python_class_method
0x00624c80,swig_STStylizedWindow_GetNameParagraph,swig,,STStylizedWindow,GetNameParagraph,python_wrapper,,python_class_method
0x00624cf0,swig_STStylizedWindow_GetExteriorPane,swig,,STStylizedWindow,GetExteriorPane,python_wrapper,,python_class_method
0x00624d60,swig_STStylizedWindow_GetInteriorPane,swig,,STStylizedWindow,GetInteriorPane,python_wrapper,,python_class_method
0x00624de0,swig_STStylizedWindow_InteriorChangedSize,swig,STStylizedWindow,,InteriorChangedSize,direct,TGWindow|TGPane|TGUIObject|TGEventHandlerObject|TGTemplatedAttrObject|TGAttrObject|TGObject,c_symbol
0x00624e70,swig_STStylizedWindow_SetMinimized,swig,STStylizedWindow,,SetMinimized,direct,TGWindow|TGPane|TGUIObject|TGEventHandlerObject|TGTemplatedAttrObject|TGAttrObject|TGObject,c_symbol
0x00624f00,swig_STStylizedWindow_SetNotMinimized,swig,STStylizedWindow,,SetNotMinimized,direct,TGWindow|TGPane|TGUIObject|TGEventHandlerObject|TGTemplatedAttrObject|TGAttrObject|TGObject,c_symbol
0x00624f90,swig_STStylizedWindow_IsMinimized,swig,STStylizedWindow,,IsMinimized,direct,TGWindow|TGPane|TGUIObject|TGEventHandlerObject|TGTemplatedAttrObject|TGAttrObject|TGObject,c_symbol
0x00625010,swig_STStylizedWindow_SetMinimizable,swig,STStylizedWindow,,SetMinimizable,direct,TGWindow|TGPane|TGUIObject|TGEventHandlerObject|TGTemplatedAttrObject|TGAttrObject|TGObject,c_symbol
0x00625090,swig_STStylizedWindow_IsMinimizable,swig,STStylizedWindow,,IsMinimizable,direct,TGWindow|TGPane|TGUIObject|TGEventHandlerObject|TGTemplatedAttrObject|TGAttrObject|TGObject,c_symbol
0x00625110,swig_STStylizedWindow_SetFixedSize,swig,STStylizedWindow,,SetFixedSize,direct,TGWindow|TGPane|TGUIObject|TGEventHandlerObject|TGTemplatedAttrObject|TGAttrObject|TGObject,c_symbol
0x006251b0,swig_STStylizedWindow_IsFixedSize,swig,STStylizedWindow,,IsFixedSize,direct,TGWindow|TGPane|TGUIObject|TGEventHandlerObject|TGTemplatedAttrObject|TGAttrObject|TGObject,c_symbol
0x00625230,swig_STStylizedWindow_IsScrolling,swig,STStylizedWindow,,IsScrolling,direct,TGWindow|TGPane|TGUIObject|TGEventHandlerObject|TGTemplatedAttrObject|TGAttrObject|TGObject,c_symbol
0x00625290,swig_STStylizedWindow_IsUseScrolling,swig,STStylizedWindow,,IsUseScrolling,direct,TGWindow|TGPane|TGUIObject|TGEventHandlerObject|TGTemplatedAttrObject|TGAttrObject|TGObject,c_symbol
0x00625310,swig_STStylizedWindow_SetUseScrolling,swig,STStylizedWindow,,SetUseScrolling,direct,TGWindow|TGPane|TGUIObject|TGEventHandlerObject|TGTemplatedAttrObject|TGAttrObject|TGObject,c_symbol
0x00625390,swig_STStylizedWindow_SetUseFocusGlass,swig,STStylizedWindow,,SetUseFocusGlass,direct,TGWindow|TGPane|TGUIObject|TGEventHandlerObject|TGTemplatedAttrObject|TGAttrObject|TGObject,c_symbol
0x00625410,swig_STStylizedWindow_IsUseFocusGlass,swig,STStylizedWindow,,IsUseFocusGlass,direct,TGWindow|TGPane|TGUIObject|TGEventHandlerObject|TGTemplatedAttrObject|TGAttrObject|TGObject,c_symbol
0x00625490,swig_STStylizedWindow_SetTitleBarThickness,swig,STStylizedWindow,,SetTitleBarThickness,direct,TGWindow|TGPane|TGUIObject|TGEventHandlerObject|TGTemplatedAttrObject|TGAttrObject|TGObject,c_symbol
0x00625520,swig_STStylizedWindow_GetTitleBarThickness,swig,STStylizedWindow,,GetTitleBarThickness,direct,TGWindow|TGPane|TGUIObject|TGEventHandlerObject|TGTemplatedAttrObject|TGAttrObject|TGObject,c_symbol
0x00625590,swig_STStylizedWindow_SetMaximumSize,swig,STStylizedWindow,,SetMaximumSize,direct,TGWindow|TGPane|TGUIObject|TGEventHandlerObject|TGTemplatedAttrObject|TGAttrObject|TGObject,c_symbol
0x00625620,swig_STStylizedWindow_GetMaximumWidth,swig,STStylizedWindow,,GetMaximumWidth,direct,TGWindow|TGPane|TGUIObject|TGEventHandlerObject|TGTemplatedAttrObject|TGAttrObject|TGObject,c_symbol
0x006256a0,swig_STStylizedWindow_GetMaximumHeight,swig,STStylizedWindow,,GetMaximumHeight,direct,TGWindow|TGPane|TGUIObject|TGEventHandlerObject|TGTemplatedAttrObject|TGAttrObject|TGObject,c_symbol
0x00625720,swig_STStylizedWindow_GetBorderWidth,swig,STStylizedWindow,,GetBorderWidth,direct,TGWindow|TGPane|TGUIObject|TGEventHandlerObject|TGTemplatedAttrObject|TGAttrObject|TGObject,c_symbol
0x00625790,swig_STStylizedWindow_GetBorderHeight,swig,STStylizedWindow,,GetBorderHeight,direct,TGWindow|TGPane|TGUIObject|TGEventHandlerObject|TGTemplatedAttrObject|TGAttrObject|TGObject,c_symbol
0x00625800,swig_STStylizedWindow_GetMaximumInteriorWidth,swig,STStylizedWindow,,GetMaximumInteriorWidth,direct,TGWindow|TGPane|TGUIObject|TGEventHandlerObject|TGTemplatedAttrObject|TGAttrObject|TGObject,c_symbol
0x00625880,swig_STStylizedWindow_GetMaximumInteriorHeight,swig,STStylizedWindow,,GetMaximumInteriorHeight,direct,TGWindow|TGPane|TGUIObject|TGEventHandlerObject|TGTemplatedAttrObject|TGAttrObject|TGObject,c_symbol
0x00625900,swig_STStylizedWindow_SetScrollViewHeight,swig,STStylizedWindow,,SetScrollViewHeight,direct,TGWindow|TGPane|TGUIObject|TGEventHandlerObject|TGTemplatedAttrObject|TGAttrObject|TGObject,c_symbol
0x00625980,swig_STStylizedWindow_GetScrollViewHeight,swig,STStylizedWindow,,GetScrollViewHeight,direct,TGWindow|TGPane|TGUIObject|TGEventHandlerObject|TGTemplatedAttrObject|TGAttrObject|TGObject,c_symbol
0x006259f0,swig_STStylizedWindow_SetScrollSpeed,swig,STStylizedWindow,,SetScrollSpeed,direct,TGWindow|TGPane|TGUIObject|TGEventHandlerObject|TGTemplatedAttrObject|TGAttrObject|TGObject,c_symbol
0x00625a70,swig_STStylizedWindow_ScrollToTop,swig,STStylizedWindow,,ScrollToTop,direct,TGWindow|TGPane|TGUIObject|TGEventHandlerObject|TGTemplatedAttrObject|TGAttrObject|TGObject,c_symbol
0x00625ae0,swig_STStylizedWindow_ScrollToBottom,swig,STStylizedWindow,,ScrollToBottom,direct,TGWindow|TGPane|TGUIObject|TGEventHandlerObject|TGTemplatedAttrObject|TGAttrObject|TGObject,c_symbol
0x00625b50,swig_STStylizedWindow_Scroll,swig,STStylizedWindow,,Scroll,direct,TGWindow|TGPane|TGUIObject|TGEventHandlerObject|TGTemplatedAttrObject|TGAttrObject|TGObject,c_symbol
0x00625bd0,swig_STStylizedWindow_GetColor,swig,STStylizedWindow,,GetColor,direct,TGWindow|TGPane|TGUIObject|TGEventHandlerObject|TGTemplatedAttrObject|TGAttrObject|TGObject,c_symbol
0x00625c90,swig_STStylizedWindow_EnsureFocusIsVisible,swig,STStylizedWindow,,EnsureFocusIsVisible,direct,TGWindow|TGPane|TGUIObject|TGEventHandlerObject|TGTemplatedAttrObject|TGAttrObject|TGObject,c_symbol
0x00625d00,swig_delete_STStylizedWindow,swig,STStylizedWindow,STStylizedWindow,delete,swig_dtor,TGWindow|TGPane|TGUIObject|TGEventHandlerObject|TGTemplatedAttrObject|TGAttrObject|TGObject,swig_ctor_dtor
0x00625d70,swig_STMenu_Create,swig,STMenu,STMenu,Create,swig_helper,TGWindow|TGPane|TGUIObject|TGEventHandlerObject|TGTemplatedAttrObject|TGAttrObject|TGObject,swig_helper_synth
0x00625e80,swig_STMenu_CreateW,swig,STMenu,STMenu,CreateW,swig_helper,TGWindow|TGPane|TGUIObject|TGEventHandlerObject|TGTemplatedAttrObject|TGAttrObject|TGObject,swig_helper_synth
0x00625f70,swig_STMenu_CreateNull,swig,STMenu,STMenu,CreateNull,swig_helper,TGWindow|TGPane|TGUIObject|TGEventHandlerObject|TGTemplatedAttrObject|TGAttrObject|TGObject,swig_helper_synth
0x00625fa0,swig_delete_STMenu,swig,STMenu,STMenu,delete,swig_dtor,TGWindow|TGPane|TGUIObject|TGEventHandlerObject|TGTemplatedAttrObject|TGAttrObject|TGObject,swig_ctor_dtor
0x00626010,swig_STMenu_Cast,swig,STMenu,STMenu,Cast,swig_helper,TGWindow|TGPane|TGUIObject|TGEventHandlerObject|TGTemplatedAttrObject|TGAttrObject|TGObject,swig_helper_synth
0x00626080,swig_STMenu_GetActualHeight,swig,STMenu,,GetActualHeight,direct,TGWindow|TGPane|TGUIObject|TGEventHandlerObject|TGTemplatedAttrObject|TGAttrObject|TGObject,c_symbol
0x006260f0,swig_STMenu_GetTitleBarHeight,swig,STMenu,,GetTitleBarHeight,direct,TGWindow|TGPane|TGUIObject|TGEventHandlerObject|TGTemplatedAttrObject|TGAttrObject|TGObject,c_symbol
0x00626160,swig_STMenu_GetDesiredHeight,swig,STMenu,,GetDesiredHeight,direct,TGWindow|TGPane|TGUIObject|TGEventHandlerObject|TGTemplatedAttrObject|TGAttrObject|TGObject,c_symbol
0x006261d0,swig_STMenu_GetText,swig,,STMenu,GetText,python_wrapper,,python_class_method
0x00626250,swig_STMenu_GetSubmenu,swig,,STMenu,GetSubmenu,python_wrapper,,python_class_method
0x00626310,swig_STMenu_GetSubmenuW,swig,,STMenu,GetSubmenuW,python_wrapper,,python_class_method
0x006263b0,swig_STMenu_GetButton,swig,,STMenu,GetButton,python_wrapper,,python_class_method
0x00626470,swig_STMenu_GetButtonW,swig,,STMenu,GetButtonW,python_wrapper,,python_class_method
0x00626510,swig_STMenu_RemoveItem,swig,STMenu,,RemoveItem,direct,TGWindow|TGPane|TGUIObject|TGEventHandlerObject|TGTemplatedAttrObject|TGAttrObject|TGObject,c_symbol
0x006265d0,swig_STMenu_RemoveItemW,swig,STMenu,,RemoveItemW,direct,TGWindow|TGPane|TGUIObject|TGEventHandlerObject|TGTemplatedAttrObject|TGAttrObject|TGObject,c_symbol
0x00626670,swig_STMenu_UseFullTitleBar,swig,STMenu,,UseFullTitleBar,direct,TGWindow|TGPane|TGUIObject|TGEventHandlerObject|TGTemplatedAttrObject|TGAttrObject|TGObject,c_symbol
0x00626700,swig_STMenu_DisableFullTitleBar,swig,STMenu,,DisableFullTitleBar,direct,TGWindow|TGPane|TGUIObject|TGEventHandlerObject|TGTemplatedAttrObject|TGAttrObject|TGObject,c_symbol
0x00626790,swig_STMenu_SetAutoChoose,swig,STMenu,,SetAutoChoose,direct,TGWindow|TGPane|TGUIObject|TGEventHandlerObject|TGTemplatedAttrObject|TGAttrObject|TGObject,c_symbol
0x00626820,swig_STMenu_IsAutoChoose,swig,STMenu,,IsAutoChoose,direct,TGWindow|TGPane|TGUIObject|TGEventHandlerObject|TGTemplatedAttrObject|TGAttrObject|TGObject,c_symbol
0x006268a0,swig_STMenu_SetChosen,swig,STMenu,,SetChosen,direct,TGWindow|TGPane|TGUIObject|TGEventHandlerObject|TGTemplatedAttrObject|TGAttrObject|TGObject,c_symbol
0x00626940,swig_STMenu_IsChosen,swig,STMenu,,IsChosen,direct,TGWindow|TGPane|TGUIObject|TGEventHandlerObject|TGTemplatedAttrObject|TGAttrObject|TGObject,c_symbol
0x006269c0,swig_STMenu_SetUseEndCapSpace,swig,STMenu,,SetUseEndCapSpace,direct,TGWindow|TGPane|TGUIObject|TGEventHandlerObject|TGTemplatedAttrObject|TGAttrObject|TGObject,c_symbol
0x00626a70,swig_STMenu_IsUseEndCapSpace,swig,STMenu,,IsUseEndCapSpace,direct,TGWindow|TGPane|TGUIObject|TGEventHandlerObject|TGTemplatedAttrObject|TGAttrObject|TGObject,c_symbol
0x00626af0,swig_STMenu_GetClientArea,swig,,STMenu,GetClientArea,python_wrapper,,python_class_method
0x00626b80,swig_STMenu_SetTwoClicks,swig,STMenu,,SetTwoClicks,direct,TGWindow|TGPane|TGUIObject|TGEventHandlerObject|TGTemplatedAttrObject|TGAttrObject|TGObject,c_symbol
0x00626bf0,swig_STMenu_SetSingleClick,swig,STMenu,,SetSingleClick,direct,TGWindow|TGPane|TGUIObject|TGEventHandlerObject|TGTemplatedAttrObject|TGAttrObject|TGObject,c_symbol
0x00626c60,swig_STMenu_IsTwoClicks,swig,STMenu,,IsTwoClicks,direct,TGWindow|TGPane|TGUIObject|TGEventHandlerObject|TGTemplatedAttrObject|TGAttrObject|TGObject,c_symbol
0x00626ce0,swig_STMenu_SetOpenable,swig,STMenu,,SetOpenable,direct,TGWindow|TGPane|TGUIObject|TGEventHandlerObject|TGTemplatedAttrObject|TGAttrObject|TGObject,c_symbol
0x00626d50,swig_STMenu_SetNotOpenable,swig,STMenu,,SetNotOpenable,direct,TGWindow|TGPane|TGUIObject|TGEventHandlerObject|TGTemplatedAttrObject|TGAttrObject|TGObject,c_symbol
0x00626dc0,swig_STMenu_IsOpenable,swig,STMenu,,IsOpenable,direct,TGWindow|TGPane|TGUIObject|TGEventHandlerObject|TGTemplatedAttrObject|TGAttrObject|TGObject,c_symbol
0x00626e40,swig_STMenu_SetCloseable,swig,STMenu,,SetCloseable,direct,TGWindow|TGPane|TGUIObject|TGEventHandlerObject|TGTemplatedAttrObject|TGAttrObject|TGObject,c_symbol
0x00626eb0,swig_STMenu_SetNotCloseable,swig,STMenu,,SetNotCloseable,direct,TGWindow|TGPane|TGUIObject|TGEventHandlerObject|TGTemplatedAttrObject|TGAttrObject|TGObject,c_symbol
0x00626f20,swig_STMenu_IsCloseable,swig,STMenu,,IsCloseable,direct,TGWindow|TGPane|TGUIObject|TGEventHandlerObject|TGTemplatedAttrObject|TGAttrObject|TGObject,c_symbol
0x00626fa0,swig_STMenu_SetClickedOnce,swig,STMenu,,SetClickedOnce,direct,TGWindow|TGPane|TGUIObject|TGEventHandlerObject|TGTemplatedAttrObject|TGAttrObject|TGObject,c_symbol
0x00627010,swig_STMenu_ClearClickedOnce,swig,STMenu,,ClearClickedOnce,direct,TGWindow|TGPane|TGUIObject|TGEventHandlerObject|TGTemplatedAttrObject|TGAttrObject|TGObject,c_symbol
0x00627080,swig_STMenu_IsClickedOnce,swig,STMenu,,IsClickedOnce,direct,TGWindow|TGPane|TGUIObject|TGEventHandlerObject|TGTemplatedAttrObject|TGAttrObject|TGObject,c_symbol
0x00627100,swig_STMenu_SetOpened,swig,STMenu,,SetOpened,direct,TGWindow|TGPane|TGUIObject|TGEventHandlerObject|TGTemplatedAttrObject|TGAttrObject|TGObject,c_symbol
0x00627170,swig_STMenu_ClearOpened,swig,STMenu,,ClearOpened,direct,TGWindow|TGPane|TGUIObject|TGEventHandlerObject|TGTemplatedAttrObject|TGAttrObject|TGObject,c_symbol
0x006271e0,swig_STMenu_IsOpened,swig,STMenu,,IsOpened,direct,TGWindow|TGPane|TGUIObject|TGEventHandlerObject|TGTemplatedAttrObject|TGAttrObject|TGObject,c_symbol
0x00627260,swig_STMenu_SetUseUIHeight,swig,STMenu,,SetUseUIHeight,direct,TGWindow|TGPane|TGUIObject|TGEventHandlerObject|TGTemplatedAttrObject|TGAttrObject|TGObject,c_symbol
0x006272e0,swig_STMenu_SetActivationEvent,swig,STMenu,,SetActivationEvent,direct,TGWindow|TGPane|TGUIObject|TGEventHandlerObject|TGTemplatedAttrObject|TGAttrObject|TGObject,c_symbol
0x00627380,swig_STMenu_ClearActivationEvent,swig,STMenu,,ClearActivationEvent,direct,TGWindow|TGPane|TGUIObject|TGEventHandlerObject|TGTemplatedAttrObject|TGAttrObject|TGObject,c_symbol
0x006273f0,swig_STMenu_SendActivationEvent,swig,STMenu,,SendActivationEvent,direct,TGWindow|TGPane|TGUIObject|TGEventHandlerObject|TGTemplatedAttrObject|TGAttrObject|TGObject,c_symbol
0x00627460,swig_STMenu_SetName,swig,STMenu,,SetName,direct,TGWindow|TGPane|TGUIObject|TGEventHandlerObject|TGTemplatedAttrObject|TGAttrObject|TGObject,c_symbol
0x00627520,swig_STMenu_GetName,swig,STMenu,,GetName,direct,TGWindow|TGPane|TGUIObject|TGEventHandlerObject|TGTemplatedAttrObject|TGAttrObject|TGObject,c_symbol
0x006275c0,swig_STMenu_GetContainingWindow,swig,,STMenu,GetContainingWindow,python_wrapper,,python_class_method
0x00627630,swig_STMenu_ResetColorScheme,swig,STMenu,,ResetColorScheme,direct,TGWindow|TGPane|TGUIObject|TGEventHandlerObject|TGTemplatedAttrObject|TGAttrObject|TGObject,c_symbol
0x006276a0,swig_STMenu_ForceUpdate,swig,STMenu,,ForceUpdate,direct,TGWindow|TGPane|TGUIObject|TGEventHandlerObject|TGTemplatedAttrObject|TGAttrObject|TGObject,c_symbol
0x00627730,swig_STMenu_Open,swig,STMenu,,Open,direct,TGWindow|TGPane|TGUIObject|TGEventHandlerObject|TGTemplatedAttrObject|TGAttrObject|TGObject,c_symbol
0x006277c0,swig_STMenu_Close,swig,STMenu,,Close,direct,TGWindow|TGPane|TGUIObject|TGEventHandlerObject|TGTemplatedAttrObject|TGAttrObject|TGObject,c_symbol
0x00627850,swig_STMenu_ResizeToContents,swig,STMenu,,ResizeToContents,direct,TGWindow|TGPane|TGUIObject|TGEventHandlerObject|TGTemplatedAttrObject|TGAttrObject|TGObject,c_symbol
0x006278e0,swig_STSubPane_Create,swig,STSubPane,STSubPane,Create,swig_helper,TGPane|TGUIObject|TGEventHandlerObject|TGTemplatedAttrObject|TGAttrObject|TGObject,swig_helper_synth
0x00627990,swig_STSubPane_Cast,swig,STSubPane,STSubPane,Cast,swig_helper,TGPane|TGUIObject|TGEventHandlerObject|TGTemplatedAttrObject|TGAttrObject|TGObject,swig_helper_synth
0x00627a00,swig_STSubPane_InsertChild,swig,STSubPane,,InsertChild,direct,TGPane|TGUIObject|TGEventHandlerObject|TGTemplatedAttrObject|TGAttrObject|TGObject,c_symbol
0x00627ae0,swig_STSubPane_RemoveChild,swig,STSubPane,,RemoveChild,direct,TGPane|TGUIObject|TGEventHandlerObject|TGTemplatedAttrObject|TGAttrObject|TGObject,c_symbol
0x00627ba0,swig_STSubPane_DeleteChild,swig,STSubPane,,DeleteChild,direct,TGPane|TGUIObject|TGEventHandlerObject|TGTemplatedAttrObject|TGAttrObject|TGObject,c_symbol
0x00627c60,swig_STSubPane_ResizeToContents,swig,STSubPane,,ResizeToContents,direct,TGPane|TGUIObject|TGEventHandlerObject|TGTemplatedAttrObject|TGAttrObject|TGObject,c_symbol
0x00627cf0,swig_STSubPane_GetVertSpacing,swig,STSubPane,,GetVertSpacing,direct,TGPane|TGUIObject|TGEventHandlerObject|TGTemplatedAttrObject|TGAttrObject|TGObject,c_symbol
0x00627d60,swig_STSubPane_SetRadioGroup,swig,STSubPane,,SetRadioGroup,direct,TGPane|TGUIObject|TGEventHandlerObject|TGTemplatedAttrObject|TGAttrObject|TGObject,c_symbol
0x00627de0,swig_STSubPane_IsRadioGroup,swig,STSubPane,,IsRadioGroup,direct,TGPane|TGUIObject|TGEventHandlerObject|TGTemplatedAttrObject|TGAttrObject|TGObject,c_symbol
0x00627e60,swig_STSubPane_SetExpandToFillParent,swig,STSubPane,,SetExpandToFillParent,direct,TGPane|TGUIObject|TGEventHandlerObject|TGTemplatedAttrObject|TGAttrObject|TGObject,c_symbol
0x00627ee0,swig_STSubPane_GetSubmenu,swig,,STSubPane,GetSubmenu,python_wrapper,,python_class_method
0x00627fa0,swig_STSubPane_GetSubmenuW,swig,,STSubPane,GetSubmenuW,python_wrapper,,python_class_method
0x00628040,swig_STSubPane_GetButton,swig,,STSubPane,GetButton,python_wrapper,,python_class_method
0x00628100,swig_STSubPane_GetButtonW,swig,,STSubPane,GetButtonW,python_wrapper,,python_class_method
0x006281a0,swig_STSubPane_RemoveItem,swig,STSubPane,,RemoveItem,direct,TGPane|TGUIObject|TGEventHandlerObject|TGTemplatedAttrObject|TGAttrObject|TGObject,c_symbol
0x00628260,swig_STSubPane_RemoveItemW,swig,STSubPane,,RemoveItemW,direct,TGPane|TGUIObject|TGEventHandlerObject|TGTemplatedAttrObject|TGAttrObject|TGObject,c_symbol
0x00628300,swig_STSubPane_GetTotalHeightOfChildren,swig,STSubPane,,GetTotalHeightOfChildren,direct,TGPane|TGUIObject|TGEventHandlerObject|TGTemplatedAttrObject|TGAttrObject|TGObject,c_symbol
0x00628370,swig_STSubPane_GetContainingWindow,swig,,STSubPane,GetContainingWindow,python_wrapper,,python_class_method
0x006283e0,swig_delete_STSubPane,swig,STSubPane,STSubPane,delete,swig_dtor,TGPane|TGUIObject|TGEventHandlerObject|TGTemplatedAttrObject|TGAttrObject|TGObject,swig_ctor_dtor
0x00628450,swig_STTopLevelMenu_Create,swig,STTopLevelMenu,STTopLevelMenu,Create,swig_helper,STMenu|TGWindow|TGPane|TGUIObject|TGEventHandlerObject|TGTemplatedAttrObject|TGAttrObject|TGObject,swig_helper_synth
0x00628560,swig_STTopLevelMenu_CreateW,swig,STTopLevelMenu,STTopLevelMenu,CreateW,swig_helper,STMenu|TGWindow|TGPane|TGUIObject|TGEventHandlerObject|TGTemplatedAttrObject|TGAttrObject|TGObject,swig_helper_synth
0x00628650,swig_STTopLevelMenu_CreateNull,swig,STTopLevelMenu,STTopLevelMenu,CreateNull,swig_helper,STMenu|TGWindow|TGPane|TGUIObject|TGEventHandlerObject|TGTemplatedAttrObject|TGAttrObject|TGObject,swig_helper_synth
0x00628680,swig_delete_STTopLevelMenu,swig,STTopLevelMenu,STTopLevelMenu,delete,swig_dtor,STMenu|TGWindow|TGPane|TGUIObject|TGEventHandlerObject|TGTemplatedAttrObject|TGAttrObject|TGObject,swig_ctor_dtor
0x006286f0,swig_STTopLevelMenu_Cast,swig,STTopLevelMenu,STTopLevelMenu,Cast,swig_helper,STMenu|TGWindow|TGPane|TGUIObject|TGEventHandlerObject|TGTemplatedAttrObject|TGAttrObject|TGObject,swig_helper_synth
0x00628760,swig_STTopLevelMenu_CloseMenu,swig,STTopLevelMenu,,CloseMenu,direct,STMenu|TGWindow|TGPane|TGUIObject|TGEventHandlerObject|TGTemplatedAttrObject|TGAttrObject|TGObject,c_symbol
0x006287f0,swig_STTopLevelMenu_SetResizeSubpane,swig,STTopLevelMenu,,SetResizeSubpane,direct,STMenu|TGWindow|TGPane|TGUIObject|TGEventHandlerObject|TGTemplatedAttrObject|TGAttrObject|TGObject,c_symbol
0x00628890,swig_STTopLevelMenu_IsResizeSubpane,swig,STTopLevelMenu,,IsResizeSubpane,direct,STMenu|TGWindow|TGPane|TGUIObject|TGEventHandlerObject|TGTemplatedAttrObject|TGAttrObject|TGObject,c_symbol
0x00628910,swig_STTopLevelMenu_GotFocus,swig,STTopLevelMenu,,GotFocus,direct,STMenu|TGWindow|TGPane|TGUIObject|TGEventHandlerObject|TGTemplatedAttrObject|TGAttrObject|TGObject,c_symbol
0x006289a0,swig_STTopLevelMenu_LostFocus,swig,STTopLevelMenu,,LostFocus,direct,STMenu|TGWindow|TGPane|TGUIObject|TGEventHandlerObject|TGTemplatedAttrObject|TGAttrObject|TGObject,c_symbol
0x00628a30,swig_STTopLevelMenu_SetVisible,swig,STTopLevelMenu,,SetVisible,direct,STMenu|TGWindow|TGPane|TGUIObject|TGEventHandlerObject|TGTemplatedAttrObject|TGAttrObject|TGObject,c_symbol
0x00628ac0,swig_STTopLevelMenu_SetNotVisible,swig,STTopLevelMenu,,SetNotVisible,direct,STMenu|TGWindow|TGPane|TGUIObject|TGEventHandlerObject|TGTemplatedAttrObject|TGAttrObject|TGObject,c_symbol
0x00628b50,swig_STTopLevelMenu_ResizeToContents,swig,STTopLevelMenu,,ResizeToContents,direct,STMenu|TGWindow|TGPane|TGUIObject|TGEventHandlerObject|TGTemplatedAttrObject|TGAttrObject|TGObject,c_symbol
0x00628be0,swig_STTopLevelMenu_GetOwner,swig,,STTopLevelMenu,GetOwner,python_wrapper,,python_class_method
0x00628c50,swig_STTopLevelMenu_SetOwner,swig,STTopLevelMenu,,SetOwner,direct,STMenu|TGWindow|TGPane|TGUIObject|TGEventHandlerObject|TGTemplatedAttrObject|TGAttrObject|TGObject,c_symbol
0x00628cf0,swig_STTopLevelMenu_GetOpenMenu,swig,STTopLevelMenu,,GetOpenMenu,direct_unmatched,STMenu|TGWindow|TGPane|TGUIObject|TGEventHandlerObject|TGTemplatedAttrObject|TGAttrObject|TGObject,class_prefix
0x00628d20,swig_STCharacterMenu_Create,swig,STCharacterMenu,STCharacterMenu,Create,swig_helper,STMenu|TGWindow|TGPane|TGUIObject|TGEventHandlerObject|TGTemplatedAttrObject|TGAttrObject|TGObject,swig_helper_synth
0x00628e50,swig_STCharacterMenu_CreateW,swig,STCharacterMenu,STCharacterMenu,CreateW,swig_helper,STMenu|TGWindow|TGPane|TGUIObject|TGEventHandlerObject|TGTemplatedAttrObject|TGAttrObject|TGObject,swig_helper_synth
0x00628f60,swig_delete_STCharacterMenu,swig,STCharacterMenu,STCharacterMenu,delete,swig_dtor,STMenu|TGWindow|TGPane|TGUIObject|TGEventHandlerObject|TGTemplatedAttrObject|TGAttrObject|TGObject,swig_ctor_dtor
0x00628fd0,swig_STButton_Create,swig,STButton,STButton,Create,swig_helper,TGButtonBase|TGPane|TGUIObject|TGEventHandlerObject|TGTemplatedAttrObject|TGAttrObject|TGObject,swig_helper_synth
0x00629170,swig_STButton_CreateW,swig,STButton,STButton,CreateW,swig_helper,TGButtonBase|TGPane|TGUIObject|TGEventHandlerObject|TGTemplatedAttrObject|TGAttrObject|TGObject,swig_helper_synth
0x006292f0,swig_STButton_Cast,swig,STButton,STButton,Cast,swig_helper,TGButtonBase|TGPane|TGUIObject|TGEventHandlerObject|TGTemplatedAttrObject|TGAttrObject|TGObject,swig_helper_synth
0x00629360,swig_STButton_GetText,swig,,STButton,GetText,python_wrapper,,python_class_method
0x006293e0,swig_STButton_SetName,swig,STButton,,SetName,direct,TGButtonBase|TGPane|TGUIObject|TGEventHandlerObject|TGTemplatedAttrObject|TGAttrObject|TGObject,c_symbol
0x006294a0,swig_STButton_GetName,swig,STButton,,GetName,direct,TGButtonBase|TGPane|TGUIObject|TGEventHandlerObject|TGTemplatedAttrObject|TGAttrObject|TGObject,c_symbol
0x00629540,swig_STButton_SetNormalColor,swig,STButton,,SetNormalColor,direct,TGButtonBase|TGPane|TGUIObject|TGEventHandlerObject|TGTemplatedAttrObject|TGAttrObject|TGObject,c_symbol
0x006295f0,swig_STButton_SetSelectedColor,swig,STButton,,SetSelectedColor,direct,TGButtonBase|TGPane|TGUIObject|TGEventHandlerObject|TGTemplatedAttrObject|TGAttrObject|TGObject,c_symbol
0x006296a0,swig_STButton_SetHighlightedColor,swig,STButton,,SetHighlightedColor,direct,TGButtonBase|TGPane|TGUIObject|TGEventHandlerObject|TGTemplatedAttrObject|TGAttrObject|TGObject,c_symbol
0x00629750,swig_STButton_SetDisabledColor,swig,STButton,,SetDisabledColor,direct,TGButtonBase|TGPane|TGUIObject|TGEventHandlerObject|TGTemplatedAttrObject|TGAttrObject|TGObject,c_symbol
0x00629810,swig_STButton_SetTextColor,swig,STButton,,SetTextColor,direct,TGButtonBase|TGPane|TGUIObject|TGEventHandlerObject|TGTemplatedAttrObject|TGAttrObject|TGObject,c_symbol
0x006298d0,swig_STButton_SetHighlightedTextColor,swig,STButton,,SetHighlightedTextColor,direct,TGButtonBase|TGPane|TGUIObject|TGEventHandlerObject|TGTemplatedAttrObject|TGAttrObject|TGObject,c_symbol
0x00629990,swig_STButton_SetSelectedTextColor,swig,STButton,,SetSelectedTextColor,direct,TGButtonBase|TGPane|TGUIObject|TGEventHandlerObject|TGTemplatedAttrObject|TGAttrObject|TGObject,c_symbol
0x00629a50,swig_STButton_SetDisabledTextColor,swig,STButton,,SetDisabledTextColor,direct,TGButtonBase|TGPane|TGUIObject|TGEventHandlerObject|TGTemplatedAttrObject|TGAttrObject|TGObject,c_symbol
0x00629b10,swig_STButton_SetMarkerNormalColor,swig,STButton,,SetMarkerNormalColor,direct,TGButtonBase|TGPane|TGUIObject|TGEventHandlerObject|TGTemplatedAttrObject|TGAttrObject|TGObject,c_symbol
0x00629bd0,swig_STButton_SetMarkerHighlightedColor,swig,STButton,,SetMarkerHighlightedColor,direct,TGButtonBase|TGPane|TGUIObject|TGEventHandlerObject|TGTemplatedAttrObject|TGAttrObject|TGObject,c_symbol
0x00629c90,swig_STButton_SetMarkerSelectedColor,swig,STButton,,SetMarkerSelectedColor,direct,TGButtonBase|TGPane|TGUIObject|TGEventHandlerObject|TGTemplatedAttrObject|TGAttrObject|TGObject,c_symbol
0x00629d50,swig_STButton_SetJustification,swig,STButton,,SetJustification,direct,TGButtonBase|TGPane|TGUIObject|TGEventHandlerObject|TGTemplatedAttrObject|TGAttrObject|TGObject,c_symbol
0x00629dd0,swig_STButton_GetContainingWindow,swig,,STButton,GetContainingWindow,python_wrapper,,python_class_method
0x00629e40,swig_STButton_SetAutoChoose,swig,STButton,,SetAutoChoose,direct,TGButtonBase|TGPane|TGUIObject|TGEventHandlerObject|TGTemplatedAttrObject|TGAttrObject|TGObject,c_symbol
0x00629ed0,swig_STButton_IsAutoChoose,swig,STButton,,IsAutoChoose,direct,TGButtonBase|TGPane|TGUIObject|TGEventHandlerObject|TGTemplatedAttrObject|TGAttrObject|TGObject,c_symbol
0x00629f50,swig_STButton_SetChoosable,swig,STButton,,SetChoosable,direct,TGButtonBase|TGPane|TGUIObject|TGEventHandlerObject|TGTemplatedAttrObject|TGAttrObject|TGObject,c_symbol
0x00629ff0,swig_STButton_IsChoosable,swig,STButton,,IsChoosable,direct,TGButtonBase|TGPane|TGUIObject|TGEventHandlerObject|TGTemplatedAttrObject|TGAttrObject|TGObject,c_symbol
0x0062a070,swig_STButton_SetChosen,swig,STButton,,SetChosen,direct,TGButtonBase|TGPane|TGUIObject|TGEventHandlerObject|TGTemplatedAttrObject|TGAttrObject|TGObject,c_symbol
0x0062a110,swig_STButton_IsChosen,swig,STButton,,IsChosen,direct,TGButtonBase|TGPane|TGUIObject|TGEventHandlerObject|TGTemplatedAttrObject|TGAttrObject|TGObject,c_symbol
0x0062a190,swig_STButton_SetColorBasedOnFlags,swig,STButton,,SetColorBasedOnFlags,direct,TGButtonBase|TGPane|TGUIObject|TGEventHandlerObject|TGTemplatedAttrObject|TGAttrObject|TGObject,c_symbol
0x0062a200,swig_STButton_SetColor,swig,STButton,,SetColor,direct,TGButtonBase|TGPane|TGUIObject|TGEventHandlerObject|TGTemplatedAttrObject|TGAttrObject|TGObject,c_symbol
0x0062a2a0,swig_STButton_IsUsingEndCaps,swig,STButton,,IsUsingEndCaps,direct,TGButtonBase|TGPane|TGUIObject|TGEventHandlerObject|TGTemplatedAttrObject|TGAttrObject|TGObject,c_symbol
0x0062a320,swig_STButton_SetUseEndCaps,swig,STButton,,SetUseEndCaps,direct,TGButtonBase|TGPane|TGUIObject|TGEventHandlerObject|TGTemplatedAttrObject|TGAttrObject|TGObject,c_symbol
0x0062a3d0,swig_STButton_SetUseEndCapSpace,swig,STButton,,SetUseEndCapSpace,direct,TGButtonBase|TGPane|TGUIObject|TGEventHandlerObject|TGTemplatedAttrObject|TGAttrObject|TGObject,c_symbol
0x0062a480,swig_STButton_IsUseEndCapSpace,swig,STButton,,IsUseEndCapSpace,direct,TGButtonBase|TGPane|TGUIObject|TGEventHandlerObject|TGTemplatedAttrObject|TGAttrObject|TGObject,c_symbol
0x0062a500,swig_STButton_SetUseUIHeight,swig,STButton,,SetUseUIHeight,direct,TGButtonBase|TGPane|TGUIObject|TGEventHandlerObject|TGTemplatedAttrObject|TGAttrObject|TGObject,c_symbol
0x0062a590,swig_delete_STButton,swig,STButton,STButton,delete,swig_dtor,TGButtonBase|TGPane|TGUIObject|TGEventHandlerObject|TGTemplatedAttrObject|TGAttrObject|TGObject,swig_ctor_dtor
0x0062a600,swig_STRoundedButton_Create,swig,STRoundedButton,STRoundedButton,Create,swig_helper,TGButtonBase|TGPane|TGUIObject|TGEventHandlerObject|TGTemplatedAttrObject|TGAttrObject|TGObject,swig_helper_synth
0x0062a740,swig_STRoundedButton_CreateW,swig,STRoundedButton,STRoundedButton,CreateW,swig_helper,TGButtonBase|TGPane|TGUIObject|TGEventHandlerObject|TGTemplatedAttrObject|TGAttrObject|TGObject,swig_helper_synth
0x0062a860,swig_STRoundedButton_Cast,swig,STRoundedButton,STRoundedButton,Cast,swig_helper,TGButtonBase|TGPane|TGUIObject|TGEventHandlerObject|TGTemplatedAttrObject|TGAttrObject|TGObject,swig_helper_synth
0x0062a8d0,swig_STRoundedButton_SetName,swig,STRoundedButton,,SetName,direct,TGButtonBase|TGPane|TGUIObject|TGEventHandlerObject|TGTemplatedAttrObject|TGAttrObject|TGObject,c_symbol
0x0062a990,swig_STRoundedButton_GetName,swig,STRoundedButton,,GetName,direct,TGButtonBase|TGPane|TGUIObject|TGEventHandlerObject|TGTemplatedAttrObject|TGAttrObject|TGObject,c_symbol
0x0062aa30,swig_STRoundedButton_SetNormalColor,swig,STRoundedButton,,SetNormalColor,direct,TGButtonBase|TGPane|TGUIObject|TGEventHandlerObject|TGTemplatedAttrObject|TGAttrObject|TGObject,c_symbol
0x0062aae0,swig_STRoundedButton_SetSelectedColor,swig,STRoundedButton,,SetSelectedColor,direct,TGButtonBase|TGPane|TGUIObject|TGEventHandlerObject|TGTemplatedAttrObject|TGAttrObject|TGObject,c_symbol
0x0062ab90,swig_STRoundedButton_SetHighlightedColor,swig,STRoundedButton,,SetHighlightedColor,direct,TGButtonBase|TGPane|TGUIObject|TGEventHandlerObject|TGTemplatedAttrObject|TGAttrObject|TGObject,c_symbol
0x0062ac40,swig_STRoundedButton_SetDisabledColor,swig,STRoundedButton,,SetDisabledColor,direct,TGButtonBase|TGPane|TGUIObject|TGEventHandlerObject|TGTemplatedAttrObject|TGAttrObject|TGObject,c_symbol
0x0062ad00,swig_STRoundedButton_SetTextColor,swig,STRoundedButton,,SetTextColor,direct,TGButtonBase|TGPane|TGUIObject|TGEventHandlerObject|TGTemplatedAttrObject|TGAttrObject|TGObject,c_symbol
0x0062adc0,swig_STRoundedButton_SetHighlightedTextColor,swig,STRoundedButton,,SetHighlightedTextColor,direct,TGButtonBase|TGPane|TGUIObject|TGEventHandlerObject|TGTemplatedAttrObject|TGAttrObject|TGObject,c_symbol
0x0062ae80,swig_STRoundedButton_SetSelectedTextColor,swig,STRoundedButton,,SetSelectedTextColor,direct,TGButtonBase|TGPane|TGUIObject|TGEventHandlerObject|TGTemplatedAttrObject|TGAttrObject|TGObject,c_symbol
0x0062af40,swig_STRoundedButton_SetDisabledTextColor,swig,STRoundedButton,,SetDisabledTextColor,direct,TGButtonBase|TGPane|TGUIObject|TGEventHandlerObject|TGTemplatedAttrObject|TGAttrObject|TGObject,c_symbol
0x0062b000,swig_STRoundedButton_SetColorBasedOnFlags,swig,STRoundedButton,,SetColorBasedOnFlags,direct,TGButtonBase|TGPane|TGUIObject|TGEventHandlerObject|TGTemplatedAttrObject|TGAttrObject|TGObject,c_symbol
0x0062b070,swig_STRoundedButton_SetColor,swig,STRoundedButton,,SetColor,direct,TGButtonBase|TGPane|TGUIObject|TGEventHandlerObject|TGTemplatedAttrObject|TGAttrObject|TGObject,c_symbol
0x0062b110,swig_delete_STRoundedButton,swig,STRoundedButton,STRoundedButton,delete,swig_dtor,TGButtonBase|TGPane|TGUIObject|TGEventHandlerObject|TGTemplatedAttrObject|TGAttrObject|TGObject,swig_ctor_dtor
0x0062b180,swig_STToggle_Create,swig,STToggle,STToggle,Create,swig_helper,STButton|TGButtonBase|TGPane|TGUIObject|TGEventHandlerObject|TGTemplatedAttrObject|TGAttrObject|TGObject,swig_helper_synth
0x0062b490,swig_STToggle_CreateW,swig,STToggle,STToggle,CreateW,swig_helper,STButton|TGButtonBase|TGPane|TGUIObject|TGEventHandlerObject|TGTemplatedAttrObject|TGAttrObject|TGObject,swig_helper_synth
0x0062b730,swig_STToggle_CreateUnsizedW,swig,STToggle,,CreateUnsizedW,direct_unmatched,STButton|TGButtonBase|TGPane|TGUIObject|TGEventHandlerObject|TGTemplatedAttrObject|TGAttrObject|TGObject,class_prefix
0x0062b9d0,swig_STToggle_Cast,swig,STToggle,STToggle,Cast,swig_helper,STButton|TGButtonBase|TGPane|TGUIObject|TGEventHandlerObject|TGTemplatedAttrObject|TGAttrObject|TGObject,swig_helper_synth
0x0062ba40,swig_delete_STToggle,swig,STToggle,STToggle,delete,swig_dtor,STButton|TGButtonBase|TGPane|TGUIObject|TGEventHandlerObject|TGTemplatedAttrObject|TGAttrObject|TGObject,swig_ctor_dtor
0x0062bab0,swig_STToggle_SetPrimaryCaption,swig,STToggle,,SetPrimaryCaption,direct,STButton|TGButtonBase|TGPane|TGUIObject|TGEventHandlerObject|TGTemplatedAttrObject|TGAttrObject|TGObject,c_symbol
0x0062bb80,swig_STToggle_SetPrimaryCaptionW,swig,STToggle,,SetPrimaryCaptionW,direct,STButton|TGButtonBase|TGPane|TGUIObject|TGEventHandlerObject|TGTemplatedAttrObject|TGAttrObject|TGObject,c_symbol
0x0062bca0,swig_STToggle_SetStateValue,swig,STToggle,,SetStateValue,direct,STButton|TGButtonBase|TGPane|TGUIObject|TGEventHandlerObject|TGTemplatedAttrObject|TGAttrObject|TGObject,c_symbol
0x0062bd90,swig_STToggle_SetStateValueW,swig,STToggle,,SetStateValueW,direct,STButton|TGButtonBase|TGPane|TGUIObject|TGEventHandlerObject|TGTemplatedAttrObject|TGAttrObject|TGObject,c_symbol
0x0062be70,swig_STToggle_SetStateValues,swig,STToggle,,SetStateValues,direct,STButton|TGButtonBase|TGPane|TGUIObject|TGEventHandlerObject|TGTemplatedAttrObject|TGAttrObject|TGObject,c_symbol
0x0062c1c0,swig_STToggle_SetStateValuesW,swig,STToggle,,SetStateValuesW,direct,STButton|TGButtonBase|TGPane|TGUIObject|TGEventHandlerObject|TGTemplatedAttrObject|TGAttrObject|TGObject,c_symbol
0x0062c470,swig_STToggle_GetState,swig,STToggle,,GetState,direct,STButton|TGButtonBase|TGPane|TGUIObject|TGEventHandlerObject|TGTemplatedAttrObject|TGAttrObject|TGObject,c_symbol
0x0062c4d0,swig_STToggle_SetState,swig,STToggle,,SetState,direct,STButton|TGButtonBase|TGPane|TGUIObject|TGEventHandlerObject|TGTemplatedAttrObject|TGAttrObject|TGObject,c_symbol
0x0062c560,swig_STToggle_GetPrimaryCaption,swig,,STToggle,GetPrimaryCaption,python_wrapper,,python_class_method
0x0062c5f0,swig_new_STFillGauge,swig,STFillGauge,STFillGauge,new,swig_ctor,TGPane|TGUIObject|TGEventHandlerObject|TGTemplatedAttrObject|TGAttrObject|TGObject,swig_ctor_dtor
0x0062c6e0,swig_delete_STFillGauge,swig,STFillGauge,STFillGauge,delete,swig_dtor,TGPane|TGUIObject|TGEventHandlerObject|TGTemplatedAttrObject|TGAttrObject|TGObject,swig_ctor_dtor
0x0062c750,swig_STFillGauge_Create,swig,STFillGauge,STFillGauge,Create,swig_helper,TGPane|TGUIObject|TGEventHandlerObject|TGTemplatedAttrObject|TGAttrObject|TGObject,swig_helper_synth
0x0062c840,swig_STFillGauge_Cast,swig,STFillGauge,STFillGauge,Cast,swig_helper,TGPane|TGUIObject|TGEventHandlerObject|TGTemplatedAttrObject|TGAttrObject|TGObject,swig_helper_synth
0x0062c8b0,swig_STFillGauge_SetObject,swig,STFillGauge,,SetObject,direct,TGPane|TGUIObject|TGEventHandlerObject|TGTemplatedAttrObject|TGAttrObject|TGObject,c_symbol
0x0062c980,swig_STFillGauge_GetObject,swig,,STFillGauge,GetObject,python_wrapper,,python_class_method
0x0062c9f0,swig_STFillGauge_SetFillColor,swig,STFillGauge,,SetFillColor,direct,TGPane|TGUIObject|TGEventHandlerObject|TGTemplatedAttrObject|TGAttrObject|TGObject,c_symbol
0x0062cb10,swig_STFillGauge_SetEmptyColor,swig,STFillGauge,,SetEmptyColor,direct,TGPane|TGUIObject|TGEventHandlerObject|TGTemplatedAttrObject|TGAttrObject|TGObject,c_symbol
0x0062cc30,swig_STFillGauge_SetAlternateColor,swig,STFillGauge,,SetAlternateColor,direct,TGPane|TGUIObject|TGEventHandlerObject|TGTemplatedAttrObject|TGAttrObject|TGObject,c_symbol
0x0062cd50,swig_STFillGauge_SetPythonMethods,swig,STFillGauge,,SetPythonMethods,direct,TGPane|TGUIObject|TGEventHandlerObject|TGTemplatedAttrObject|TGAttrObject|TGObject,c_symbol
0x0062cef0,swig_STFillGauge_UpdateGauge,swig,STFillGauge,,UpdateGauge,direct,TGPane|TGUIObject|TGEventHandlerObject|TGTemplatedAttrObject|TGAttrObject|TGObject,c_symbol
0x0062cf60,swig_STFillGauge_SetFillDirection,swig,STFillGauge,,SetFillDirection,direct,TGPane|TGUIObject|TGEventHandlerObject|TGTemplatedAttrObject|TGAttrObject|TGObject,c_symbol
0x0062cfe0,swig_STNumericBar_Create,swig,STNumericBar,STNumericBar,Create,swig_helper,TGPane|TGUIObject|TGEventHandlerObject|TGTemplatedAttrObject|TGAttrObject|TGObject,swig_helper_synth
0x0062d090,swig_STNumericBar_Cast,swig,STNumericBar,STNumericBar,Cast,swig_helper,TGPane|TGUIObject|TGEventHandlerObject|TGTemplatedAttrObject|TGAttrObject|TGObject,swig_helper_synth
0x0062d100,swig_STNumericBar_SetRange,swig,STNumericBar,,SetRange,direct,TGPane|TGUIObject|TGEventHandlerObject|TGTemplatedAttrObject|TGAttrObject|TGObject,c_symbol
0x0062d180,swig_STNumericBar_SetValue,swig,STNumericBar,,SetValue,direct,TGPane|TGUIObject|TGEventHandlerObject|TGTemplatedAttrObject|TGAttrObject|TGObject,c_symbol
0x0062d200,swig_STNumericBar_SetMarkerValue,swig,STNumericBar,,SetMarkerValue,direct,TGPane|TGUIObject|TGEventHandlerObject|TGTemplatedAttrObject|TGAttrObject|TGObject,c_symbol
0x0062d280,swig_STNumericBar_SetKeyInterval,swig,STNumericBar,,SetKeyInterval,direct,TGPane|TGUIObject|TGEventHandlerObject|TGTemplatedAttrObject|TGAttrObject|TGObject,c_symbol
0x0062d300,swig_STNumericBar_SetAlternateValue,swig,STNumericBar,,SetAlternateValue,direct,TGPane|TGUIObject|TGEventHandlerObject|TGTemplatedAttrObject|TGAttrObject|TGObject,c_symbol
0x0062d380,swig_STNumericBar_GetText,swig,,STNumericBar,GetText,python_wrapper,,python_class_method
0x0062d3f0,swig_STNumericBar_GetPercentageText,swig,,STNumericBar,GetPercentageText,python_wrapper,,python_class_method
0x0062d460,swig_STNumericBar_GetMarker,swig,,STNumericBar,GetMarker,python_wrapper,,python_class_method
0x0062d4d0,swig_STNumericBar_GetRange,swig,STNumericBar,,GetRange,direct,TGPane|TGUIObject|TGEventHandlerObject|TGTemplatedAttrObject|TGAttrObject|TGObject,c_symbol
0x0062d5b0,swig_STNumericBar_GetValue,swig,STNumericBar,,GetValue,direct,TGPane|TGUIObject|TGEventHandlerObject|TGTemplatedAttrObject|TGAttrObject|TGObject,c_symbol
0x0062d620,swig_STNumericBar_GetKeyInterval,swig,STNumericBar,,GetKeyInterval,direct,TGPane|TGUIObject|TGEventHandlerObject|TGTemplatedAttrObject|TGAttrObject|TGObject,c_symbol
0x0062d690,swig_STNumericBar_GetPositionFromAbsolutePercentage,swig,STNumericBar,,GetPositionFromAbsolutePercentage,direct,TGPane|TGUIObject|TGEventHandlerObject|TGTemplatedAttrObject|TGAttrObject|TGObject,c_symbol
0x0062d710,swig_STNumericBar_SetNormalColor,swig,STNumericBar,,SetNormalColor,direct,TGPane|TGUIObject|TGEventHandlerObject|TGTemplatedAttrObject|TGAttrObject|TGObject,c_symbol
0x0062d7b0,swig_STNumericBar_SetEmptyColor,swig,STNumericBar,,SetEmptyColor,direct,TGPane|TGUIObject|TGEventHandlerObject|TGTemplatedAttrObject|TGAttrObject|TGObject,c_symbol
0x0062d850,swig_STNumericBar_SetUseMarker,swig,STNumericBar,,SetUseMarker,direct,TGPane|TGUIObject|TGEventHandlerObject|TGTemplatedAttrObject|TGAttrObject|TGObject,c_symbol
0x0062d8d0,swig_STNumericBar_SetUseAlternateColor,swig,STNumericBar,,SetUseAlternateColor,direct,TGPane|TGUIObject|TGEventHandlerObject|TGTemplatedAttrObject|TGAttrObject|TGObject,c_symbol
0x0062d950,swig_STNumericBar_SetUseButtons,swig,STNumericBar,,SetUseButtons,direct,TGPane|TGUIObject|TGEventHandlerObject|TGTemplatedAttrObject|TGAttrObject|TGObject,c_symbol
0x0062d9d0,swig_STNumericBar_SetUpdateEvent,swig,STNumericBar,,SetUpdateEvent,direct,TGPane|TGUIObject|TGEventHandlerObject|TGTemplatedAttrObject|TGAttrObject|TGObject,c_symbol
0x0062da70,swig_STNumericBar_UpdateGauge,swig,STNumericBar,,UpdateGauge,direct,TGPane|TGUIObject|TGEventHandlerObject|TGTemplatedAttrObject|TGAttrObject|TGObject,c_symbol
0x0062db00,swig_delete_STNumericBar,swig,STNumericBar,STNumericBar,delete,swig_dtor,TGPane|TGUIObject|TGEventHandlerObject|TGTemplatedAttrObject|TGAttrObject|TGObject,swig_ctor_dtor
0x0062db70,swig_STTargetMenu_CreateW,swig,STTargetMenu,STTargetMenu,CreateW,swig_helper,STTopLevelMenu|STMenu|TGWindow|TGPane|TGUIObject|TGEventHandlerObject|TGTemplatedAttrObject|TGAttrObject|TGObject,swig_helper_synth
0x0062dc10,swig_STTargetMenu_Cast,swig,STTargetMenu,STTargetMenu,Cast,swig_helper,STTopLevelMenu|STMenu|TGWindow|TGPane|TGUIObject|TGEventHandlerObject|TGTemplatedAttrObject|TGAttrObject|TGObject,swig_helper_synth
0x0062dc80,swig_STTargetMenu_GetTargetMenu,swig,STTargetMenu,,GetTargetMenu,direct_unmatched,STTopLevelMenu|STMenu|TGWindow|TGPane|TGUIObject|TGEventHandlerObject|TGTemplatedAttrObject|TGAttrObject|TGObject,class_prefix
0x0062dcb0,swig_STTargetMenu_RebuildShipMenu,swig,STTargetMenu,,RebuildShipMenu,direct,STTopLevelMenu|STMenu|TGWindow|TGPane|TGUIObject|TGEventHandlerObject|TGTemplatedAttrObject|TGAttrObject|TGObject,c_symbol
0x0062dd50,swig_STTargetMenu_RebuildShipMenus,swig,STTargetMenu,,RebuildShipMenus,direct,STTopLevelMenu|STMenu|TGWindow|TGPane|TGUIObject|TGEventHandlerObject|TGTemplatedAttrObject|TGAttrObject|TGObject,c_symbol
0x0062ddc0,swig_STTargetMenu_ResetAffiliationColors,swig,STTargetMenu,,ResetAffiliationColors,direct,STTopLevelMenu|STMenu|TGWindow|TGPane|TGUIObject|TGEventHandlerObject|TGTemplatedAttrObject|TGAttrObject|TGObject,c_symbol
0x0062de30,swig_STTargetMenu_GetObjectEntry,swig,,STTargetMenu,GetObjectEntry,python_wrapper,,python_class_method
0x0062ded0,swig_STTargetMenu_ClearPersistentTarget,swig,STTargetMenu,,ClearPersistentTarget,direct,STTopLevelMenu|STMenu|TGWindow|TGPane|TGUIObject|TGEventHandlerObject|TGTemplatedAttrObject|TGAttrObject|TGObject,c_symbol
0x0062df40,swig_STTargetMenu_ClearTargetList,swig,STTargetMenu,,ClearTargetList,direct,STTopLevelMenu|STMenu|TGWindow|TGPane|TGUIObject|TGEventHandlerObject|TGTemplatedAttrObject|TGAttrObject|TGObject,c_symbol
0x0062dfb0,swig_delete_STTargetMenu,swig,STTargetMenu,STTargetMenu,delete,swig_dtor,STTopLevelMenu|STMenu|TGWindow|TGPane|TGUIObject|TGEventHandlerObject|TGTemplatedAttrObject|TGAttrObject|TGObject,swig_ctor_dtor
0x0062e020,swig_STFileMenu_Create,swig,STFileMenu,STFileMenu,Create,swig_helper,STTopLevelMenu|STMenu|TGWindow|TGPane|TGUIObject|TGEventHandlerObject|TGTemplatedAttrObject|TGAttrObject|TGObject,swig_helper_synth
0x0062e160,swig_STFileMenu_CreateW,swig,STFileMenu,STFileMenu,CreateW,swig_helper,STTopLevelMenu|STMenu|TGWindow|TGPane|TGUIObject|TGEventHandlerObject|TGTemplatedAttrObject|TGAttrObject|TGObject,swig_helper_synth
0x0062e2b0,swig_STFileMenu_Cast,swig,STFileMenu,STFileMenu,Cast,swig_helper,STTopLevelMenu|STMenu|TGWindow|TGPane|TGUIObject|TGEventHandlerObject|TGTemplatedAttrObject|TGAttrObject|TGObject,swig_helper_synth
0x0062e320,swig_STFileMenu_GetDir,swig,STFileMenu,,GetDir,direct,STTopLevelMenu|STMenu|TGWindow|TGPane|TGUIObject|TGEventHandlerObject|TGTemplatedAttrObject|TGAttrObject|TGObject,c_symbol
0x0062e390,swig_STFileMenu_GetFilter,swig,STFileMenu,,GetFilter,direct,STTopLevelMenu|STMenu|TGWindow|TGPane|TGUIObject|TGEventHandlerObject|TGTemplatedAttrObject|TGAttrObject|TGObject,c_symbol
0x0062e400,swig_STFileMenu_SetDir,swig,STFileMenu,,SetDir,direct,STTopLevelMenu|STMenu|TGWindow|TGPane|TGUIObject|TGEventHandlerObject|TGTemplatedAttrObject|TGAttrObject|TGObject,c_symbol
0x0062e4c0,swig_STFileMenu_SetFilter,swig,STFileMenu,,SetFilter,direct,STTopLevelMenu|STMenu|TGWindow|TGPane|TGUIObject|TGEventHandlerObject|TGTemplatedAttrObject|TGAttrObject|TGObject,c_symbol
0x0062e580,swig_STFileMenu_Refresh,swig,STFileMenu,,Refresh,direct,STTopLevelMenu|STMenu|TGWindow|TGPane|TGUIObject|TGEventHandlerObject|TGTemplatedAttrObject|TGAttrObject|TGObject,c_symbol
0x0062e5f0,swig_delete_STFileMenu,swig,STFileMenu,STFileMenu,delete,swig_dtor,STTopLevelMenu|STMenu|TGWindow|TGPane|TGUIObject|TGEventHandlerObject|TGTemplatedAttrObject|TGAttrObject|TGObject,swig_ctor_dtor
0x0062e660,swig_STFileDialog_Create,swig,STFileDialog,STFileDialog,Create,swig_helper,TGPane|TGUIObject|TGEventHandlerObject|TGTemplatedAttrObject|TGAttrObject|TGObject,swig_helper_synth
0x0062e6f0,swig_STFileDialog_GetFileMenu,swig,,STFileDialog,GetFileMenu,python_wrapper,,python_class_method
0x0062e760,swig_STFileDialog_RefreshFileList,swig,STFileDialog,,RefreshFileList,direct,TGPane|TGUIObject|TGEventHandlerObject|TGTemplatedAttrObject|TGAttrObject|TGObject,c_symbol
0x0062e7d0,swig_delete_STFileDialog,swig,STFileDialog,STFileDialog,delete,swig_dtor,TGPane|TGUIObject|TGEventHandlerObject|TGTemplatedAttrObject|TGAttrObject|TGObject,swig_ctor_dtor
0x0062e840,swig_STLoadDialog_Create,swig,STLoadDialog,STLoadDialog,Create,swig_helper,STFileDialog|TGPane|TGUIObject|TGEventHandlerObject|TGTemplatedAttrObject|TGAttrObject|TGObject,swig_helper_synth
0x0062e8d0,swig_delete_STLoadDialog,swig,STLoadDialog,STLoadDialog,delete,swig_dtor,STFileDialog|TGPane|TGUIObject|TGEventHandlerObject|TGTemplatedAttrObject|TGAttrObject|TGObject,swig_ctor_dtor
0x0062e940,swig_STSaveDialog_Create,swig,STSaveDialog,STSaveDialog,Create,swig_helper,STFileDialog|TGPane|TGUIObject|TGEventHandlerObject|TGTemplatedAttrObject|TGAttrObject|TGObject,swig_helper_synth
0x0062e9d0,swig_delete_STSaveDialog,swig,STSaveDialog,STSaveDialog,delete,swig_dtor,STFileDialog|TGPane|TGUIObject|TGEventHandlerObject|TGTemplatedAttrObject|TGAttrObject|TGObject,swig_ctor_dtor
0x0062ea40,swig_new_STSubsystemMenu,swig,STSubsystemMenu,STSubsystemMenu,new,swig_ctor,STMenu|TGWindow|TGPane|TGUIObject|TGEventHandlerObject|TGTemplatedAttrObject|TGAttrObject|TGObject,swig_ctor_dtor
0x0062eb20,swig_delete_STSubsystemMenu,swig,STSubsystemMenu,STSubsystemMenu,delete,swig_dtor,STMenu|TGWindow|TGPane|TGUIObject|TGEventHandlerObject|TGTemplatedAttrObject|TGAttrObject|TGObject,swig_ctor_dtor
0x0062eb90,swig_STSubsystemMenu_Cast,swig,STSubsystemMenu,STSubsystemMenu,Cast,swig_helper,STMenu|TGWindow|TGPane|TGUIObject|TGEventHandlerObject|TGTemplatedAttrObject|TGAttrObject|TGObject,swig_helper_synth
0x0062ec00,swig_STSubsystemMenu_GetShip,swig,,STSubsystemMenu,GetShip,python_wrapper,,python_class_method
0x0062ec70,swig_STSubsystemMenu_ShowUnknownName,swig,STSubsystemMenu,,ShowUnknownName,direct,STMenu|TGWindow|TGPane|TGUIObject|TGEventHandlerObject|TGTemplatedAttrObject|TGAttrObject|TGObject,c_symbol
0x0062ece0,swig_STSubsystemMenu_ShowRealName,swig,STSubsystemMenu,,ShowRealName,direct,STMenu|TGWindow|TGPane|TGUIObject|TGEventHandlerObject|TGTemplatedAttrObject|TGAttrObject|TGObject,c_symbol
0x0062ed50,swig_new_STComponentMenu,swig,STComponentMenu,STComponentMenu,new,swig_ctor,STMenu|TGWindow|TGPane|TGUIObject|TGEventHandlerObject|TGTemplatedAttrObject|TGAttrObject|TGObject,swig_ctor_dtor
0x0062ee60,swig_delete_STComponentMenu,swig,STComponentMenu,STComponentMenu,delete,swig_dtor,STMenu|TGWindow|TGPane|TGUIObject|TGEventHandlerObject|TGTemplatedAttrObject|TGAttrObject|TGObject,swig_ctor_dtor
0x0062eed0,swig_STComponentMenu_Cast,swig,STComponentMenu,STComponentMenu,Cast,swig_helper,STMenu|TGWindow|TGPane|TGUIObject|TGEventHandlerObject|TGTemplatedAttrObject|TGAttrObject|TGObject,swig_helper_synth
0x0062ef40,swig_STComponentMenu_GetShip,swig,,STComponentMenu,GetShip,python_wrapper,,python_class_method
0x0062efb0,swig_STComponentMenu_GetSubsystem,swig,,STComponentMenu,GetSubsystem,python_wrapper,,python_class_method
0x0062f020,swig_new_STComponentMenuItem,swig,STComponentMenuItem,STComponentMenuItem,new,swig_ctor,STButton|TGButtonBase|TGPane|TGUIObject|TGEventHandlerObject|TGTemplatedAttrObject|TGAttrObject|TGObject,swig_ctor_dtor
0x0062f110,swig_delete_STComponentMenuItem,swig,STComponentMenuItem,STComponentMenuItem,delete,swig_dtor,STButton|TGButtonBase|TGPane|TGUIObject|TGEventHandlerObject|TGTemplatedAttrObject|TGAttrObject|TGObject,swig_ctor_dtor
0x0062f180,swig_STComponentMenuItem_Cast,swig,STComponentMenuItem,STComponentMenuItem,Cast,swig_helper,STButton|TGButtonBase|TGPane|TGUIObject|TGEventHandlerObject|TGTemplatedAttrObject|TGAttrObject|TGObject,swig_helper_synth
0x0062f1f0,swig_STComponentMenuItem_GetSubsystem,swig,,STComponentMenuItem,GetSubsystem,python_wrapper,,python_class_method
0x0062f260,swig_new_STTiledIcon,swig,STTiledIcon,STTiledIcon,new,swig_ctor,TGIcon|TGUIObject|TGEventHandlerObject|TGTemplatedAttrObject|TGAttrObject|TGObject,swig_ctor_dtor
0x0062f360,swig_STTiledIcon_Create,swig,STTiledIcon,STTiledIcon,Create,swig_helper,TGIcon|TGUIObject|TGEventHandlerObject|TGTemplatedAttrObject|TGAttrObject|TGObject,swig_helper_synth
0x0062f460,swig_delete_STTiledIcon,swig,STTiledIcon,STTiledIcon,delete,swig_dtor,TGIcon|TGUIObject|TGEventHandlerObject|TGTemplatedAttrObject|TGAttrObject|TGObject,swig_ctor_dtor
0x0062f4d0,swig_STTiledIcon_Cast,swig,STTiledIcon,STTiledIcon,Cast,swig_helper,TGIcon|TGUIObject|TGEventHandlerObject|TGTemplatedAttrObject|TGAttrObject|TGObject,swig_helper_synth
0x0062f540,swig_STTiledIcon_IsTiling,swig,STTiledIcon,,IsTiling,direct,TGIcon|TGUIObject|TGEventHandlerObject|TGTemplatedAttrObject|TGAttrObject|TGObject,c_symbol
0x0062f5c0,swig_STTiledIcon_IsTileSize,swig,STTiledIcon,,IsTileSize,direct,TGIcon|TGUIObject|TGEventHandlerObject|TGTemplatedAttrObject|TGAttrObject|TGObject,c_symbol
0x0062f640,swig_STTiledIcon_SetTiling,swig,STTiledIcon,,SetTiling,direct,TGIcon|TGUIObject|TGEventHandlerObject|TGTemplatedAttrObject|TGAttrObject|TGObject,c_symbol
0x0062f6d0,swig_STTiledIcon_SetTileSize,swig,STTiledIcon,,SetTileSize,direct,TGIcon|TGUIObject|TGEventHandlerObject|TGTemplatedAttrObject|TGAttrObject|TGObject,c_symbol
0x0062f760,swig_STTiledIcon_SetTileNum,swig,STTiledIcon,,SetTileNum,direct,TGIcon|TGUIObject|TGEventHandlerObject|TGTemplatedAttrObject|TGAttrObject|TGObject,c_symbol
0x0062f7f0,swig_STTiledIcon_GetTileNum,swig,STTiledIcon,,GetTileNum,direct,TGIcon|TGUIObject|TGEventHandlerObject|TGTemplatedAttrObject|TGAttrObject|TGObject,c_symbol
0x0062f870,swig_new_GraphicsMenuInfo,swig,GraphicsMenuInfo,GraphicsMenuInfo,new,swig_ctor,,swig_ctor_dtor
0x0062f920,swig_GraphicsMenuInfo_m_bDataWasChanged_set,swig,GraphicsMenuInfo,GraphicsMenuInfo,m_bDataWasChanged,swig_field_accessor,,swig_accessor
0x0062f9a0,swig_GraphicsMenuInfo_m_bDataWasChanged_get,swig,GraphicsMenuInfo,GraphicsMenuInfo,m_bDataWasChanged,swig_field_accessor,,swig_accessor
0x0062fa20,swig_GraphicsMenuInfo_m_bModeWasChanged_set,swig,GraphicsMenuInfo,GraphicsMenuInfo,m_bModeWasChanged,swig_field_accessor,,swig_accessor
0x0062faa0,swig_GraphicsMenuInfo_m_bModeWasChanged_get,swig,GraphicsMenuInfo,GraphicsMenuInfo,m_bModeWasChanged,swig_field_accessor,,swig_accessor
0x0062fb20,swig_GraphicsMenuInfo_m_bWeAreCanceling_set,swig,GraphicsMenuInfo,GraphicsMenuInfo,m_bWeAreCanceling,swig_field_accessor,,swig_accessor
0x0062fba0,swig_GraphicsMenuInfo_m_bWeAreCanceling_get,swig,GraphicsMenuInfo,GraphicsMenuInfo,m_bWeAreCanceling,swig_field_accessor,,swig_accessor
0x0062fc20,swig_GraphicsMenuInfo_m_bWeAreUndoing_set,swig,GraphicsMenuInfo,GraphicsMenuInfo,m_bWeAreUndoing,swig_field_accessor,,swig_accessor
0x0062fca0,swig_GraphicsMenuInfo_m_bWeAreUndoing_get,swig,GraphicsMenuInfo,GraphicsMenuInfo,m_bWeAreUndoing,swig_field_accessor,,swig_accessor
0x0062fd20,swig_GraphicsMenuInfo_m_bDetect_set,swig,GraphicsMenuInfo,GraphicsMenuInfo,m_bDetect,swig_field_accessor,,swig_accessor
0x0062fda0,swig_GraphicsMenuInfo_m_bDetect_get,swig,GraphicsMenuInfo,GraphicsMenuInfo,m_bDetect,swig_field_accessor,,swig_accessor
0x0062fe20,swig_GraphicsMenuInfo_m_kUndoMode_set,swig,GraphicsMenuInfo,GraphicsMenuInfo,m_kUndoMode,swig_field_accessor,,swig_accessor
0x0062fec0,swig_GraphicsMenuInfo_m_kUndoMode_get,swig,GraphicsMenuInfo,GraphicsMenuInfo,m_kUndoMode,swig_field_accessor,,swig_accessor
0x0062ff30,swig_GraphicsMenuInfo_m_kOldMode_set,swig,GraphicsMenuInfo,GraphicsMenuInfo,m_kOldMode,swig_field_accessor,,swig_accessor
0x0062ffd0,swig_GraphicsMenuInfo_m_kOldMode_get,swig,GraphicsMenuInfo,GraphicsMenuInfo,m_kOldMode,swig_field_accessor,,swig_accessor
0x00630040,swig_GraphicsMenuInfo_m_pSizeToggle_set,swig,GraphicsMenuInfo,GraphicsMenuInfo,m_pSizeToggle,swig_field_accessor,,swig_accessor
0x006300e0,swig_GraphicsMenuInfo_m_pSizeToggle_get,swig,GraphicsMenuInfo,GraphicsMenuInfo,m_pSizeToggle,swig_field_accessor,,swig_accessor
0x00630150,swig_GraphicsMenuInfo_m_pColorDepthToggle_set,swig,GraphicsMenuInfo,GraphicsMenuInfo,m_pColorDepthToggle,swig_field_accessor,,swig_accessor
0x006301f0,swig_GraphicsMenuInfo_m_pColorDepthToggle_get,swig,GraphicsMenuInfo,GraphicsMenuInfo,m_pColorDepthToggle,swig_field_accessor,,swig_accessor
0x00630260,swig_GraphicsMenuInfo_m_pApplyButton_set,swig,GraphicsMenuInfo,GraphicsMenuInfo,m_pApplyButton,swig_field_accessor,,swig_accessor
0x00630300,swig_GraphicsMenuInfo_m_pApplyButton_get,swig,GraphicsMenuInfo,GraphicsMenuInfo,m_pApplyButton,swig_field_accessor,,swig_accessor
0x00630370,swig_GraphicsMenuInfo_ms_pDatabase_set,swig,GraphicsMenuInfo,GraphicsMenuInfo,ms_pDatabase,swig_field_accessor,,swig_accessor
0x00630410,swig_GraphicsMenuInfo_ms_pDatabase_get,swig,GraphicsMenuInfo,GraphicsMenuInfo,ms_pDatabase,swig_field_accessor,,swig_accessor
0x00630480,swig_GraphicsMenuInfo_m_kSavedTitle_set,swig,GraphicsMenuInfo,GraphicsMenuInfo,m_kSavedTitle,swig_field_accessor,,swig_accessor
0x00630520,swig_GraphicsMenuInfo_m_kSavedTitle_get,swig,GraphicsMenuInfo,GraphicsMenuInfo,m_kSavedTitle,swig_field_accessor,,swig_accessor
0x00630590,swig_GraphicsMenuInfo_ms_pGraphicsMenu_set,swig,GraphicsMenuInfo,GraphicsMenuInfo,ms_pGraphicsMenu,swig_field_accessor,,swig_accessor
0x00630630,swig_GraphicsMenuInfo_ms_pGraphicsMenu_get,swig,GraphicsMenuInfo,GraphicsMenuInfo,ms_pGraphicsMenu,swig_field_accessor,,swig_accessor
0x006306a0,swig_GraphicsMenu_CreateW,swig,GraphicsMenu,GraphicsMenu,CreateW,swig_helper,TGPane|TGUIObject|TGEventHandlerObject|TGTemplatedAttrObject|TGAttrObject|TGObject,swig_helper_synth
0x00630740,swig_GraphicsMenu_Cast,swig,GraphicsMenu,GraphicsMenu,Cast,swig_helper,TGPane|TGUIObject|TGEventHandlerObject|TGTemplatedAttrObject|TGAttrObject|TGObject,swig_helper_synth
0x006307b0,swig_GraphicsMenu_ChangeDisplayMode,swig,GraphicsMenu,,ChangeDisplayMode,direct,TGPane|TGUIObject|TGEventHandlerObject|TGTemplatedAttrObject|TGAttrObject|TGObject,c_symbol
0x00630830,swig_GraphicsMenu_GetDevicesMenu,swig,,GraphicsMenu,GetDevicesMenu,python_wrapper,,python_class_method
0x006308a0,swig_GraphicsMenu_GetSizeToggle,swig,,GraphicsMenu,GetSizeToggle,python_wrapper,,python_class_method
0x00630910,swig_GraphicsMenu_GetColorDepthToggle,swig,,GraphicsMenu,GetColorDepthToggle,python_wrapper,,python_class_method
0x00630980,swig_GraphicsMenu_GetResolutionMenu,swig,,GraphicsMenu,GetResolutionMenu,python_wrapper,,python_class_method
0x006309f0,swig_GraphicsMenu_ResetToggles,swig,GraphicsMenu,,ResetToggles,direct,TGPane|TGUIObject|TGEventHandlerObject|TGTemplatedAttrObject|TGAttrObject|TGObject,c_symbol
0x00630a60,swig_GraphicsMenu_GetGraphicsMenu,swig,GraphicsMenu,,GetGraphicsMenu,direct_unmatched,TGPane|TGUIObject|TGEventHandlerObject|TGTemplatedAttrObject|TGAttrObject|TGObject,class_prefix
0x00630ab0,swig_delete_GraphicsMenu,swig,GraphicsMenu,GraphicsMenu,delete,swig_dtor,TGPane|TGUIObject|TGEventHandlerObject|TGTemplatedAttrObject|TGAttrObject|TGObject,swig_ctor_dtor
0x00630b20,swig_ShipDisplay_Create,swig,ShipDisplay,ShipDisplay,Create,swig_helper,STStylizedWindow|TGWindow|TGPane|TGUIObject|TGEventHandlerObject|TGTemplatedAttrObject|TGAttrObject|TGObject,swig_helper_synth
0x00630b90,swig_ShipDisplay_Cast,swig,ShipDisplay,ShipDisplay,Cast,swig_helper,STStylizedWindow|TGWindow|TGPane|TGUIObject|TGEventHandlerObject|TGTemplatedAttrObject|TGAttrObject|TGObject,swig_helper_synth
0x00630c00,swig_new_ShipDisplay,swig,ShipDisplay,ShipDisplay,new,swig_ctor,STStylizedWindow|TGWindow|TGPane|TGUIObject|TGEventHandlerObject|TGTemplatedAttrObject|TGAttrObject|TGObject,swig_ctor_dtor
0x00630c70,swig_delete_ShipDisplay,swig,ShipDisplay,ShipDisplay,delete,swig_dtor,STStylizedWindow|TGWindow|TGPane|TGUIObject|TGEventHandlerObject|TGTemplatedAttrObject|TGAttrObject|TGObject,swig_ctor_dtor
0x00630ce0,swig_ShipDisplay_SetShipID,swig,ShipDisplay,,SetShipID,direct,STStylizedWindow|TGWindow|TGPane|TGUIObject|TGEventHandlerObject|TGTemplatedAttrObject|TGAttrObject|TGObject,c_symbol
0x00630d60,swig_ShipDisplay_SetShipIDVar,swig,ShipDisplay,,SetShipIDVar,direct,STStylizedWindow|TGWindow|TGPane|TGUIObject|TGEventHandlerObject|TGTemplatedAttrObject|TGAttrObject|TGObject,c_symbol
0x00630de0,swig_ShipDisplay_GetShipID,swig,ShipDisplay,,GetShipID,direct,STStylizedWindow|TGWindow|TGPane|TGUIObject|TGEventHandlerObject|TGTemplatedAttrObject|TGAttrObject|TGObject,c_symbol
0x00630e40,swig_ShipDisplay_AddTargetChangeEvent,swig,ShipDisplay,,AddTargetChangeEvent,direct,STStylizedWindow|TGWindow|TGPane|TGUIObject|TGEventHandlerObject|TGTemplatedAttrObject|TGAttrObject|TGObject,c_symbol
0x00630eb0,swig_ShipDisplay_ResizeUI,swig,ShipDisplay,,ResizeUI,direct,STStylizedWindow|TGWindow|TGPane|TGUIObject|TGEventHandlerObject|TGTemplatedAttrObject|TGAttrObject|TGObject,c_symbol
0x00630f20,swig_ShipDisplay_RepositionUI,swig,ShipDisplay,,RepositionUI,direct,STStylizedWindow|TGWindow|TGPane|TGUIObject|TGEventHandlerObject|TGTemplatedAttrObject|TGAttrObject|TGObject,c_symbol
0x00630f90,swig_ShipDisplay_SetShieldsDisplay,swig,ShipDisplay,,SetShieldsDisplay,direct,STStylizedWindow|TGWindow|TGPane|TGUIObject|TGEventHandlerObject|TGTemplatedAttrObject|TGAttrObject|TGObject,c_symbol
0x00631030,swig_ShipDisplay_SetDamageDisplay,swig,ShipDisplay,,SetDamageDisplay,direct,STStylizedWindow|TGWindow|TGPane|TGUIObject|TGEventHandlerObject|TGTemplatedAttrObject|TGAttrObject|TGObject,c_symbol
0x006310d0,swig_ShipDisplay_SetHealthGauge,swig,ShipDisplay,,SetHealthGauge,direct,STStylizedWindow|TGWindow|TGPane|TGUIObject|TGEventHandlerObject|TGTemplatedAttrObject|TGAttrObject|TGObject,c_symbol
0x00631170,swig_ShipDisplay_GetShieldsDisplay,swig,,ShipDisplay,GetShieldsDisplay,python_wrapper,,python_class_method
0x006311e0,swig_ShipDisplay_GetDamageDisplay,swig,,ShipDisplay,GetDamageDisplay,python_wrapper,,python_class_method
0x00631250,swig_ShipDisplay_GetHealthGauge,swig,,ShipDisplay,GetHealthGauge,python_wrapper,,python_class_method
0x006312c0,swig_new_ShieldsDisplay,swig,ShieldsDisplay,ShieldsDisplay,new,swig_ctor,TGPane|TGUIObject|TGEventHandlerObject|TGTemplatedAttrObject|TGAttrObject|TGObject,swig_ctor_dtor
0x00631340,swig_delete_ShieldsDisplay,swig,ShieldsDisplay,ShieldsDisplay,delete,swig_dtor,TGPane|TGUIObject|TGEventHandlerObject|TGTemplatedAttrObject|TGAttrObject|TGObject,swig_ctor_dtor
0x006313b0,swig_ShieldsDisplay_Create,swig,ShieldsDisplay,ShieldsDisplay,Create,swig_helper,TGPane|TGUIObject|TGEventHandlerObject|TGTemplatedAttrObject|TGAttrObject|TGObject,swig_helper_synth
0x00631450,swig_ShieldsDisplay_Cast,swig,ShieldsDisplay,ShieldsDisplay,Cast,swig_helper,TGPane|TGUIObject|TGEventHandlerObject|TGTemplatedAttrObject|TGAttrObject|TGObject,swig_helper_synth
0x006314c0,swig_ShieldsDisplay_UpdateForNewShip,swig,ShieldsDisplay,,UpdateForNewShip,direct,TGPane|TGUIObject|TGEventHandlerObject|TGTemplatedAttrObject|TGAttrObject|TGObject,c_symbol
0x00631530,swig_ShieldsDisplay_RemoveEvents,swig,ShieldsDisplay,,RemoveEvents,direct,TGPane|TGUIObject|TGEventHandlerObject|TGTemplatedAttrObject|TGAttrObject|TGObject,c_symbol
0x006315a0,swig_ShieldsDisplay_ResizeUI,swig,ShieldsDisplay,,ResizeUI,direct,TGPane|TGUIObject|TGEventHandlerObject|TGTemplatedAttrObject|TGAttrObject|TGObject,c_symbol
0x00631610,swig_ShieldsDisplay_RepositionUI,swig,ShieldsDisplay,,RepositionUI,direct,TGPane|TGUIObject|TGEventHandlerObject|TGTemplatedAttrObject|TGAttrObject|TGObject,c_symbol
0x00631680,swig_new_DamageIcon,swig,DamageIcon,DamageIcon,new,swig_ctor,TGIcon|TGUIObject|TGEventHandlerObject|TGTemplatedAttrObject|TGAttrObject|TGObject,swig_ctor_dtor
0x006317a0,swig_delete_DamageIcon,swig,DamageIcon,DamageIcon,delete,swig_dtor,TGIcon|TGUIObject|TGEventHandlerObject|TGTemplatedAttrObject|TGAttrObject|TGObject,swig_ctor_dtor
0x00631810,swig_DamageIcon_Cast,swig,DamageIcon,DamageIcon,Cast,swig_helper,TGIcon|TGUIObject|TGEventHandlerObject|TGTemplatedAttrObject|TGAttrObject|TGObject,swig_helper_synth
0x00631880,swig_DamageIcon_GetSubsystem,swig,,DamageIcon,GetSubsystem,python_wrapper,,python_class_method
0x006318f0,swig_DamageIcon_ResetPosition,swig,DamageIcon,,ResetPosition,direct,TGIcon|TGUIObject|TGEventHandlerObject|TGTemplatedAttrObject|TGAttrObject|TGObject,c_symbol
0x00631960,swig_DamageDisplay_Create,swig,DamageDisplay,DamageDisplay,Create,swig_helper,TGPane|TGUIObject|TGEventHandlerObject|TGTemplatedAttrObject|TGAttrObject|TGObject,swig_helper_synth
0x006319f0,swig_DamageDisplay_Cast,swig,DamageDisplay,DamageDisplay,Cast,swig_helper,TGPane|TGUIObject|TGEventHandlerObject|TGTemplatedAttrObject|TGAttrObject|TGObject,swig_helper_synth
0x00631a60,swig_new_DamageDisplay,swig,DamageDisplay,DamageDisplay,new,swig_ctor,TGPane|TGUIObject|TGEventHandlerObject|TGTemplatedAttrObject|TGAttrObject|TGObject,swig_ctor_dtor
0x00631ae0,swig_delete_DamageDisplay,swig,DamageDisplay,DamageDisplay,delete,swig_dtor,TGPane|TGUIObject|TGEventHandlerObject|TGTemplatedAttrObject|TGAttrObject|TGObject,swig_ctor_dtor
0x00631b50,swig_DamageDisplay_UpdateForNewShip,swig,DamageDisplay,,UpdateForNewShip,direct,TGPane|TGUIObject|TGEventHandlerObject|TGTemplatedAttrObject|TGAttrObject|TGObject,c_symbol
0x00631bc0,swig_DamageDisplay_RemoveEvents,swig,DamageDisplay,,RemoveEvents,direct,TGPane|TGUIObject|TGEventHandlerObject|TGTemplatedAttrObject|TGAttrObject|TGObject,c_symbol
0x00631c30,swig_DamageDisplay_ResizeUI,swig,DamageDisplay,,ResizeUI,direct,TGPane|TGUIObject|TGEventHandlerObject|TGTemplatedAttrObject|TGAttrObject|TGObject,c_symbol
0x00631ca0,swig_DamageDisplay_RepositionUI,swig,DamageDisplay,,RepositionUI,direct,TGPane|TGUIObject|TGEventHandlerObject|TGTemplatedAttrObject|TGAttrObject|TGObject,c_symbol
0x00631d10,swig_DamageDisplay_GetShip,swig,,DamageDisplay,GetShip,python_wrapper,,python_class_method
0x00631d80,swig_new_WeaponsDisplay,swig,WeaponsDisplay,WeaponsDisplay,new,swig_ctor,STStylizedWindow|TGWindow|TGPane|TGUIObject|TGEventHandlerObject|TGTemplatedAttrObject|TGAttrObject|TGObject,swig_ctor_dtor
0x00631e00,swig_delete_WeaponsDisplay,swig,WeaponsDisplay,WeaponsDisplay,delete,swig_dtor,STStylizedWindow|TGWindow|TGPane|TGUIObject|TGEventHandlerObject|TGTemplatedAttrObject|TGAttrObject|TGObject,swig_ctor_dtor
0x00631e70,swig_WeaponsDisplay_Create,swig,WeaponsDisplay,WeaponsDisplay,Create,swig_helper,STStylizedWindow|TGWindow|TGPane|TGUIObject|TGEventHandlerObject|TGTemplatedAttrObject|TGAttrObject|TGObject,swig_helper_synth
0x00631f10,swig_WeaponsDisplay_Cast,swig,WeaponsDisplay,WeaponsDisplay,Cast,swig_helper,STStylizedWindow|TGWindow|TGPane|TGUIObject|TGEventHandlerObject|TGTemplatedAttrObject|TGAttrObject|TGObject,swig_helper_synth
0x00631f80,swig_WeaponsDisplay_SetShipID,swig,WeaponsDisplay,,SetShipID,direct,STStylizedWindow|TGWindow|TGPane|TGUIObject|TGEventHandlerObject|TGTemplatedAttrObject|TGAttrObject|TGObject,c_symbol
0x00632000,swig_WeaponsDisplay_GetShipID,swig,WeaponsDisplay,,GetShipID,direct,STStylizedWindow|TGWindow|TGPane|TGUIObject|TGEventHandlerObject|TGTemplatedAttrObject|TGAttrObject|TGObject,c_symbol
0x00632060,swig_new_RadarDisplay,swig,RadarDisplay,RadarDisplay,new,swig_ctor,STStylizedWindow|TGWindow|TGPane|TGUIObject|TGEventHandlerObject|TGTemplatedAttrObject|TGAttrObject|TGObject,swig_ctor_dtor
0x006320e0,swig_delete_RadarDisplay,swig,RadarDisplay,RadarDisplay,delete,swig_dtor,STStylizedWindow|TGWindow|TGPane|TGUIObject|TGEventHandlerObject|TGTemplatedAttrObject|TGAttrObject|TGObject,swig_ctor_dtor
0x00632150,swig_RadarDisplay_SetColorBasedOnFlags,swig,RadarDisplay,,SetColorBasedOnFlags,direct,STStylizedWindow|TGWindow|TGPane|TGUIObject|TGEventHandlerObject|TGTemplatedAttrObject|TGAttrObject|TGObject,c_symbol
0x006321c0,swig_RadarDisplay_Create,swig,RadarDisplay,RadarDisplay,Create,swig_helper,STStylizedWindow|TGWindow|TGPane|TGUIObject|TGEventHandlerObject|TGTemplatedAttrObject|TGAttrObject|TGObject,swig_helper_synth
0x00632260,swig_RadarDisplay_Cast,swig,RadarDisplay,RadarDisplay,Cast,swig_helper,STStylizedWindow|TGWindow|TGPane|TGUIObject|TGEventHandlerObject|TGTemplatedAttrObject|TGAttrObject|TGObject,swig_helper_synth
0x006322d0,swig_RadarDisplay_ResizeUI,swig,RadarDisplay,,ResizeUI,direct,STStylizedWindow|TGWindow|TGPane|TGUIObject|TGEventHandlerObject|TGTemplatedAttrObject|TGAttrObject|TGObject,c_symbol
0x00632340,swig_RadarDisplay_RepositionUI,swig,RadarDisplay,,RepositionUI,direct,STStylizedWindow|TGWindow|TGPane|TGUIObject|TGEventHandlerObject|TGTemplatedAttrObject|TGAttrObject|TGObject,c_symbol
0x006323b0,swig_RadarBlip_Create,swig,RadarBlip,RadarBlip,Create,swig_helper,TGIcon|TGUIObject|TGEventHandlerObject|TGTemplatedAttrObject|TGAttrObject|TGObject,swig_helper_synth
0x00632470,swig_RadarBlip_SetShipID,swig,RadarBlip,,SetShipID,direct,TGIcon|TGUIObject|TGEventHandlerObject|TGTemplatedAttrObject|TGAttrObject|TGObject,c_symbol
0x006324f0,swig_RadarBlip_GetShipID,swig,RadarBlip,,GetShipID,direct,TGIcon|TGUIObject|TGEventHandlerObject|TGTemplatedAttrObject|TGAttrObject|TGObject,c_symbol
0x00632550,swig_delete_RadarBlip,swig,RadarBlip,RadarBlip,delete,swig_dtor,TGIcon|TGUIObject|TGEventHandlerObject|TGTemplatedAttrObject|TGAttrObject|TGObject,swig_ctor_dtor
0x006325c0,swig_new_RadarScope,swig,RadarScope,RadarScope,new,swig_ctor,TGPane|TGUIObject|TGEventHandlerObject|TGTemplatedAttrObject|TGAttrObject|TGObject,swig_ctor_dtor
0x00632640,swig_delete_RadarScope,swig,RadarScope,RadarScope,delete,swig_dtor,TGPane|TGUIObject|TGEventHandlerObject|TGTemplatedAttrObject|TGAttrObject|TGObject,swig_ctor_dtor
0x006326b0,swig_RadarScope_Create,swig,RadarScope,RadarScope,Create,swig_helper,TGPane|TGUIObject|TGEventHandlerObject|TGTemplatedAttrObject|TGAttrObject|TGObject,swig_helper_synth
0x00632740,swig_RadarScope_Update,swig,RadarScope,,Update,direct,TGPane|TGUIObject|TGEventHandlerObject|TGTemplatedAttrObject|TGAttrObject|TGObject,c_symbol
0x006327b0,swig_RadarScope_CreateShipIcon,swig,,RadarScope,CreateShipIcon,python_wrapper,,python_class_method
0x00632820,swig_RadarScope_SetTargetBracket,swig,RadarScope,,SetTargetBracket,direct,TGPane|TGUIObject|TGEventHandlerObject|TGTemplatedAttrObject|TGAttrObject|TGObject,c_symbol
0x006328c0,swig_new_TacWeaponsCtrl,swig,TacWeaponsCtrl,TacWeaponsCtrl,new,swig_ctor,STStylizedWindow|TGWindow|TGPane|TGUIObject|TGEventHandlerObject|TGTemplatedAttrObject|TGAttrObject|TGObject,swig_ctor_dtor
0x00632940,swig_delete_TacWeaponsCtrl,swig,TacWeaponsCtrl,TacWeaponsCtrl,delete,swig_dtor,STStylizedWindow|TGWindow|TGPane|TGUIObject|TGEventHandlerObject|TGTemplatedAttrObject|TGAttrObject|TGObject,swig_ctor_dtor
0x006329b0,swig_TacWeaponsCtrl_Create,swig,TacWeaponsCtrl,TacWeaponsCtrl,Create,swig_helper,STStylizedWindow|TGWindow|TGPane|TGUIObject|TGEventHandlerObject|TGTemplatedAttrObject|TGAttrObject|TGObject,swig_helper_synth
0x00632a50,swig_TacWeaponsCtrl_Cast,swig,TacWeaponsCtrl,TacWeaponsCtrl,Cast,swig_helper,STStylizedWindow|TGWindow|TGPane|TGUIObject|TGEventHandlerObject|TGTemplatedAttrObject|TGAttrObject|TGObject,swig_helper_synth
0x00632ac0,swig_TacWeaponsCtrl_GetTacWeaponsCtrl,swig,TacWeaponsCtrl,,GetTacWeaponsCtrl,direct_unmatched,STStylizedWindow|TGWindow|TGPane|TGUIObject|TGEventHandlerObject|TGTemplatedAttrObject|TGAttrObject|TGObject,class_prefix
0x00632af0,swig_TacWeaponsCtrl_GetPhaserIntensityToggle,swig,,TacWeaponsCtrl,GetPhaserIntensityToggle,python_wrapper,,python_class_method
0x00632b60,swig_TacWeaponsCtrl_GetTorpTypeToggle,swig,,TacWeaponsCtrl,GetTorpTypeToggle,python_wrapper,,python_class_method
0x00632bd0,swig_TacWeaponsCtrl_GetTorpSpreadToggle,swig,,TacWeaponsCtrl,GetTorpSpreadToggle,python_wrapper,,python_class_method
0x00632c40,swig_TacWeaponsCtrl_GetBeamToggle,swig,,TacWeaponsCtrl,GetBeamToggle,python_wrapper,,python_class_method
0x00632cb0,swig_TacWeaponsCtrl_GetCloakToggle,swig,,TacWeaponsCtrl,GetCloakToggle,python_wrapper,,python_class_method
0x00632d20,swig_TacWeaponsCtrl_RefreshPhaserSettings,swig,TacWeaponsCtrl,,RefreshPhaserSettings,direct,STStylizedWindow|TGWindow|TGPane|TGUIObject|TGEventHandlerObject|TGTemplatedAttrObject|TGAttrObject|TGObject,c_symbol
0x00632d90,swig_TacWeaponsCtrl_RefreshTorpedoSettings,swig,TacWeaponsCtrl,,RefreshTorpedoSettings,direct,STStylizedWindow|TGWindow|TGPane|TGUIObject|TGEventHandlerObject|TGTemplatedAttrObject|TGAttrObject|TGObject,c_symbol
0x00632e00,swig_TacWeaponsCtrl_RefreshTractorToggle,swig,TacWeaponsCtrl,,RefreshTractorToggle,direct,STStylizedWindow|TGWindow|TGPane|TGUIObject|TGEventHandlerObject|TGTemplatedAttrObject|TGAttrObject|TGObject,c_symbol
0x00632e70,swig_TacWeaponsCtrl_RefreshCloakToggle,swig,TacWeaponsCtrl,,RefreshCloakToggle,direct,STStylizedWindow|TGWindow|TGPane|TGUIObject|TGEventHandlerObject|TGTemplatedAttrObject|TGAttrObject|TGObject,c_symbol
0x00632ee0,swig_TacWeaponsCtrl_Init,swig,TacWeaponsCtrl,,Init,direct,STStylizedWindow|TGWindow|TGPane|TGUIObject|TGEventHandlerObject|TGTemplatedAttrObject|TGAttrObject|TGObject,c_symbol
0x00632f50,swig_new_EngPowerCtrl,swig,EngPowerCtrl,EngPowerCtrl,new,swig_ctor,TGPane|TGUIObject|TGEventHandlerObject|TGTemplatedAttrObject|TGAttrObject|TGObject,swig_ctor_dtor
0x00632fc0,swig_delete_EngPowerCtrl,swig,EngPowerCtrl,EngPowerCtrl,delete,swig_dtor,TGPane|TGUIObject|TGEventHandlerObject|TGTemplatedAttrObject|TGAttrObject|TGObject,swig_ctor_dtor
0x00633030,swig_EngPowerCtrl_GetPowerCtrl,swig,EngPowerCtrl,,GetPowerCtrl,direct_unmatched,TGPane|TGUIObject|TGEventHandlerObject|TGTemplatedAttrObject|TGAttrObject|TGObject,class_prefix
0x00633060,swig_EngPowerCtrl_Create,swig,EngPowerCtrl,EngPowerCtrl,Create,swig_helper,TGPane|TGUIObject|TGEventHandlerObject|TGTemplatedAttrObject|TGAttrObject|TGObject,swig_helper_synth
0x006330e0,swig_EngPowerCtrl_Refresh,swig,EngPowerCtrl,,Refresh,direct,TGPane|TGUIObject|TGEventHandlerObject|TGTemplatedAttrObject|TGAttrObject|TGObject,c_symbol
0x00633150,swig_EngPowerCtrl_GetBarForSubsystem,swig,,EngPowerCtrl,GetBarForSubsystem,python_wrapper,,python_class_method
0x006331f0,swig_new_EngPowerDisplay,swig,EngPowerDisplay,EngPowerDisplay,new,swig_ctor,TGPane|TGUIObject|TGEventHandlerObject|TGTemplatedAttrObject|TGAttrObject|TGObject,swig_ctor_dtor
0x00633280,swig_delete_EngPowerDisplay,swig,EngPowerDisplay,EngPowerDisplay,delete,swig_dtor,TGPane|TGUIObject|TGEventHandlerObject|TGTemplatedAttrObject|TGAttrObject|TGObject,swig_ctor_dtor
0x006332f0,swig_EngPowerDisplay_Create,swig,EngPowerDisplay,EngPowerDisplay,Create,swig_helper,TGPane|TGUIObject|TGEventHandlerObject|TGTemplatedAttrObject|TGAttrObject|TGObject,swig_helper_synth
0x00633390,swig_EngPowerDisplay_Cast,swig,EngPowerDisplay,EngPowerDisplay,Cast,swig_helper,TGPane|TGUIObject|TGEventHandlerObject|TGTemplatedAttrObject|TGAttrObject|TGObject,swig_helper_synth
0x00633400,swig_EngPowerDisplay_CreateBatteryGauge,swig,,EngPowerDisplay,CreateBatteryGauge,python_wrapper,,python_class_method
0x00633480,swig_EngPowerDisplay_GetPowerDisplay,swig,EngPowerDisplay,,GetPowerDisplay,direct_unmatched,TGPane|TGUIObject|TGEventHandlerObject|TGTemplatedAttrObject|TGAttrObject|TGObject,class_prefix
0x006334b0,swig_new_EngRepairPane,swig,EngRepairPane,EngRepairPane,new,swig_ctor,TGPane|TGUIObject|TGEventHandlerObject|TGTemplatedAttrObject|TGAttrObject|TGObject,swig_ctor_dtor
0x00633540,swig_delete_EngRepairPane,swig,EngRepairPane,EngRepairPane,delete,swig_dtor,TGPane|TGUIObject|TGEventHandlerObject|TGTemplatedAttrObject|TGAttrObject|TGObject,swig_ctor_dtor
0x006335b0,swig_EngRepairPane_Create,swig,EngRepairPane,EngRepairPane,Create,swig_helper,TGPane|TGUIObject|TGEventHandlerObject|TGTemplatedAttrObject|TGAttrObject|TGObject,swig_helper_synth
0x00633640,swig_EngRepairPane_GetRepairPane,swig,EngRepairPane,,GetRepairPane,direct_unmatched,TGPane|TGUIObject|TGEventHandlerObject|TGTemplatedAttrObject|TGAttrObject|TGObject,class_prefix
0x00633670,swig_EngRepairPane_Cast,swig,EngRepairPane,EngRepairPane,Cast,swig_helper,TGPane|TGUIObject|TGEventHandlerObject|TGTemplatedAttrObject|TGAttrObject|TGObject,swig_helper_synth
0x006336e0,swig_EngRepairPane_GetSubsystemButton,swig,,EngRepairPane,GetSubsystemButton,python_wrapper,,python_class_method
0x00633780,swig_EngRepairPane_ResizeToContents,swig,EngRepairPane,,ResizeToContents,direct,TGPane|TGUIObject|TGEventHandlerObject|TGTemplatedAttrObject|TGAttrObject|TGObject,c_symbol
0x006337f0,swig_STWarpButton_Create,swig,STWarpButton,STWarpButton,Create,swig_helper,STButton|TGButtonBase|TGPane|TGUIObject|TGEventHandlerObject|TGTemplatedAttrObject|TGAttrObject|TGObject,swig_helper_synth
0x006338c0,swig_STWarpButton_CreateW,swig,STWarpButton,STWarpButton,CreateW,swig_helper,STButton|TGButtonBase|TGPane|TGUIObject|TGEventHandlerObject|TGTemplatedAttrObject|TGAttrObject|TGObject,swig_helper_synth
0x00633960,swig_STWarpButton_Cast,swig,STWarpButton,STWarpButton,Cast,swig_helper,STButton|TGButtonBase|TGPane|TGUIObject|TGEventHandlerObject|TGTemplatedAttrObject|TGAttrObject|TGObject,swig_helper_synth
0x006339d0,swig_STWarpButton_SetCourseMenu,swig,STWarpButton,,SetCourseMenu,direct,STButton|TGButtonBase|TGPane|TGUIObject|TGEventHandlerObject|TGTemplatedAttrObject|TGAttrObject|TGObject,c_symbol
0x00633a70,swig_STWarpButton_SetWarpTime,swig,STWarpButton,,SetWarpTime,direct,STButton|TGButtonBase|TGPane|TGUIObject|TGEventHandlerObject|TGTemplatedAttrObject|TGAttrObject|TGObject,c_symbol
0x00633af0,swig_STWarpButton_GetWarpTime,swig,STWarpButton,,GetWarpTime,direct,STButton|TGButtonBase|TGPane|TGUIObject|TGEventHandlerObject|TGTemplatedAttrObject|TGAttrObject|TGObject,c_symbol
0x00633b60,swig_STWarpButton_SetShip,swig,STWarpButton,,SetShip,direct,STButton|TGButtonBase|TGPane|TGUIObject|TGEventHandlerObject|TGTemplatedAttrObject|TGAttrObject|TGObject,c_symbol
0x00633c00,swig_STWarpButton_AddActionBeforeWarp,swig,STWarpButton,,AddActionBeforeWarp,direct,STButton|TGButtonBase|TGPane|TGUIObject|TGEventHandlerObject|TGTemplatedAttrObject|TGAttrObject|TGObject,c_symbol
0x00633cc0,swig_STWarpButton_AddActionBeforeDuringWarp,swig,STWarpButton,,AddActionBeforeDuringWarp,direct,STButton|TGButtonBase|TGPane|TGUIObject|TGEventHandlerObject|TGTemplatedAttrObject|TGAttrObject|TGObject,c_symbol
0x00633d80,swig_STWarpButton_AddActionDuringWarp,swig,STWarpButton,,AddActionDuringWarp,direct,STButton|TGButtonBase|TGPane|TGUIObject|TGEventHandlerObject|TGTemplatedAttrObject|TGAttrObject|TGObject,c_symbol
0x00633e40,swig_STWarpButton_AddActionAfterDuringWarp,swig,STWarpButton,,AddActionAfterDuringWarp,direct,STButton|TGButtonBase|TGPane|TGUIObject|TGEventHandlerObject|TGTemplatedAttrObject|TGAttrObject|TGObject,c_symbol
0x00633f00,swig_STWarpButton_AddActionAfterWarp,swig,STWarpButton,,AddActionAfterWarp,direct,STButton|TGButtonBase|TGPane|TGUIObject|TGEventHandlerObject|TGTemplatedAttrObject|TGAttrObject|TGObject,c_symbol
0x00633fc0,swig_STWarpButton_ClearBDASequences,swig,STWarpButton,,ClearBDASequences,direct,STButton|TGButtonBase|TGPane|TGUIObject|TGEventHandlerObject|TGTemplatedAttrObject|TGAttrObject|TGObject,c_symbol
0x00634030,swig_STWarpButton_SetDestination,swig,STWarpButton,,SetDestination,direct,STButton|TGButtonBase|TGPane|TGUIObject|TGEventHandlerObject|TGTemplatedAttrObject|TGAttrObject|TGObject,c_symbol
0x006341e0,swig_STWarpButton_GetDestination,swig,STWarpButton,,GetDestination,direct,STButton|TGButtonBase|TGPane|TGUIObject|TGEventHandlerObject|TGTemplatedAttrObject|TGAttrObject|TGObject,c_symbol
0x00634250,swig_STWarpButton_GetDestinationButtonID,swig,STWarpButton,,GetDestinationButtonID,direct,STButton|TGButtonBase|TGPane|TGUIObject|TGEventHandlerObject|TGTemplatedAttrObject|TGAttrObject|TGObject,c_symbol
0x006342b0,swig_STWarpButton_SetUseLargeLoadingScreen,swig,STWarpButton,,SetUseLargeLoadingScreen,direct,STButton|TGButtonBase|TGPane|TGUIObject|TGEventHandlerObject|TGTemplatedAttrObject|TGAttrObject|TGObject,c_symbol
0x00634330,swig_STWarpButton_SetLocation,swig,STWarpButton,,SetLocation,direct,STButton|TGButtonBase|TGPane|TGUIObject|TGEventHandlerObject|TGTemplatedAttrObject|TGAttrObject|TGObject,c_symbol
0x006343f0,swig_STWarpButton_SetPlacementName,swig,STWarpButton,,SetPlacementName,direct,STButton|TGButtonBase|TGPane|TGUIObject|TGEventHandlerObject|TGTemplatedAttrObject|TGAttrObject|TGObject,c_symbol
0x006344b0,swig_delete_STWarpButton,swig,STWarpButton,STWarpButton,delete,swig_dtor,STButton|TGButtonBase|TGPane|TGUIObject|TGEventHandlerObject|TGTemplatedAttrObject|TGAttrObject|TGObject,swig_ctor_dtor
0x00634520,swig_SortedRegionMenu_Create,swig,SortedRegionMenu,SortedRegionMenu,Create,swig_helper,STCharacterMenu|STMenu|TGWindow|TGPane|TGUIObject|TGEventHandlerObject|TGTemplatedAttrObject|TGAttrObject|TGObject,swig_helper_synth
0x00634690,swig_SortedRegionMenu_CreateW,swig,SortedRegionMenu,SortedRegionMenu,CreateW,swig_helper,STCharacterMenu|STMenu|TGWindow|TGPane|TGUIObject|TGEventHandlerObject|TGTemplatedAttrObject|TGAttrObject|TGObject,swig_helper_synth
0x006347e0,swig_SortedRegionMenu_Cast,swig,SortedRegionMenu,SortedRegionMenu,Cast,swig_helper,STCharacterMenu|STMenu|TGWindow|TGPane|TGUIObject|TGEventHandlerObject|TGTemplatedAttrObject|TGAttrObject|TGObject,swig_helper_synth
0x00634850,swig_SortedRegionMenu_CreateNull,swig,SortedRegionMenu,SortedRegionMenu,CreateNull,swig_helper,STCharacterMenu|STMenu|TGWindow|TGPane|TGUIObject|TGEventHandlerObject|TGTemplatedAttrObject|TGAttrObject|TGObject,swig_helper_synth
0x00634880,swig_SortedRegionMenu_SetWarpButton,swig,SortedRegionMenu,,SetWarpButton,direct_unmatched,STCharacterMenu|STMenu|TGWindow|TGPane|TGUIObject|TGEventHandlerObject|TGTemplatedAttrObject|TGAttrObject|TGObject,class_prefix
0x006348f0,swig_SortedRegionMenu_GetWarpButton,swig,SortedRegionMenu,,GetWarpButton,direct_unmatched,STCharacterMenu|STMenu|TGWindow|TGPane|TGUIObject|TGEventHandlerObject|TGTemplatedAttrObject|TGAttrObject|TGObject,class_prefix
0x00634920,swig_SortedRegionMenu_SetRegionName,swig,SortedRegionMenu,,SetRegionName,direct,STCharacterMenu|STMenu|TGWindow|TGPane|TGUIObject|TGEventHandlerObject|TGTemplatedAttrObject|TGAttrObject|TGObject,c_symbol
0x006349e0,swig_SortedRegionMenu_SetEpisodeName,swig,SortedRegionMenu,,SetEpisodeName,direct,STCharacterMenu|STMenu|TGWindow|TGPane|TGUIObject|TGEventHandlerObject|TGTemplatedAttrObject|TGAttrObject|TGObject,c_symbol
0x00634aa0,swig_SortedRegionMenu_SetMissionName,swig,SortedRegionMenu,,SetMissionName,direct,STCharacterMenu|STMenu|TGWindow|TGPane|TGUIObject|TGEventHandlerObject|TGTemplatedAttrObject|TGAttrObject|TGObject,c_symbol
0x00634b60,swig_SortedRegionMenu_SetPlacementName,swig,SortedRegionMenu,,SetPlacementName,direct,STCharacterMenu|STMenu|TGWindow|TGPane|TGUIObject|TGEventHandlerObject|TGTemplatedAttrObject|TGAttrObject|TGObject,c_symbol
0x00634c20,swig_SortedRegionMenu_SetUseLargeLoadingScreen,swig,SortedRegionMenu,,SetUseLargeLoadingScreen,direct,STCharacterMenu|STMenu|TGWindow|TGPane|TGUIObject|TGEventHandlerObject|TGTemplatedAttrObject|TGAttrObject|TGObject,c_symbol
0x00634ca0,swig_SortedRegionMenu_SetWarpToHere,swig,SortedRegionMenu,,SetWarpToHere,direct,STCharacterMenu|STMenu|TGWindow|TGPane|TGUIObject|TGEventHandlerObject|TGTemplatedAttrObject|TGAttrObject|TGObject,c_symbol
0x00634d10,swig_SortedRegionMenu_GetRegionName,swig,SortedRegionMenu,,GetRegionName,direct,STCharacterMenu|STMenu|TGWindow|TGPane|TGUIObject|TGEventHandlerObject|TGTemplatedAttrObject|TGAttrObject|TGObject,c_symbol
0x00634d80,swig_SortedRegionMenu_GetEpisodeName,swig,SortedRegionMenu,,GetEpisodeName,direct,STCharacterMenu|STMenu|TGWindow|TGPane|TGUIObject|TGEventHandlerObject|TGTemplatedAttrObject|TGAttrObject|TGObject,c_symbol
0x00634df0,swig_SortedRegionMenu_GetMissionName,swig,SortedRegionMenu,,GetMissionName,direct,STCharacterMenu|STMenu|TGWindow|TGPane|TGUIObject|TGEventHandlerObject|TGTemplatedAttrObject|TGAttrObject|TGObject,c_symbol
0x00634e60,swig_SortedRegionMenu_GetPlacementName,swig,SortedRegionMenu,,GetPlacementName,direct,STCharacterMenu|STMenu|TGWindow|TGPane|TGUIObject|TGEventHandlerObject|TGTemplatedAttrObject|TGAttrObject|TGObject,c_symbol
0x00634ed0,swig_SortedRegionMenu_ClearInfo,swig,SortedRegionMenu,,ClearInfo,direct,STCharacterMenu|STMenu|TGWindow|TGPane|TGUIObject|TGEventHandlerObject|TGTemplatedAttrObject|TGAttrObject|TGObject,c_symbol
0x00634f40,swig_SortedRegionMenu_ClearSetCourseMenu,swig,SortedRegionMenu,,ClearSetCourseMenu,direct_unmatched,STCharacterMenu|STMenu|TGWindow|TGPane|TGUIObject|TGEventHandlerObject|TGTemplatedAttrObject|TGAttrObject|TGObject,class_prefix
0x00634f70,swig_SortedRegionMenu_InitializeAllSets,swig,,SortedRegionMenu,InitializeAllSets,python_wrapper,,python_class_method
0x00634fe0,swig_SortedRegionMenu_SetPauseSorting,swig,SortedRegionMenu,,SetPauseSorting,direct_unmatched,STCharacterMenu|STMenu|TGWindow|TGPane|TGUIObject|TGEventHandlerObject|TGTemplatedAttrObject|TGAttrObject|TGObject,class_prefix
0x00635010,swig_SortedRegionMenu_IsSortingPaused,swig,SortedRegionMenu,,IsSortingPaused,direct_unmatched,STCharacterMenu|STMenu|TGWindow|TGPane|TGUIObject|TGEventHandlerObject|TGTemplatedAttrObject|TGAttrObject|TGObject,class_prefix
0x00635040,swig_SortedRegionMenu_GetRoot,swig,SortedRegionMenu,,GetRoot,direct_unmatched,STCharacterMenu|STMenu|TGWindow|TGPane|TGUIObject|TGEventHandlerObject|TGTemplatedAttrObject|TGAttrObject|TGObject,class_prefix
0x00635070,swig_delete_SortedRegionMenu,swig,SortedRegionMenu,SortedRegionMenu,delete,swig_dtor,STCharacterMenu|STMenu|TGWindow|TGPane|TGUIObject|TGEventHandlerObject|TGTemplatedAttrObject|TGAttrObject|TGObject,swig_ctor_dtor
0x006350e0,swig_new_MultiplayerWindow,swig,MultiplayerWindow,MultiplayerWindow,new,swig_ctor,MainWindow|TGPane|TGUIObject|TGEventHandlerObject|TGTemplatedAttrObject|TGAttrObject|TGObject,swig_ctor_dtor
0x00635150,swig_delete_MultiplayerWindow,swig,MultiplayerWindow,MultiplayerWindow,delete,swig_dtor,MainWindow|TGPane|TGUIObject|TGEventHandlerObject|TGTemplatedAttrObject|TGAttrObject|TGObject,swig_ctor_dtor
0x006351c0,swig_MultiplayerWindow_Cast,swig,MultiplayerWindow,MultiplayerWindow,Cast,swig_helper,MainWindow|TGPane|TGUIObject|TGEventHandlerObject|TGTemplatedAttrObject|TGAttrObject|TGObject,swig_helper_synth
0x00635230,swig_MultiplayerWindow_SetMultiplayerMenu,swig,MultiplayerWindow,,SetMultiplayerMenu,direct,MainWindow|TGPane|TGUIObject|TGEventHandlerObject|TGTemplatedAttrObject|TGAttrObject|TGObject,c_symbol
0x006352d0,swig_MultiplayerWindow_GetMultiplayerMenu,swig,,MultiplayerWindow,GetMultiplayerMenu,python_wrapper,,python_class_method
0x00635340,swig_MultiplayerWindow_SetHostMenu,swig,MultiplayerWindow,,SetHostMenu,direct,MainWindow|TGPane|TGUIObject|TGEventHandlerObject|TGTemplatedAttrObject|TGAttrObject|TGObject,c_symbol
0x006353e0,swig_MultiplayerWindow_GetHostMenu,swig,,MultiplayerWindow,GetHostMenu,python_wrapper,,python_class_method
0x00635450,swig_MultiplayerWindow_SetDedicatedServerMenu,swig,MultiplayerWindow,,SetDedicatedServerMenu,direct,MainWindow|TGPane|TGUIObject|TGEventHandlerObject|TGTemplatedAttrObject|TGAttrObject|TGObject,c_symbol
0x006354f0,swig_MultiplayerWindow_GetDedicatedServerMenu,swig,,MultiplayerWindow,GetDedicatedServerMenu,python_wrapper,,python_class_method
0x00635560,swig_MultiplayerWindow_SetJoinMenu,swig,MultiplayerWindow,,SetJoinMenu,direct,MainWindow|TGPane|TGUIObject|TGEventHandlerObject|TGTemplatedAttrObject|TGAttrObject|TGObject,c_symbol
0x00635600,swig_MultiplayerWindow_GetJoinMenu,swig,,MultiplayerWindow,GetJoinMenu,python_wrapper,,python_class_method
0x00635670,swig_MultiplayerWindow_SetDirectJoinMenu,swig,MultiplayerWindow,,SetDirectJoinMenu,direct,MainWindow|TGPane|TGUIObject|TGEventHandlerObject|TGTemplatedAttrObject|TGAttrObject|TGObject,c_symbol
0x00635710,swig_MultiplayerWindow_GetDirectJoinMenu,swig,,MultiplayerWindow,GetDirectJoinMenu,python_wrapper,,python_class_method
0x00635780,swig_MultiplayerWindow_SetMissionPane,swig,MultiplayerWindow,,SetMissionPane,direct,MainWindow|TGPane|TGUIObject|TGEventHandlerObject|TGTemplatedAttrObject|TGAttrObject|TGObject,c_symbol
0x00635820,swig_MultiplayerWindow_GetMissionPane,swig,,MultiplayerWindow,GetMissionPane,python_wrapper,,python_class_method
0x00635890,swig_MultiplayerWindow_SetStatusWindow,swig,MultiplayerWindow,,SetStatusWindow,direct,MainWindow|TGPane|TGUIObject|TGEventHandlerObject|TGTemplatedAttrObject|TGAttrObject|TGObject,c_symbol
0x00635930,swig_MultiplayerWindow_GetStatusWindow,swig,,MultiplayerWindow,GetStatusWindow,python_wrapper,,python_class_method
0x006359a0,swig_MultiplayerWindow_SetEndWindow,swig,MultiplayerWindow,,SetEndWindow,direct,MainWindow|TGPane|TGUIObject|TGEventHandlerObject|TGTemplatedAttrObject|TGAttrObject|TGObject,c_symbol
0x00635a40,swig_MultiplayerWindow_GetEndWindow,swig,,MultiplayerWindow,GetEndWindow,python_wrapper,,python_class_method
0x00635ab0,swig_MultiplayerWindow_SetChatWindow,swig,MultiplayerWindow,,SetChatWindow,direct,MainWindow|TGPane|TGUIObject|TGEventHandlerObject|TGTemplatedAttrObject|TGAttrObject|TGObject,c_symbol
0x00635b50,swig_MultiplayerWindow_GetChatWindow,swig,,MultiplayerWindow,GetChatWindow,python_wrapper,,python_class_method
0x00635bc0,swig_MultiplayerWindow_ToggleChatWindow,swig,MultiplayerWindow,,ToggleChatWindow,direct,MainWindow|TGPane|TGUIObject|TGEventHandlerObject|TGTemplatedAttrObject|TGAttrObject|TGObject,c_symbol
0x00635c50,swig_MultiplayerWindow_IsChatWindowActive,swig,MultiplayerWindow,,IsChatWindowActive,direct,MainWindow|TGPane|TGUIObject|TGEventHandlerObject|TGTemplatedAttrObject|TGAttrObject|TGObject,c_symbol
0x00635cd0,swig_MultiplayerWindow_IsTeamChat,swig,MultiplayerWindow,,IsTeamChat,direct,MainWindow|TGPane|TGUIObject|TGEventHandlerObject|TGTemplatedAttrObject|TGAttrObject|TGObject,c_symbol
0x00635d50,swig_MultiplayerWindow_SetTeamChat,swig,MultiplayerWindow,,SetTeamChat,direct,MainWindow|TGPane|TGUIObject|TGEventHandlerObject|TGTemplatedAttrObject|TGAttrObject|TGObject,c_symbol
0x00635dd0,swig_MultiplayerWindow_SetPlayerListWindow,swig,MultiplayerWindow,,SetPlayerListWindow,direct,MainWindow|TGPane|TGUIObject|TGEventHandlerObject|TGTemplatedAttrObject|TGAttrObject|TGObject,c_symbol
0x00635e70,swig_MultiplayerWindow_GetPlayerListWindow,swig,,MultiplayerWindow,GetPlayerListWindow,python_wrapper,,python_class_method
0x00635ee0,swig_MultiplayerWindow_SetGameName,swig,MultiplayerWindow,,SetGameName,direct,MainWindow|TGPane|TGUIObject|TGEventHandlerObject|TGTemplatedAttrObject|TGAttrObject|TGObject,c_symbol
0x00635f80,swig_MultiplayerWindow_GetGameName,swig,MultiplayerWindow,,GetGameName,direct,MainWindow|TGPane|TGUIObject|TGEventHandlerObject|TGTemplatedAttrObject|TGAttrObject|TGObject,c_symbol
0x00636020,swig_MultiplayerWindow_SetPlayerName,swig,MultiplayerWindow,,SetPlayerName,direct,MainWindow|TGPane|TGUIObject|TGEventHandlerObject|TGTemplatedAttrObject|TGAttrObject|TGObject,c_symbol
0x006360d0,swig_MultiplayerWindow_GetPlayerName,swig,MultiplayerWindow,,GetPlayerName,direct,MainWindow|TGPane|TGUIObject|TGEventHandlerObject|TGTemplatedAttrObject|TGAttrObject|TGObject,c_symbol
0x00636180,swig_MultiplayerWindow_SetPassword,swig,MultiplayerWindow,,SetPassword,direct,MainWindow|TGPane|TGUIObject|TGEventHandlerObject|TGTemplatedAttrObject|TGAttrObject|TGObject,c_symbol
0x00636230,swig_MultiplayerWindow_GetPassword,swig,MultiplayerWindow,,GetPassword,direct,MainWindow|TGPane|TGUIObject|TGEventHandlerObject|TGTemplatedAttrObject|TGAttrObject|TGObject,c_symbol
0x006362e0,swig_MultiplayerWindow_ClearCurrentServer,swig,MultiplayerWindow,,ClearCurrentServer,direct,MainWindow|TGPane|TGUIObject|TGEventHandlerObject|TGTemplatedAttrObject|TGAttrObject|TGObject,c_symbol
0x00636350,swig_MultiplayerWindow_IsServerSelected,swig,MultiplayerWindow,,IsServerSelected,direct,MainWindow|TGPane|TGUIObject|TGEventHandlerObject|TGTemplatedAttrObject|TGAttrObject|TGObject,c_symbol
0x006363d0,swig_MultiplayerWindow_BuildMissionMenu,swig,,MultiplayerWindow,BuildMissionMenu,python_wrapper,,python_class_method
0x00636470,swig_MultiplayerWindow_HideAllChildren,swig,MultiplayerWindow,,HideAllChildren,direct,MainWindow|TGPane|TGUIObject|TGEventHandlerObject|TGTemplatedAttrObject|TGAttrObject|TGObject,c_symbol
0x006364e0,swig_MultiplayerWindow_IsAnyChildVisible,swig,MultiplayerWindow,,IsAnyChildVisible,direct,MainWindow|TGPane|TGUIObject|TGEventHandlerObject|TGTemplatedAttrObject|TGAttrObject|TGObject,c_symbol
0x00636560,swig_MultiplayerWindow_SetStatusMessage,swig,MultiplayerWindow,,SetStatusMessage,direct_unmatched,MainWindow|TGPane|TGUIObject|TGEventHandlerObject|TGTemplatedAttrObject|TGAttrObject|TGObject,class_prefix
0x006365d0,swig_MultiplayerWindow_SetGameOver,swig,MultiplayerWindow,,SetGameOver,direct,MainWindow|TGPane|TGUIObject|TGEventHandlerObject|TGTemplatedAttrObject|TGAttrObject|TGObject,c_symbol
0x00636650,swig_MultiplayerWindow_IsGameOver,swig,MultiplayerWindow,,IsGameOver,direct,MainWindow|TGPane|TGUIObject|TGEventHandlerObject|TGTemplatedAttrObject|TGAttrObject|TGObject,c_symbol
0x006366d0,swig_MultiplayerWindow_SetDirectJoin,swig,MultiplayerWindow,,SetDirectJoin,direct,MainWindow|TGPane|TGUIObject|TGEventHandlerObject|TGTemplatedAttrObject|TGAttrObject|TGObject,c_symbol
0x00636750,swig_MultiplayerWindow_IsDirectJoin,swig,MultiplayerWindow,,IsDirectJoin,direct,MainWindow|TGPane|TGUIObject|TGEventHandlerObject|TGTemplatedAttrObject|TGAttrObject|TGObject,c_symbol
0x006367d0,swig_MultiplayerWindow_SetHostUsingModem,swig,MultiplayerWindow,,SetHostUsingModem,direct,MainWindow|TGPane|TGUIObject|TGEventHandlerObject|TGTemplatedAttrObject|TGAttrObject|TGObject,c_symbol
0x00636850,swig_MultiplayerWindow_IsHostUsingModem,swig,MultiplayerWindow,,IsHostUsingModem,direct,MainWindow|TGPane|TGUIObject|TGEventHandlerObject|TGTemplatedAttrObject|TGAttrObject|TGObject,c_symbol
0x006368d0,swig_STMissionLog_SetNumStoredLines,swig,STMissionLog,,SetNumStoredLines,direct,TGPane|TGUIObject|TGEventHandlerObject|TGTemplatedAttrObject|TGAttrObject|TGObject,c_symbol
0x00636950,swig_STMissionLog_GetMissionLog,swig,STMissionLog,,GetMissionLog,direct_unmatched,TGPane|TGUIObject|TGEventHandlerObject|TGTemplatedAttrObject|TGAttrObject|TGObject,class_prefix
0x00636980,swig_STMissionLog_AddLine,swig,STMissionLog,,AddLine,direct,TGPane|TGUIObject|TGEventHandlerObject|TGTemplatedAttrObject|TGAttrObject|TGObject,c_symbol
0x00636a20,swig_STMissionLog_ClearLines,swig,STMissionLog,,ClearLines,direct,TGPane|TGUIObject|TGEventHandlerObject|TGTemplatedAttrObject|TGAttrObject|TGObject,c_symbol
0x00636a90,swig_delete_STMissionLog,swig,STMissionLog,STMissionLog,delete,swig_dtor,TGPane|TGUIObject|TGEventHandlerObject|TGTemplatedAttrObject|TGAttrObject|TGObject,swig_ctor_dtor
0x00636b00,swig_KeyboardBinding_BindKey,swig,KeyboardBinding,,BindKey,direct,,c_symbol
0x00636be0,swig_KeyboardBinding_BindKeyChar,swig,KeyboardBinding,,BindKeyChar,direct,,c_symbol
0x00636cc0,swig_KeyboardBinding_GetNumKeys,swig,KeyboardBinding,,GetNumKeys,direct,,c_symbol
0x00636d50,swig_KeyboardBinding_FindKey,swig,KeyboardBinding,,FindKey,direct,,c_symbol
0x00636de0,swig_KeyboardBinding_FindKeyString,swig,KeyboardBinding,,FindKeyString,direct,,c_symbol
0x00636ed0,swig_KeyboardBinding_ClearBinding,swig,KeyboardBinding,,ClearBinding,direct,,c_symbol
0x00636f70,swig_KeyboardBinding_LaunchEvent,swig,KeyboardBinding,,LaunchEvent,direct,,c_symbol
0x00637090,swig_KeyboardBinding_RebuildMappingFromFile,swig,KeyboardBinding,,RebuildMappingFromFile,direct,,c_symbol
0x00637150,swig_KeyboardBinding_GenerateMappingFile,swig,KeyboardBinding,,GenerateMappingFile,direct,,c_symbol
0x006371c0,swig_KeyboardBinding_SetMaxBoundKeys,swig,KeyboardBinding,,SetMaxBoundKeys,direct,,c_symbol
0x00637240,swig_UITreeDialog_Create,swig,UITreeDialog,UITreeDialog,Create,swig_helper,,swig_helper_synth
0x006373d0,swig_UITreeDialog_Go,swig,UITreeDialog,,Go,direct,,c_symbol
0x00637450,swig_UITreeDialog_AddTreeElement,swig,UITreeDialog,,AddTreeElement,direct,,c_symbol
0x00637510,swig_new_PlacementObject,swig,PlacementObject,PlacementObject,new,swig_ctor,ObjectClass|BaseObjectClass|TGEventHandlerObject|TGTemplatedAttrObject|TGAttrObject|TGObject,swig_ctor_dtor
0x00637680,swig_delete_PlacementObject,swig,PlacementObject,PlacementObject,delete,swig_dtor,ObjectClass|BaseObjectClass|TGEventHandlerObject|TGTemplatedAttrObject|TGAttrObject|TGObject,swig_ctor_dtor
0x006376f0,swig_PlacementObject_Create,swig,PlacementObject,PlacementObject,Create,swig_helper,ObjectClass|BaseObjectClass|TGEventHandlerObject|TGTemplatedAttrObject|TGAttrObject|TGObject,swig_helper_synth
0x00637860,swig_PlacementObject_Cast,swig,PlacementObject,PlacementObject,Cast,swig_helper,ObjectClass|BaseObjectClass|TGEventHandlerObject|TGTemplatedAttrObject|TGAttrObject|TGObject,swig_helper_synth
0x006378d0,swig_PlacementObject_Update,swig,PlacementObject,,Update,direct,ObjectClass|BaseObjectClass|TGEventHandlerObject|TGTemplatedAttrObject|TGAttrObject|TGObject,c_symbol
0x00637950,swig_PlacementObject_SetModel,swig,PlacementObject,,SetModel,direct,ObjectClass|BaseObjectClass|TGEventHandlerObject|TGTemplatedAttrObject|TGAttrObject|TGObject,c_symbol
0x00637a10,swig_PlacementObject_GetModelName,swig,PlacementObject,,GetModelName,direct,ObjectClass|BaseObjectClass|TGEventHandlerObject|TGTemplatedAttrObject|TGAttrObject|TGObject,c_symbol
0x00637a80,swig_PlacementObject_SaveObject,swig,PlacementObject,,SaveObject,direct,ObjectClass|BaseObjectClass|TGEventHandlerObject|TGTemplatedAttrObject|TGAttrObject|TGObject,c_symbol
0x00637b80,swig_PlacementObject_SaveObjectSecondPass,swig,PlacementObject,,SaveObjectSecondPass,direct,ObjectClass|BaseObjectClass|TGEventHandlerObject|TGTemplatedAttrObject|TGAttrObject|TGObject,c_symbol
0x00637c80,swig_PlacementObject_SetStatic,swig,PlacementObject,,SetStatic,direct,ObjectClass|BaseObjectClass|TGEventHandlerObject|TGTemplatedAttrObject|TGAttrObject|TGObject,c_symbol
0x00637d00,swig_PlacementObject_IsStatic,swig,PlacementObject,,IsStatic,direct,ObjectClass|BaseObjectClass|TGEventHandlerObject|TGTemplatedAttrObject|TGAttrObject|TGObject,c_symbol
0x00637d80,swig_PlacementObject_SetNavPoint,swig,PlacementObject,,SetNavPoint,direct,ObjectClass|BaseObjectClass|TGEventHandlerObject|TGTemplatedAttrObject|TGAttrObject|TGObject,c_symbol
0x00637e00,swig_PlacementObject_IsNavPoint,swig,PlacementObject,,IsNavPoint,direct,ObjectClass|BaseObjectClass|TGEventHandlerObject|TGTemplatedAttrObject|TGAttrObject|TGObject,c_symbol
0x00637e80,swig_PlacementObject_FindContainingSet,swig,,PlacementObject,FindContainingSet,python_wrapper,,python_class_method
0x00637ef0,swig_PlacementObject_GetObject,swig,PlacementObject,PlacementObject,GetObject,swig_helper,ObjectClass|BaseObjectClass|TGEventHandlerObject|TGTemplatedAttrObject|TGAttrObject|TGObject,swig_helper_synth
0x00637fb0,swig_PlacementObject_GetObjectBySetName,swig,PlacementObject,PlacementObject,GetObjectBySetName,swig_helper,ObjectClass|BaseObjectClass|TGEventHandlerObject|TGTemplatedAttrObject|TGAttrObject|TGObject,swig_helper_synth
0x00638090,swig_new_Waypoint,swig,Waypoint,Waypoint,new,swig_ctor,PlacementObject|ObjectClass|BaseObjectClass|TGEventHandlerObject|TGTemplatedAttrObject|TGAttrObject|TGObject,swig_ctor_dtor
0x00638200,swig_Waypoint_Create,swig,Waypoint,Waypoint,Create,swig_helper,PlacementObject|ObjectClass|BaseObjectClass|TGEventHandlerObject|TGTemplatedAttrObject|TGAttrObject|TGObject,swig_helper_synth
0x00638340,swig_Waypoint_Cast,swig,Waypoint,Waypoint,Cast,swig_helper,PlacementObject|ObjectClass|BaseObjectClass|TGEventHandlerObject|TGTemplatedAttrObject|TGAttrObject|TGObject,swig_helper_synth
0x006383b0,swig_Waypoint_SetSpeed,swig,Waypoint,,SetSpeed,direct,PlacementObject|ObjectClass|BaseObjectClass|TGEventHandlerObject|TGTemplatedAttrObject|TGAttrObject|TGObject,c_symbol
0x00638430,swig_Waypoint_GetSpeed,swig,Waypoint,,GetSpeed,direct,PlacementObject|ObjectClass|BaseObjectClass|TGEventHandlerObject|TGTemplatedAttrObject|TGAttrObject|TGObject,c_symbol
0x006384a0,swig_Waypoint_InsertAfterObj,swig,Waypoint,,InsertAfterObj,direct,PlacementObject|ObjectClass|BaseObjectClass|TGEventHandlerObject|TGTemplatedAttrObject|TGAttrObject|TGObject,c_symbol
0x00638540,swig_Waypoint_GetNext,swig,,Waypoint,GetNext,python_wrapper,,python_class_method
0x006385b0,swig_Waypoint_GetPrev,swig,,Waypoint,GetPrev,python_wrapper,,python_class_method
0x00638620,swig_delete_Waypoint,swig,Waypoint,Waypoint,delete,swig_dtor,PlacementObject|ObjectClass|BaseObjectClass|TGEventHandlerObject|TGTemplatedAttrObject|TGAttrObject|TGObject,swig_ctor_dtor
0x00638690,swig_LightPlacement_Create,swig,LightPlacement,LightPlacement,Create,swig_helper,PlacementObject|ObjectClass|BaseObjectClass|TGEventHandlerObject|TGTemplatedAttrObject|TGAttrObject|TGObject,swig_helper_synth
0x00638800,swig_LightPlacement_Cast,swig,LightPlacement,LightPlacement,Cast,swig_helper,PlacementObject|ObjectClass|BaseObjectClass|TGEventHandlerObject|TGTemplatedAttrObject|TGAttrObject|TGObject,swig_helper_synth
0x00638870,swig_LightPlacement_ConfigAmbientLight,swig,LightPlacement,,ConfigAmbientLight,direct,PlacementObject|ObjectClass|BaseObjectClass|TGEventHandlerObject|TGTemplatedAttrObject|TGAttrObject|TGObject,c_symbol
0x00638910,swig_LightPlacement_ConfigDirectionalLight,swig,LightPlacement,,ConfigDirectionalLight,direct,PlacementObject|ObjectClass|BaseObjectClass|TGEventHandlerObject|TGTemplatedAttrObject|TGAttrObject|TGObject,c_symbol
0x006389b0,swig_LightPlacement_ConfigPointLight,swig,LightPlacement,,ConfigPointLight,direct,PlacementObject|ObjectClass|BaseObjectClass|TGEventHandlerObject|TGTemplatedAttrObject|TGAttrObject|TGObject,c_symbol
0x00638a50,swig_LightPlacement_ConfigSpotLight,swig,LightPlacement,,ConfigSpotLight,direct,PlacementObject|ObjectClass|BaseObjectClass|TGEventHandlerObject|TGTemplatedAttrObject|TGAttrObject|TGObject,c_symbol
0x00638b10,swig_delete_LightPlacement,swig,LightPlacement,LightPlacement,delete,swig_dtor,PlacementObject|ObjectClass|BaseObjectClass|TGEventHandlerObject|TGTemplatedAttrObject|TGAttrObject|TGObject,swig_ctor_dtor
0x00638b80,swig_new_GridClass,swig,GridClass,GridClass,new,swig_ctor,ObjectClass|BaseObjectClass|TGEventHandlerObject|TGTemplatedAttrObject|TGAttrObject|TGObject,swig_ctor_dtor
0x00638c00,swig_delete_GridClass,swig,GridClass,GridClass,delete,swig_dtor,ObjectClass|BaseObjectClass|TGEventHandlerObject|TGTemplatedAttrObject|TGAttrObject|TGObject,swig_ctor_dtor
0x00638c70,swig_GridClass_Create,swig,GridClass,GridClass,Create,swig_helper,ObjectClass|BaseObjectClass|TGEventHandlerObject|TGTemplatedAttrObject|TGAttrObject|TGObject,swig_helper_synth
0x00638ca0,swig_GridClass_Update,swig,GridClass,,Update,direct,ObjectClass|BaseObjectClass|TGEventHandlerObject|TGTemplatedAttrObject|TGAttrObject|TGObject,c_symbol
0x00638d20,swig_GridClass_UpdatePosition,swig,GridClass,,UpdatePosition,direct,ObjectClass|BaseObjectClass|TGEventHandlerObject|TGTemplatedAttrObject|TGAttrObject|TGObject,c_symbol
0x00638dc0,swig_GridClass_SetLineLength,swig,GridClass,,SetLineLength,direct,ObjectClass|BaseObjectClass|TGEventHandlerObject|TGTemplatedAttrObject|TGAttrObject|TGObject,c_symbol
0x00638e40,swig_GridClass_GetLineLength,swig,GridClass,,GetLineLength,direct,ObjectClass|BaseObjectClass|TGEventHandlerObject|TGTemplatedAttrObject|TGAttrObject|TGObject,c_symbol
0x00638ea0,swig_GridClass_SetStep,swig,GridClass,,SetStep,direct,ObjectClass|BaseObjectClass|TGEventHandlerObject|TGTemplatedAttrObject|TGAttrObject|TGObject,c_symbol
0x00638f20,swig_GridClass_GetStep,swig,GridClass,,GetStep,direct,ObjectClass|BaseObjectClass|TGEventHandlerObject|TGTemplatedAttrObject|TGAttrObject|TGObject,c_symbol
0x00638f80,swig_GridClass_GetIntersectionPoint,swig,,GridClass,GetIntersectionPoint,python_wrapper,,python_class_method
0x00639130,swig_GridClass_GetObject,swig,GridClass,GridClass,GetObject,swig_helper,ObjectClass|BaseObjectClass|TGEventHandlerObject|TGTemplatedAttrObject|TGAttrObject|TGObject,swig_helper_synth
0x006391f0,swig_GridClass_GetNumClassObjects,swig,GridClass,GridClass,GetNumClassObjects,swig_helper,ObjectClass|BaseObjectClass|TGEventHandlerObject|TGTemplatedAttrObject|TGAttrObject|TGObject,swig_helper_synth
0x00639250,swig_new_AsteroidFieldPlacement,swig,AsteroidFieldPlacement,AsteroidFieldPlacement,new,swig_ctor,PlacementObject|ObjectClass|BaseObjectClass|TGEventHandlerObject|TGTemplatedAttrObject|TGAttrObject|TGObject,swig_ctor_dtor
0x006393c0,swig_delete_AsteroidFieldPlacement,swig,AsteroidFieldPlacement,AsteroidFieldPlacement,delete,swig_dtor,PlacementObject|ObjectClass|BaseObjectClass|TGEventHandlerObject|TGTemplatedAttrObject|TGAttrObject|TGObject,swig_ctor_dtor
0x00639430,swig_AsteroidFieldPlacement_GetFieldRadius,swig,AsteroidFieldPlacement,,GetFieldRadius,direct,PlacementObject|ObjectClass|BaseObjectClass|TGEventHandlerObject|TGTemplatedAttrObject|TGAttrObject|TGObject,c_symbol
0x006394a0,swig_AsteroidFieldPlacement_SetFieldRadius,swig,AsteroidFieldPlacement,,SetFieldRadius,direct,PlacementObject|ObjectClass|BaseObjectClass|TGEventHandlerObject|TGTemplatedAttrObject|TGAttrObject|TGObject,c_symbol
0x00639520,swig_AsteroidFieldPlacement_GetNumTilesPerAxis,swig,AsteroidFieldPlacement,,GetNumTilesPerAxis,direct,PlacementObject|ObjectClass|BaseObjectClass|TGEventHandlerObject|TGTemplatedAttrObject|TGAttrObject|TGObject,c_symbol
0x00639580,swig_AsteroidFieldPlacement_SetNumTilesPerAxis,swig,AsteroidFieldPlacement,,SetNumTilesPerAxis,direct,PlacementObject|ObjectClass|BaseObjectClass|TGEventHandlerObject|TGTemplatedAttrObject|TGAttrObject|TGObject,c_symbol
0x00639600,swig_AsteroidFieldPlacement_GetNumAsteroidsPerTile,swig,AsteroidFieldPlacement,,GetNumAsteroidsPerTile,direct,PlacementObject|ObjectClass|BaseObjectClass|TGEventHandlerObject|TGTemplatedAttrObject|TGAttrObject|TGObject,c_symbol
0x00639660,swig_AsteroidFieldPlacement_SetNumAsteroidsPerTile,swig,AsteroidFieldPlacement,,SetNumAsteroidsPerTile,direct,PlacementObject|ObjectClass|BaseObjectClass|TGEventHandlerObject|TGTemplatedAttrObject|TGAttrObject|TGObject,c_symbol
0x006396e0,swig_AsteroidFieldPlacement_GetAsteroidSizeFactor,swig,AsteroidFieldPlacement,,GetAsteroidSizeFactor,direct,PlacementObject|ObjectClass|BaseObjectClass|TGEventHandlerObject|TGTemplatedAttrObject|TGAttrObject|TGObject,c_symbol
0x00639750,swig_AsteroidFieldPlacement_SetAsteroidSizeFactor,swig,AsteroidFieldPlacement,,SetAsteroidSizeFactor,direct,PlacementObject|ObjectClass|BaseObjectClass|TGEventHandlerObject|TGTemplatedAttrObject|TGAttrObject|TGObject,c_symbol
0x006397d0,swig_AsteroidFieldPlacement_Create,swig,AsteroidFieldPlacement,AsteroidFieldPlacement,Create,swig_helper,PlacementObject|ObjectClass|BaseObjectClass|TGEventHandlerObject|TGTemplatedAttrObject|TGAttrObject|TGObject,swig_helper_synth
0x00639940,swig_AsteroidFieldPlacement_Cast,swig,AsteroidFieldPlacement,AsteroidFieldPlacement,Cast,swig_helper,PlacementObject|ObjectClass|BaseObjectClass|TGEventHandlerObject|TGTemplatedAttrObject|TGAttrObject|TGObject,swig_helper_synth
0x006399b0,swig_AsteroidFieldPlacement_GetField,swig,,AsteroidFieldPlacement,GetField,python_wrapper,,python_class_method
0x00639a20,swig_AsteroidFieldPlacement_ConfigField,swig,AsteroidFieldPlacement,,ConfigField,direct,PlacementObject|ObjectClass|BaseObjectClass|TGEventHandlerObject|TGTemplatedAttrObject|TGAttrObject|TGObject,c_symbol
0x00639a90,swig_AsteroidFieldPlacement_Update,swig,AsteroidFieldPlacement,,Update,direct,PlacementObject|ObjectClass|BaseObjectClass|TGEventHandlerObject|TGTemplatedAttrObject|TGAttrObject|TGObject,c_symbol
0x00639b10,swig_AsteroidFieldPlacement_GetObject,swig,AsteroidFieldPlacement,AsteroidFieldPlacement,GetObject,swig_helper,PlacementObject|ObjectClass|BaseObjectClass|TGEventHandlerObject|TGTemplatedAttrObject|TGAttrObject|TGObject,swig_helper_synth
0x00639bd0,swig_AsteroidFieldPlacement_GetObjectBySetName,swig,AsteroidFieldPlacement,AsteroidFieldPlacement,GetObjectBySetName,swig_helper,PlacementObject|ObjectClass|BaseObjectClass|TGEventHandlerObject|TGTemplatedAttrObject|TGAttrObject|TGObject,swig_helper_synth
0x00639cb0,swig_new_PositionOrientationProperty,swig,PositionOrientationProperty,PositionOrientationProperty,new,swig_ctor,TGModelProperty|TGObject,swig_ctor_dtor
0x00639d30,swig_delete_PositionOrientationProperty,swig,PositionOrientationProperty,PositionOrientationProperty,delete,swig_dtor,TGModelProperty|TGObject,swig_ctor_dtor
0x00639da0,swig_PositionOrientationProperty_Cast,swig,PositionOrientationProperty,PositionOrientationProperty,Cast,swig_helper,TGModelProperty|TGObject,swig_helper_synth
0x00639e10,swig_PositionOrientationProperty_Create,swig,PositionOrientationProperty,PositionOrientationProperty,Create,swig_helper,TGModelProperty|TGObject,swig_helper_synth
0x00639e90,swig_PositionOrientationProperty_SetOrientation,swig,PositionOrientationProperty,,SetOrientation,direct,TGModelProperty|TGObject,c_symbol
0x0063a0a0,swig_PositionOrientationProperty_SetPosition,swig,PositionOrientationProperty,,SetPosition,direct,TGModelProperty|TGObject,c_symbol
0x0063a180,swig_PositionOrientationProperty_GetForward,swig,,PositionOrientationProperty,GetForward,python_wrapper,,python_class_method
0x0063a240,swig_PositionOrientationProperty_GetUp,swig,,PositionOrientationProperty,GetUp,python_wrapper,,python_class_method
0x0063a300,swig_PositionOrientationProperty_GetRight,swig,,PositionOrientationProperty,GetRight,python_wrapper,,python_class_method
0x0063a3c0,swig_PositionOrientationProperty_GetPosition,swig,,PositionOrientationProperty,GetPosition,python_wrapper,,python_class_method
0x0063a450,swig_new_SubsystemProperty,swig,SubsystemProperty,SubsystemProperty,new,swig_ctor,TGModelProperty|TGObject,swig_ctor_dtor
0x0063a4d0,swig_delete_SubsystemProperty,swig,SubsystemProperty,SubsystemProperty,delete,swig_dtor,TGModelProperty|TGObject,swig_ctor_dtor
0x0063a540,swig_SubsystemProperty_Cast,swig,SubsystemProperty,SubsystemProperty,Cast,swig_helper,TGModelProperty|TGObject,swig_helper_synth
0x0063a5b0,swig_SubsystemProperty_Create,swig,SubsystemProperty,SubsystemProperty,Create,swig_helper,TGModelProperty|TGObject,swig_helper_synth
0x0063a630,swig_SubsystemProperty_GetMaxCondition,swig,SubsystemProperty,,GetMaxCondition,direct,TGModelProperty|TGObject,c_symbol
0x0063a6a0,swig_SubsystemProperty_IsCritical,swig,SubsystemProperty,,IsCritical,direct,TGModelProperty|TGObject,c_symbol
0x0063a720,swig_SubsystemProperty_IsTargetable,swig,SubsystemProperty,,IsTargetable,direct,TGModelProperty|TGObject,c_symbol
0x0063a7a0,swig_SubsystemProperty_IsPrimary,swig,SubsystemProperty,,IsPrimary,direct,TGModelProperty|TGObject,c_symbol
0x0063a820,swig_SubsystemProperty_GetRepairComplexity,swig,SubsystemProperty,,GetRepairComplexity,direct,TGModelProperty|TGObject,c_symbol
0x0063a890,swig_SubsystemProperty_GetDisabledPercentage,swig,SubsystemProperty,,GetDisabledPercentage,direct,TGModelProperty|TGObject,c_symbol
0x0063a900,swig_SubsystemProperty_GetRadius,swig,SubsystemProperty,,GetRadius,direct,TGModelProperty|TGObject,c_symbol
0x0063a970,swig_SubsystemProperty_SetMaxCondition,swig,SubsystemProperty,,SetMaxCondition,direct,TGModelProperty|TGObject,c_symbol
0x0063a9f0,swig_SubsystemProperty_SetCritical,swig,SubsystemProperty,,SetCritical,direct,TGModelProperty|TGObject,c_symbol
0x0063aa70,swig_SubsystemProperty_SetTargetable,swig,SubsystemProperty,,SetTargetable,direct,TGModelProperty|TGObject,c_symbol
0x0063aaf0,swig_SubsystemProperty_SetPrimary,swig,SubsystemProperty,,SetPrimary,direct,TGModelProperty|TGObject,c_symbol
0x0063ab70,swig_SubsystemProperty_SetRepairComplexity,swig,SubsystemProperty,,SetRepairComplexity,direct,TGModelProperty|TGObject,c_symbol
0x0063abf0,swig_SubsystemProperty_SetDisabledPercentage,swig,SubsystemProperty,,SetDisabledPercentage,direct,TGModelProperty|TGObject,c_symbol
0x0063ac70,swig_SubsystemProperty_SetRadius,swig,SubsystemProperty,,SetRadius,direct,TGModelProperty|TGObject,c_symbol
0x0063acf0,swig_SubsystemProperty_GetPosition,swig,,SubsystemProperty,GetPosition,python_wrapper,,python_class_method
0x0063ad90,swig_SubsystemProperty_GetPositionTG,swig,,SubsystemProperty,GetPositionTG,python_wrapper,,python_class_method
0x0063ae50,swig_SubsystemProperty_GetPosition2D,swig,SubsystemProperty,,GetPosition2D,direct,TGModelProperty|TGObject,c_symbol
0x0063af30,swig_SubsystemProperty_SetPosition,swig,SubsystemProperty,,SetPosition,direct,TGModelProperty|TGObject,c_symbol
0x0063afd0,swig_SubsystemProperty_SetPosition2D,swig,SubsystemProperty,,SetPosition2D,direct,TGModelProperty|TGObject,c_symbol
0x0063b060,swig_new_PoweredSubsystemProperty,swig,PoweredSubsystemProperty,PoweredSubsystemProperty,new,swig_ctor,SubsystemProperty|TGModelProperty|TGObject,swig_ctor_dtor
0x0063b0e0,swig_delete_PoweredSubsystemProperty,swig,PoweredSubsystemProperty,PoweredSubsystemProperty,delete,swig_dtor,SubsystemProperty|TGModelProperty|TGObject,swig_ctor_dtor
0x0063b150,swig_PoweredSubsystemProperty_Cast,swig,PoweredSubsystemProperty,PoweredSubsystemProperty,Cast,swig_helper,SubsystemProperty|TGModelProperty|TGObject,swig_helper_synth
0x0063b1c0,swig_PoweredSubsystemProperty_Create,swig,PoweredSubsystemProperty,PoweredSubsystemProperty,Create,swig_helper,SubsystemProperty|TGModelProperty|TGObject,swig_helper_synth
0x0063b240,swig_PoweredSubsystemProperty_GetNormalPowerPerSecond,swig,PoweredSubsystemProperty,,GetNormalPowerPerSecond,direct,SubsystemProperty|TGModelProperty|TGObject,c_symbol
0x0063b2b0,swig_PoweredSubsystemProperty_SetNormalPowerPerSecond,swig,PoweredSubsystemProperty,,SetNormalPowerPerSecond,direct,SubsystemProperty|TGModelProperty|TGObject,c_symbol
0x0063b330,swig_new_WeaponSystemProperty,swig,WeaponSystemProperty,WeaponSystemProperty,new,swig_ctor,PoweredSubsystemProperty|SubsystemProperty|TGModelProperty|TGObject,swig_ctor_dtor
0x0063b3b0,swig_delete_WeaponSystemProperty,swig,WeaponSystemProperty,WeaponSystemProperty,delete,swig_dtor,PoweredSubsystemProperty|SubsystemProperty|TGModelProperty|TGObject,swig_ctor_dtor
0x0063b420,swig_WeaponSystemProperty_Cast,swig,WeaponSystemProperty,WeaponSystemProperty,Cast,swig_helper,PoweredSubsystemProperty|SubsystemProperty|TGModelProperty|TGObject,swig_helper_synth
0x0063b490,swig_WeaponSystemProperty_Create,swig,WeaponSystemProperty,WeaponSystemProperty,Create,swig_helper,PoweredSubsystemProperty|SubsystemProperty|TGModelProperty|TGObject,swig_helper_synth
0x0063b510,swig_WeaponSystemProperty_GetWeaponSystemType,swig,WeaponSystemProperty,,GetWeaponSystemType,direct,PoweredSubsystemProperty|SubsystemProperty|TGModelProperty|TGObject,c_symbol
0x0063b570,swig_WeaponSystemProperty_SetWeaponSystemType,swig,WeaponSystemProperty,,SetWeaponSystemType,direct,PoweredSubsystemProperty|SubsystemProperty|TGModelProperty|TGObject,c_symbol
0x0063b5f0,swig_WeaponSystemProperty_IsSingleFire,swig,WeaponSystemProperty,,IsSingleFire,direct,PoweredSubsystemProperty|SubsystemProperty|TGModelProperty|TGObject,c_symbol
0x0063b670,swig_WeaponSystemProperty_SetSingleFire,swig,WeaponSystemProperty,,SetSingleFire,direct,PoweredSubsystemProperty|SubsystemProperty|TGModelProperty|TGObject,c_symbol
0x0063b6f0,swig_WeaponSystemProperty_IsAimedWeapon,swig,WeaponSystemProperty,,IsAimedWeapon,direct,PoweredSubsystemProperty|SubsystemProperty|TGModelProperty|TGObject,c_symbol
0x0063b770,swig_WeaponSystemProperty_SetAimedWeapon,swig,WeaponSystemProperty,,SetAimedWeapon,direct,PoweredSubsystemProperty|SubsystemProperty|TGModelProperty|TGObject,c_symbol
0x0063b7f0,swig_WeaponSystemProperty_GetFiringChainString,swig,,WeaponSystemProperty,GetFiringChainString,python_wrapper,,python_class_method
0x0063b880,swig_WeaponSystemProperty_SetFiringChainString,swig,WeaponSystemProperty,,SetFiringChainString,direct,PoweredSubsystemProperty|SubsystemProperty|TGModelProperty|TGObject,c_symbol
0x0063b920,swig_new_WeaponProperty,swig,WeaponProperty,WeaponProperty,new,swig_ctor,SubsystemProperty|TGModelProperty|TGObject,swig_ctor_dtor
0x0063b9a0,swig_delete_WeaponProperty,swig,WeaponProperty,WeaponProperty,delete,swig_dtor,SubsystemProperty|TGModelProperty|TGObject,swig_ctor_dtor
0x0063ba10,swig_WeaponProperty_Cast,swig,WeaponProperty,WeaponProperty,Cast,swig_helper,SubsystemProperty|TGModelProperty|TGObject,swig_helper_synth
0x0063ba80,swig_WeaponProperty_Create,swig,WeaponProperty,WeaponProperty,Create,swig_helper,SubsystemProperty|TGModelProperty|TGObject,swig_helper_synth
0x0063bb00,swig_WeaponProperty_IsDumbfire,swig,WeaponProperty,,IsDumbfire,direct,SubsystemProperty|TGModelProperty|TGObject,c_symbol
0x0063bb80,swig_WeaponProperty_SetDumbfire,swig,WeaponProperty,,SetDumbfire,direct,SubsystemProperty|TGModelProperty|TGObject,c_symbol
0x0063bc00,swig_WeaponProperty_GetWeaponID,swig,WeaponProperty,,GetWeaponID,direct,SubsystemProperty|TGModelProperty|TGObject,c_symbol
0x0063bc60,swig_WeaponProperty_SetWeaponID,swig,WeaponProperty,,SetWeaponID,direct,SubsystemProperty|TGModelProperty|TGObject,c_symbol
0x0063bce0,swig_WeaponProperty_IsMemberOfGroup,swig,WeaponProperty,,IsMemberOfGroup,direct,SubsystemProperty|TGModelProperty|TGObject,c_symbol
0x0063bd60,swig_WeaponProperty_GetGroups,swig,WeaponProperty,,GetGroups,direct,SubsystemProperty|TGModelProperty|TGObject,c_symbol
0x0063bdc0,swig_WeaponProperty_SetGroups,swig,WeaponProperty,,SetGroups,direct,SubsystemProperty|TGModelProperty|TGObject,c_symbol
0x0063be40,swig_WeaponProperty_GetDamageRadiusFactor,swig,WeaponProperty,,GetDamageRadiusFactor,direct,SubsystemProperty|TGModelProperty|TGObject,c_symbol
0x0063beb0,swig_WeaponProperty_SetDamageRadiusFactor,swig,WeaponProperty,,SetDamageRadiusFactor,direct,SubsystemProperty|TGModelProperty|TGObject,c_symbol
0x0063bf30,swig_WeaponProperty_GetIconNum,swig,WeaponProperty,,GetIconNum,direct,SubsystemProperty|TGModelProperty|TGObject,c_symbol
0x0063bf90,swig_WeaponProperty_SetIconNum,swig,WeaponProperty,,SetIconNum,direct,SubsystemProperty|TGModelProperty|TGObject,c_symbol
0x0063c010,swig_WeaponProperty_GetIconPositionX,swig,WeaponProperty,,GetIconPositionX,direct,SubsystemProperty|TGModelProperty|TGObject,c_symbol
0x0063c080,swig_WeaponProperty_SetIconPositionX,swig,WeaponProperty,,SetIconPositionX,direct,SubsystemProperty|TGModelProperty|TGObject,c_symbol
0x0063c100,swig_WeaponProperty_GetIconPositionY,swig,WeaponProperty,,GetIconPositionY,direct,SubsystemProperty|TGModelProperty|TGObject,c_symbol
0x0063c170,swig_WeaponProperty_SetIconPositionY,swig,WeaponProperty,,SetIconPositionY,direct,SubsystemProperty|TGModelProperty|TGObject,c_symbol
0x0063c1f0,swig_WeaponProperty_IsIconAboveShip,swig,WeaponProperty,,IsIconAboveShip,direct,SubsystemProperty|TGModelProperty|TGObject,c_symbol
0x0063c270,swig_WeaponProperty_SetIconAboveShip,swig,WeaponProperty,,SetIconAboveShip,direct,SubsystemProperty|TGModelProperty|TGObject,c_symbol
0x0063c2f0,swig_new_EnergyWeaponProperty,swig,EnergyWeaponProperty,EnergyWeaponProperty,new,swig_ctor,WeaponProperty|SubsystemProperty|TGModelProperty|TGObject,swig_ctor_dtor
0x0063c370,swig_delete_EnergyWeaponProperty,swig,EnergyWeaponProperty,EnergyWeaponProperty,delete,swig_dtor,WeaponProperty|SubsystemProperty|TGModelProperty|TGObject,swig_ctor_dtor
0x0063c3e0,swig_EnergyWeaponProperty_Cast,swig,EnergyWeaponProperty,EnergyWeaponProperty,Cast,swig_helper,WeaponProperty|SubsystemProperty|TGModelProperty|TGObject,swig_helper_synth
0x0063c450,swig_EnergyWeaponProperty_Create,swig,EnergyWeaponProperty,EnergyWeaponProperty,Create,swig_helper,WeaponProperty|SubsystemProperty|TGModelProperty|TGObject,swig_helper_synth
0x0063c4d0,swig_EnergyWeaponProperty_GetRechargeRate,swig,EnergyWeaponProperty,,GetRechargeRate,direct,WeaponProperty|SubsystemProperty|TGModelProperty|TGObject,c_symbol
0x0063c540,swig_EnergyWeaponProperty_GetNormalDischargeRate,swig,EnergyWeaponProperty,,GetNormalDischargeRate,direct,WeaponProperty|SubsystemProperty|TGModelProperty|TGObject,c_symbol
0x0063c5b0,swig_EnergyWeaponProperty_GetMaxCharge,swig,EnergyWeaponProperty,,GetMaxCharge,direct,WeaponProperty|SubsystemProperty|TGModelProperty|TGObject,c_symbol
0x0063c620,swig_EnergyWeaponProperty_GetMinFiringCharge,swig,EnergyWeaponProperty,,GetMinFiringCharge,direct,WeaponProperty|SubsystemProperty|TGModelProperty|TGObject,c_symbol
0x0063c690,swig_EnergyWeaponProperty_GetFireSound,swig,EnergyWeaponProperty,,GetFireSound,direct,WeaponProperty|SubsystemProperty|TGModelProperty|TGObject,c_symbol
0x0063c700,swig_EnergyWeaponProperty_GetMaxDamage,swig,EnergyWeaponProperty,,GetMaxDamage,direct,WeaponProperty|SubsystemProperty|TGModelProperty|TGObject,c_symbol
0x0063c770,swig_EnergyWeaponProperty_GetMaxDamageDistance,swig,EnergyWeaponProperty,,GetMaxDamageDistance,direct,WeaponProperty|SubsystemProperty|TGModelProperty|TGObject,c_symbol
0x0063c7e0,swig_EnergyWeaponProperty_GetIndicatorIconNum,swig,EnergyWeaponProperty,,GetIndicatorIconNum,direct,WeaponProperty|SubsystemProperty|TGModelProperty|TGObject,c_symbol
0x0063c840,swig_EnergyWeaponProperty_GetIndicatorIconPositionX,swig,EnergyWeaponProperty,,GetIndicatorIconPositionX,direct,WeaponProperty|SubsystemProperty|TGModelProperty|TGObject,c_symbol
0x0063c8b0,swig_EnergyWeaponProperty_GetIndicatorIconPositionY,swig,EnergyWeaponProperty,,GetIndicatorIconPositionY,direct,WeaponProperty|SubsystemProperty|TGModelProperty|TGObject,c_symbol
0x0063c920,swig_EnergyWeaponProperty_SetFireSound,swig,EnergyWeaponProperty,,SetFireSound,direct,WeaponProperty|SubsystemProperty|TGModelProperty|TGObject,c_symbol
0x0063c9e0,swig_EnergyWeaponProperty_SetMaxDamage,swig,EnergyWeaponProperty,,SetMaxDamage,direct,WeaponProperty|SubsystemProperty|TGModelProperty|TGObject,c_symbol
0x0063ca60,swig_EnergyWeaponProperty_SetMaxDamageDistance,swig,EnergyWeaponProperty,,SetMaxDamageDistance,direct,WeaponProperty|SubsystemProperty|TGModelProperty|TGObject,c_symbol
0x0063cae0,swig_EnergyWeaponProperty_SetMinFiringCharge,swig,EnergyWeaponProperty,,SetMinFiringCharge,direct,WeaponProperty|SubsystemProperty|TGModelProperty|TGObject,c_symbol
0x0063cb60,swig_EnergyWeaponProperty_SetMaxCharge,swig,EnergyWeaponProperty,,SetMaxCharge,direct,WeaponProperty|SubsystemProperty|TGModelProperty|TGObject,c_symbol
0x0063cbe0,swig_EnergyWeaponProperty_SetNormalDischargeRate,swig,EnergyWeaponProperty,,SetNormalDischargeRate,direct,WeaponProperty|SubsystemProperty|TGModelProperty|TGObject,c_symbol
0x0063cc60,swig_EnergyWeaponProperty_SetRechargeRate,swig,EnergyWeaponProperty,,SetRechargeRate,direct,WeaponProperty|SubsystemProperty|TGModelProperty|TGObject,c_symbol
0x0063cce0,swig_EnergyWeaponProperty_SetIndicatorIconNum,swig,EnergyWeaponProperty,,SetIndicatorIconNum,direct,WeaponProperty|SubsystemProperty|TGModelProperty|TGObject,c_symbol
0x0063cd60,swig_EnergyWeaponProperty_SetIndicatorIconPositionX,swig,EnergyWeaponProperty,,SetIndicatorIconPositionX,direct,WeaponProperty|SubsystemProperty|TGModelProperty|TGObject,c_symbol
0x0063cde0,swig_EnergyWeaponProperty_SetIndicatorIconPositionY,swig,EnergyWeaponProperty,,SetIndicatorIconPositionY,direct,WeaponProperty|SubsystemProperty|TGModelProperty|TGObject,c_symbol
0x0063ce60,swig_new_PhaserProperty,swig,PhaserProperty,PhaserProperty,new,swig_ctor,EnergyWeaponProperty|WeaponProperty|SubsystemProperty|TGModelProperty|TGObject,swig_ctor_dtor
0x0063cee0,swig_delete_PhaserProperty,swig,PhaserProperty,PhaserProperty,delete,swig_dtor,EnergyWeaponProperty|WeaponProperty|SubsystemProperty|TGModelProperty|TGObject,swig_ctor_dtor
0x0063cf50,swig_PhaserProperty_Cast,swig,PhaserProperty,PhaserProperty,Cast,swig_helper,EnergyWeaponProperty|WeaponProperty|SubsystemProperty|TGModelProperty|TGObject,swig_helper_synth
0x0063cfc0,swig_PhaserProperty_Create,swig,PhaserProperty,PhaserProperty,Create,swig_helper,EnergyWeaponProperty|WeaponProperty|SubsystemProperty|TGModelProperty|TGObject,swig_helper_synth
0x0063d040,swig_PhaserProperty_SetOrientation,swig,PhaserProperty,,SetOrientation,direct,EnergyWeaponProperty|WeaponProperty|SubsystemProperty|TGModelProperty|TGObject,c_symbol
0x0063d1c0,swig_PhaserProperty_SetWidth,swig,PhaserProperty,,SetWidth,direct,EnergyWeaponProperty|WeaponProperty|SubsystemProperty|TGModelProperty|TGObject,c_symbol
0x0063d240,swig_PhaserProperty_SetLength,swig,PhaserProperty,,SetLength,direct,EnergyWeaponProperty|WeaponProperty|SubsystemProperty|TGModelProperty|TGObject,c_symbol
0x0063d2c0,swig_PhaserProperty_SetPhaserTextureStart,swig,PhaserProperty,,SetPhaserTextureStart,direct,EnergyWeaponProperty|WeaponProperty|SubsystemProperty|TGModelProperty|TGObject,c_symbol
0x0063d340,swig_PhaserProperty_SetPhaserTextureEnd,swig,PhaserProperty,,SetPhaserTextureEnd,direct,EnergyWeaponProperty|WeaponProperty|SubsystemProperty|TGModelProperty|TGObject,c_symbol
0x0063d3c0,swig_PhaserProperty_SetPhaserWidth,swig,PhaserProperty,,SetPhaserWidth,direct,EnergyWeaponProperty|WeaponProperty|SubsystemProperty|TGModelProperty|TGObject,c_symbol
0x0063d440,swig_PhaserProperty_SetArcWidthAngles,swig,PhaserProperty,,SetArcWidthAngles,direct,EnergyWeaponProperty|WeaponProperty|SubsystemProperty|TGModelProperty|TGObject,c_symbol
0x0063d4d0,swig_PhaserProperty_SetArcHeightAngles,swig,PhaserProperty,,SetArcHeightAngles,direct,EnergyWeaponProperty|WeaponProperty|SubsystemProperty|TGModelProperty|TGObject,c_symbol
0x0063d560,swig_PhaserProperty_SetOuterShellColor,swig,PhaserProperty,,SetOuterShellColor,direct,EnergyWeaponProperty|WeaponProperty|SubsystemProperty|TGModelProperty|TGObject,c_symbol
0x0063d650,swig_PhaserProperty_SetInnerShellColor,swig,PhaserProperty,,SetInnerShellColor,direct,EnergyWeaponProperty|WeaponProperty|SubsystemProperty|TGModelProperty|TGObject,c_symbol
0x0063d740,swig_PhaserProperty_SetOuterCoreColor,swig,PhaserProperty,,SetOuterCoreColor,direct,EnergyWeaponProperty|WeaponProperty|SubsystemProperty|TGModelProperty|TGObject,c_symbol
0x0063d830,swig_PhaserProperty_SetInnerCoreColor,swig,PhaserProperty,,SetInnerCoreColor,direct,EnergyWeaponProperty|WeaponProperty|SubsystemProperty|TGModelProperty|TGObject,c_symbol
0x0063d920,swig_PhaserProperty_SetNumSides,swig,PhaserProperty,,SetNumSides,direct,EnergyWeaponProperty|WeaponProperty|SubsystemProperty|TGModelProperty|TGObject,c_symbol
0x0063d9a0,swig_PhaserProperty_SetMainRadius,swig,PhaserProperty,,SetMainRadius,direct,EnergyWeaponProperty|WeaponProperty|SubsystemProperty|TGModelProperty|TGObject,c_symbol
0x0063da20,swig_PhaserProperty_SetTaperRadius,swig,PhaserProperty,,SetTaperRadius,direct,EnergyWeaponProperty|WeaponProperty|SubsystemProperty|TGModelProperty|TGObject,c_symbol
0x0063daa0,swig_PhaserProperty_SetCoreScale,swig,PhaserProperty,,SetCoreScale,direct,EnergyWeaponProperty|WeaponProperty|SubsystemProperty|TGModelProperty|TGObject,c_symbol
0x0063db20,swig_PhaserProperty_SetTaperRatio,swig,PhaserProperty,,SetTaperRatio,direct,EnergyWeaponProperty|WeaponProperty|SubsystemProperty|TGModelProperty|TGObject,c_symbol
0x0063dba0,swig_PhaserProperty_SetTaperMinLength,swig,PhaserProperty,,SetTaperMinLength,direct,EnergyWeaponProperty|WeaponProperty|SubsystemProperty|TGModelProperty|TGObject,c_symbol
0x0063dc20,swig_PhaserProperty_SetTaperMaxLength,swig,PhaserProperty,,SetTaperMaxLength,direct,EnergyWeaponProperty|WeaponProperty|SubsystemProperty|TGModelProperty|TGObject,c_symbol
0x0063dca0,swig_PhaserProperty_SetLengthTextureTilePerUnit,swig,PhaserProperty,,SetLengthTextureTilePerUnit,direct,EnergyWeaponProperty|WeaponProperty|SubsystemProperty|TGModelProperty|TGObject,c_symbol
0x0063dd20,swig_PhaserProperty_SetPerimeterTile,swig,PhaserProperty,,SetPerimeterTile,direct,EnergyWeaponProperty|WeaponProperty|SubsystemProperty|TGModelProperty|TGObject,c_symbol
0x0063dda0,swig_PhaserProperty_SetTextureSpeed,swig,PhaserProperty,,SetTextureSpeed,direct,EnergyWeaponProperty|WeaponProperty|SubsystemProperty|TGModelProperty|TGObject,c_symbol
0x0063de20,swig_PhaserProperty_SetTextureName,swig,PhaserProperty,,SetTextureName,direct,EnergyWeaponProperty|WeaponProperty|SubsystemProperty|TGModelProperty|TGObject,c_symbol
0x0063dee0,swig_PhaserProperty_GetOrientationForward,swig,,PhaserProperty,GetOrientationForward,python_wrapper,,python_class_method
0x0063df70,swig_PhaserProperty_GetOrientationUp,swig,,PhaserProperty,GetOrientationUp,python_wrapper,,python_class_method
0x0063e000,swig_PhaserProperty_GetWidth,swig,PhaserProperty,,GetWidth,direct,EnergyWeaponProperty|WeaponProperty|SubsystemProperty|TGModelProperty|TGObject,c_symbol
0x0063e070,swig_PhaserProperty_GetLength,swig,PhaserProperty,,GetLength,direct,EnergyWeaponProperty|WeaponProperty|SubsystemProperty|TGModelProperty|TGObject,c_symbol
0x0063e0e0,swig_PhaserProperty_GetPhaserTextureStart,swig,PhaserProperty,,GetPhaserTextureStart,direct,EnergyWeaponProperty|WeaponProperty|SubsystemProperty|TGModelProperty|TGObject,c_symbol
0x0063e140,swig_PhaserProperty_GetPhaserTextureEnd,swig,PhaserProperty,,GetPhaserTextureEnd,direct,EnergyWeaponProperty|WeaponProperty|SubsystemProperty|TGModelProperty|TGObject,c_symbol
0x0063e1a0,swig_PhaserProperty_GetPhaserWidth,swig,PhaserProperty,,GetPhaserWidth,direct,EnergyWeaponProperty|WeaponProperty|SubsystemProperty|TGModelProperty|TGObject,c_symbol
0x0063e210,swig_PhaserProperty_GetArcWidthAngles,swig,PhaserProperty,,GetArcWidthAngles,direct,EnergyWeaponProperty|WeaponProperty|SubsystemProperty|TGModelProperty|TGObject,c_symbol
0x0063e2f0,swig_PhaserProperty_GetArcHeightAngles,swig,PhaserProperty,,GetArcHeightAngles,direct,EnergyWeaponProperty|WeaponProperty|SubsystemProperty|TGModelProperty|TGObject,c_symbol
0x0063e3d0,swig_PhaserProperty_GetArcWidthAngleMin,swig,PhaserProperty,,GetArcWidthAngleMin,direct,EnergyWeaponProperty|WeaponProperty|SubsystemProperty|TGModelProperty|TGObject,c_symbol
0x0063e440,swig_PhaserProperty_GetArcWidthAngleMax,swig,PhaserProperty,,GetArcWidthAngleMax,direct,EnergyWeaponProperty|WeaponProperty|SubsystemProperty|TGModelProperty|TGObject,c_symbol
0x0063e4b0,swig_PhaserProperty_GetArcHeightAngleMin,swig,PhaserProperty,,GetArcHeightAngleMin,direct,EnergyWeaponProperty|WeaponProperty|SubsystemProperty|TGModelProperty|TGObject,c_symbol
0x0063e520,swig_PhaserProperty_GetArcHeightAngleMax,swig,PhaserProperty,,GetArcHeightAngleMax,direct,EnergyWeaponProperty|WeaponProperty|SubsystemProperty|TGModelProperty|TGObject,c_symbol
0x0063e590,swig_PhaserProperty_GetOuterShellColor,swig,,PhaserProperty,GetOuterShellColor,python_wrapper,,python_class_method
0x0063e640,swig_PhaserProperty_GetInnerShellColor,swig,,PhaserProperty,GetInnerShellColor,python_wrapper,,python_class_method
0x0063e6f0,swig_PhaserProperty_GetOuterCoreColor,swig,,PhaserProperty,GetOuterCoreColor,python_wrapper,,python_class_method
0x0063e7a0,swig_PhaserProperty_GetInnerCoreColor,swig,,PhaserProperty,GetInnerCoreColor,python_wrapper,,python_class_method
0x0063e850,swig_PhaserProperty_GetNumSides,swig,PhaserProperty,,GetNumSides,direct,EnergyWeaponProperty|WeaponProperty|SubsystemProperty|TGModelProperty|TGObject,c_symbol
0x0063e8b0,swig_PhaserProperty_GetMainRadius,swig,PhaserProperty,,GetMainRadius,direct,EnergyWeaponProperty|WeaponProperty|SubsystemProperty|TGModelProperty|TGObject,c_symbol
0x0063e920,swig_PhaserProperty_GetTaperRadius,swig,PhaserProperty,,GetTaperRadius,direct,EnergyWeaponProperty|WeaponProperty|SubsystemProperty|TGModelProperty|TGObject,c_symbol
0x0063e990,swig_PhaserProperty_GetCoreScale,swig,PhaserProperty,,GetCoreScale,direct,EnergyWeaponProperty|WeaponProperty|SubsystemProperty|TGModelProperty|TGObject,c_symbol
0x0063ea00,swig_PhaserProperty_GetTaperRatio,swig,PhaserProperty,,GetTaperRatio,direct,EnergyWeaponProperty|WeaponProperty|SubsystemProperty|TGModelProperty|TGObject,c_symbol
0x0063ea70,swig_PhaserProperty_GetTaperMinLength,swig,PhaserProperty,,GetTaperMinLength,direct,EnergyWeaponProperty|WeaponProperty|SubsystemProperty|TGModelProperty|TGObject,c_symbol
0x0063eae0,swig_PhaserProperty_GetTaperMaxLength,swig,PhaserProperty,,GetTaperMaxLength,direct,EnergyWeaponProperty|WeaponProperty|SubsystemProperty|TGModelProperty|TGObject,c_symbol
0x0063eb50,swig_PhaserProperty_GetLengthTextureTilePerUnit,swig,PhaserProperty,,GetLengthTextureTilePerUnit,direct,EnergyWeaponProperty|WeaponProperty|SubsystemProperty|TGModelProperty|TGObject,c_symbol
0x0063ebc0,swig_PhaserProperty_GetPerimeterTile,swig,PhaserProperty,,GetPerimeterTile,direct,EnergyWeaponProperty|WeaponProperty|SubsystemProperty|TGModelProperty|TGObject,c_symbol
0x0063ec30,swig_PhaserProperty_GetTextureSpeed,swig,PhaserProperty,,GetTextureSpeed,direct,EnergyWeaponProperty|WeaponProperty|SubsystemProperty|TGModelProperty|TGObject,c_symbol
0x0063eca0,swig_PhaserProperty_GetTextureName,swig,PhaserProperty,,GetTextureName,direct,EnergyWeaponProperty|WeaponProperty|SubsystemProperty|TGModelProperty|TGObject,c_symbol
0x0063ed10,swig_new_PulseWeaponProperty,swig,PulseWeaponProperty,PulseWeaponProperty,new,swig_ctor,EnergyWeaponProperty|WeaponProperty|SubsystemProperty|TGModelProperty|TGObject,swig_ctor_dtor
0x0063ed90,swig_delete_PulseWeaponProperty,swig,PulseWeaponProperty,PulseWeaponProperty,delete,swig_dtor,EnergyWeaponProperty|WeaponProperty|SubsystemProperty|TGModelProperty|TGObject,swig_ctor_dtor
0x0063ee00,swig_PulseWeaponProperty_Cast,swig,PulseWeaponProperty,PulseWeaponProperty,Cast,swig_helper,EnergyWeaponProperty|WeaponProperty|SubsystemProperty|TGModelProperty|TGObject,swig_helper_synth
0x0063ee70,swig_PulseWeaponProperty_Create,swig,PulseWeaponProperty,PulseWeaponProperty,Create,swig_helper,EnergyWeaponProperty|WeaponProperty|SubsystemProperty|TGModelProperty|TGObject,swig_helper_synth
0x0063eef0,swig_PulseWeaponProperty_SetOrientation,swig,PulseWeaponProperty,,SetOrientation,direct,EnergyWeaponProperty|WeaponProperty|SubsystemProperty|TGModelProperty|TGObject,c_symbol
0x0063f000,swig_PulseWeaponProperty_SetArcWidthAngles,swig,PulseWeaponProperty,,SetArcWidthAngles,direct,EnergyWeaponProperty|WeaponProperty|SubsystemProperty|TGModelProperty|TGObject,c_symbol
0x0063f090,swig_PulseWeaponProperty_SetArcHeightAngles,swig,PulseWeaponProperty,,SetArcHeightAngles,direct,EnergyWeaponProperty|WeaponProperty|SubsystemProperty|TGModelProperty|TGObject,c_symbol
0x0063f120,swig_PulseWeaponProperty_SetCooldownTime,swig,PulseWeaponProperty,,SetCooldownTime,direct,EnergyWeaponProperty|WeaponProperty|SubsystemProperty|TGModelProperty|TGObject,c_symbol
0x0063f1a0,swig_PulseWeaponProperty_SetModuleName,swig,PulseWeaponProperty,,SetModuleName,direct,EnergyWeaponProperty|WeaponProperty|SubsystemProperty|TGModelProperty|TGObject,c_symbol
0x0063f260,swig_PulseWeaponProperty_GetOrientationForward,swig,,PulseWeaponProperty,GetOrientationForward,python_wrapper,,python_class_method
0x0063f2f0,swig_PulseWeaponProperty_GetOrientationUp,swig,,PulseWeaponProperty,GetOrientationUp,python_wrapper,,python_class_method
0x0063f380,swig_PulseWeaponProperty_GetOrientationRight,swig,,PulseWeaponProperty,GetOrientationRight,python_wrapper,,python_class_method
0x0063f410,swig_PulseWeaponProperty_GetArcWidthAngles,swig,PulseWeaponProperty,,GetArcWidthAngles,direct,EnergyWeaponProperty|WeaponProperty|SubsystemProperty|TGModelProperty|TGObject,c_symbol
0x0063f4f0,swig_PulseWeaponProperty_GetArcHeightAngles,swig,PulseWeaponProperty,,GetArcHeightAngles,direct,EnergyWeaponProperty|WeaponProperty|SubsystemProperty|TGModelProperty|TGObject,c_symbol
0x0063f5d0,swig_PulseWeaponProperty_GetArcWidthAngleMin,swig,PulseWeaponProperty,,GetArcWidthAngleMin,direct,EnergyWeaponProperty|WeaponProperty|SubsystemProperty|TGModelProperty|TGObject,c_symbol
0x0063f640,swig_PulseWeaponProperty_GetArcWidthAngleMax,swig,PulseWeaponProperty,,GetArcWidthAngleMax,direct,EnergyWeaponProperty|WeaponProperty|SubsystemProperty|TGModelProperty|TGObject,c_symbol
0x0063f6b0,swig_PulseWeaponProperty_GetArcHeightAngleMin,swig,PulseWeaponProperty,,GetArcHeightAngleMin,direct,EnergyWeaponProperty|WeaponProperty|SubsystemProperty|TGModelProperty|TGObject,c_symbol
0x0063f720,swig_PulseWeaponProperty_GetArcHeightAngleMax,swig,PulseWeaponProperty,,GetArcHeightAngleMax,direct,EnergyWeaponProperty|WeaponProperty|SubsystemProperty|TGModelProperty|TGObject,c_symbol
0x0063f790,swig_PulseWeaponProperty_GetCooldownTime,swig,PulseWeaponProperty,,GetCooldownTime,direct,EnergyWeaponProperty|WeaponProperty|SubsystemProperty|TGModelProperty|TGObject,c_symbol
0x0063f800,swig_PulseWeaponProperty_GetModuleName,swig,PulseWeaponProperty,,GetModuleName,direct,EnergyWeaponProperty|WeaponProperty|SubsystemProperty|TGModelProperty|TGObject,c_symbol
0x0063f870,swig_new_TractorBeamProperty,swig,TractorBeamProperty,TractorBeamProperty,new,swig_ctor,EnergyWeaponProperty|WeaponProperty|SubsystemProperty|TGModelProperty|TGObject,swig_ctor_dtor
0x0063f8f0,swig_delete_TractorBeamProperty,swig,TractorBeamProperty,TractorBeamProperty,delete,swig_dtor,EnergyWeaponProperty|WeaponProperty|SubsystemProperty|TGModelProperty|TGObject,swig_ctor_dtor
0x0063f960,swig_TractorBeamProperty_Cast,swig,TractorBeamProperty,TractorBeamProperty,Cast,swig_helper,EnergyWeaponProperty|WeaponProperty|SubsystemProperty|TGModelProperty|TGObject,swig_helper_synth
0x0063f9d0,swig_TractorBeamProperty_Create,swig,TractorBeamProperty,TractorBeamProperty,Create,swig_helper,EnergyWeaponProperty|WeaponProperty|SubsystemProperty|TGModelProperty|TGObject,swig_helper_synth
0x0063fa50,swig_TractorBeamProperty_SetArcWidthAngles,swig,TractorBeamProperty,,SetArcWidthAngles,direct,EnergyWeaponProperty|WeaponProperty|SubsystemProperty|TGModelProperty|TGObject,c_symbol
0x0063fae0,swig_TractorBeamProperty_SetArcHeightAngles,swig,TractorBeamProperty,,SetArcHeightAngles,direct,EnergyWeaponProperty|WeaponProperty|SubsystemProperty|TGModelProperty|TGObject,c_symbol
0x0063fb70,swig_TractorBeamProperty_GetOrientationForward,swig,,TractorBeamProperty,GetOrientationForward,python_wrapper,,python_class_method
0x0063fc00,swig_TractorBeamProperty_GetOrientationUp,swig,,TractorBeamProperty,GetOrientationUp,python_wrapper,,python_class_method
0x0063fc90,swig_TractorBeamProperty_GetOrientationRight,swig,,TractorBeamProperty,GetOrientationRight,python_wrapper,,python_class_method
0x0063fd20,swig_TractorBeamProperty_SetOrientation,swig,TractorBeamProperty,,SetOrientation,direct,EnergyWeaponProperty|WeaponProperty|SubsystemProperty|TGModelProperty|TGObject,c_symbol
0x0063fe30,swig_TractorBeamProperty_GetArcWidthAngles,swig,TractorBeamProperty,,GetArcWidthAngles,direct,EnergyWeaponProperty|WeaponProperty|SubsystemProperty|TGModelProperty|TGObject,c_symbol
0x0063ff10,swig_TractorBeamProperty_GetArcHeightAngles,swig,TractorBeamProperty,,GetArcHeightAngles,direct,EnergyWeaponProperty|WeaponProperty|SubsystemProperty|TGModelProperty|TGObject,c_symbol
0x0063fff0,swig_TractorBeamProperty_GetArcWidthAngleMin,swig,TractorBeamProperty,,GetArcWidthAngleMin,direct,EnergyWeaponProperty|WeaponProperty|SubsystemProperty|TGModelProperty|TGObject,c_symbol
0x00640060,swig_TractorBeamProperty_GetArcWidthAngleMax,swig,TractorBeamProperty,,GetArcWidthAngleMax,direct,EnergyWeaponProperty|WeaponProperty|SubsystemProperty|TGModelProperty|TGObject,c_symbol
0x006400d0,swig_TractorBeamProperty_GetArcHeightAngleMin,swig,TractorBeamProperty,,GetArcHeightAngleMin,direct,EnergyWeaponProperty|WeaponProperty|SubsystemProperty|TGModelProperty|TGObject,c_symbol
0x00640140,swig_TractorBeamProperty_GetArcHeightAngleMax,swig,TractorBeamProperty,,GetArcHeightAngleMax,direct,EnergyWeaponProperty|WeaponProperty|SubsystemProperty|TGModelProperty|TGObject,c_symbol
0x006401b0,swig_TractorBeamProperty_GetOuterShellColor,swig,,TractorBeamProperty,GetOuterShellColor,python_wrapper,,python_class_method
0x00640260,swig_TractorBeamProperty_GetInnerShellColor,swig,,TractorBeamProperty,GetInnerShellColor,python_wrapper,,python_class_method
0x00640310,swig_TractorBeamProperty_GetOuterCoreColor,swig,,TractorBeamProperty,GetOuterCoreColor,python_wrapper,,python_class_method
0x006403c0,swig_TractorBeamProperty_GetInnerCoreColor,swig,,TractorBeamProperty,GetInnerCoreColor,python_wrapper,,python_class_method
0x00640470,swig_TractorBeamProperty_GetNumSides,swig,TractorBeamProperty,,GetNumSides,direct,EnergyWeaponProperty|WeaponProperty|SubsystemProperty|TGModelProperty|TGObject,c_symbol
0x006404d0,swig_TractorBeamProperty_GetMainRadius,swig,TractorBeamProperty,,GetMainRadius,direct,EnergyWeaponProperty|WeaponProperty|SubsystemProperty|TGModelProperty|TGObject,c_symbol
0x00640540,swig_TractorBeamProperty_GetTaperRadius,swig,TractorBeamProperty,,GetTaperRadius,direct,EnergyWeaponProperty|WeaponProperty|SubsystemProperty|TGModelProperty|TGObject,c_symbol
0x006405b0,swig_TractorBeamProperty_GetCoreScale,swig,TractorBeamProperty,,GetCoreScale,direct,EnergyWeaponProperty|WeaponProperty|SubsystemProperty|TGModelProperty|TGObject,c_symbol
0x00640620,swig_TractorBeamProperty_GetTaperRatio,swig,TractorBeamProperty,,GetTaperRatio,direct,EnergyWeaponProperty|WeaponProperty|SubsystemProperty|TGModelProperty|TGObject,c_symbol
0x00640690,swig_TractorBeamProperty_GetTaperMinLength,swig,TractorBeamProperty,,GetTaperMinLength,direct,EnergyWeaponProperty|WeaponProperty|SubsystemProperty|TGModelProperty|TGObject,c_symbol
0x00640700,swig_TractorBeamProperty_GetTaperMaxLength,swig,TractorBeamProperty,,GetTaperMaxLength,direct,EnergyWeaponProperty|WeaponProperty|SubsystemProperty|TGModelProperty|TGObject,c_symbol
0x00640770,swig_TractorBeamProperty_GetLengthTextureTilePerUnit,swig,TractorBeamProperty,,GetLengthTextureTilePerUnit,direct,EnergyWeaponProperty|WeaponProperty|SubsystemProperty|TGModelProperty|TGObject,c_symbol
0x006407e0,swig_TractorBeamProperty_GetPerimeterTile,swig,TractorBeamProperty,,GetPerimeterTile,direct,EnergyWeaponProperty|WeaponProperty|SubsystemProperty|TGModelProperty|TGObject,c_symbol
0x00640850,swig_TractorBeamProperty_GetTextureSpeed,swig,TractorBeamProperty,,GetTextureSpeed,direct,EnergyWeaponProperty|WeaponProperty|SubsystemProperty|TGModelProperty|TGObject,c_symbol
0x006408c0,swig_TractorBeamProperty_GetTextureName,swig,TractorBeamProperty,,GetTextureName,direct,EnergyWeaponProperty|WeaponProperty|SubsystemProperty|TGModelProperty|TGObject,c_symbol
0x00640930,swig_TractorBeamProperty_GetTextureStart,swig,TractorBeamProperty,,GetTextureStart,direct,EnergyWeaponProperty|WeaponProperty|SubsystemProperty|TGModelProperty|TGObject,c_symbol
0x00640990,swig_TractorBeamProperty_GetTextureEnd,swig,TractorBeamProperty,,GetTextureEnd,direct,EnergyWeaponProperty|WeaponProperty|SubsystemProperty|TGModelProperty|TGObject,c_symbol
0x006409f0,swig_TractorBeamProperty_GetTractorBeamWidth,swig,TractorBeamProperty,,GetTractorBeamWidth,direct,EnergyWeaponProperty|WeaponProperty|SubsystemProperty|TGModelProperty|TGObject,c_symbol
0x00640a60,swig_TractorBeamProperty_SetOuterShellColor,swig,TractorBeamProperty,,SetOuterShellColor,direct,EnergyWeaponProperty|WeaponProperty|SubsystemProperty|TGModelProperty|TGObject,c_symbol
0x00640b50,swig_TractorBeamProperty_SetInnerShellColor,swig,TractorBeamProperty,,SetInnerShellColor,direct,EnergyWeaponProperty|WeaponProperty|SubsystemProperty|TGModelProperty|TGObject,c_symbol
0x00640c40,swig_TractorBeamProperty_SetOuterCoreColor,swig,TractorBeamProperty,,SetOuterCoreColor,direct,EnergyWeaponProperty|WeaponProperty|SubsystemProperty|TGModelProperty|TGObject,c_symbol
0x00640d30,swig_TractorBeamProperty_SetInnerCoreColor,swig,TractorBeamProperty,,SetInnerCoreColor,direct,EnergyWeaponProperty|WeaponProperty|SubsystemProperty|TGModelProperty|TGObject,c_symbol
0x00640e20,swig_TractorBeamProperty_SetNumSides,swig,TractorBeamProperty,,SetNumSides,direct,EnergyWeaponProperty|WeaponProperty|SubsystemProperty|TGModelProperty|TGObject,c_symbol
0x00640ea0,swig_TractorBeamProperty_SetMainRadius,swig,TractorBeamProperty,,SetMainRadius,direct,EnergyWeaponProperty|WeaponProperty|SubsystemProperty|TGModelProperty|TGObject,c_symbol
0x00640f20,swig_TractorBeamProperty_SetTaperRadius,swig,TractorBeamProperty,,SetTaperRadius,direct,EnergyWeaponProperty|WeaponProperty|SubsystemProperty|TGModelProperty|TGObject,c_symbol
0x00640fa0,swig_TractorBeamProperty_SetCoreScale,swig,TractorBeamProperty,,SetCoreScale,direct,EnergyWeaponProperty|WeaponProperty|SubsystemProperty|TGModelProperty|TGObject,c_symbol
0x00641020,swig_TractorBeamProperty_SetTaperRatio,swig,TractorBeamProperty,,SetTaperRatio,direct,EnergyWeaponProperty|WeaponProperty|SubsystemProperty|TGModelProperty|TGObject,c_symbol
0x006410a0,swig_TractorBeamProperty_SetTaperMinLength,swig,TractorBeamProperty,,SetTaperMinLength,direct,EnergyWeaponProperty|WeaponProperty|SubsystemProperty|TGModelProperty|TGObject,c_symbol
0x00641120,swig_TractorBeamProperty_SetTaperMaxLength,swig,TractorBeamProperty,,SetTaperMaxLength,direct,EnergyWeaponProperty|WeaponProperty|SubsystemProperty|TGModelProperty|TGObject,c_symbol
0x006411a0,swig_TractorBeamProperty_SetLengthTextureTilePerUnit,swig,TractorBeamProperty,,SetLengthTextureTilePerUnit,direct,EnergyWeaponProperty|WeaponProperty|SubsystemProperty|TGModelProperty|TGObject,c_symbol
0x00641220,swig_TractorBeamProperty_SetPerimeterTile,swig,TractorBeamProperty,,SetPerimeterTile,direct,EnergyWeaponProperty|WeaponProperty|SubsystemProperty|TGModelProperty|TGObject,c_symbol
0x006412a0,swig_TractorBeamProperty_SetTextureSpeed,swig,TractorBeamProperty,,SetTextureSpeed,direct,EnergyWeaponProperty|WeaponProperty|SubsystemProperty|TGModelProperty|TGObject,c_symbol
0x00641320,swig_TractorBeamProperty_SetTextureName,swig,TractorBeamProperty,,SetTextureName,direct,EnergyWeaponProperty|WeaponProperty|SubsystemProperty|TGModelProperty|TGObject,c_symbol
0x006413e0,swig_TractorBeamProperty_SetTextureStart,swig,TractorBeamProperty,,SetTextureStart,direct,EnergyWeaponProperty|WeaponProperty|SubsystemProperty|TGModelProperty|TGObject,c_symbol
0x00641460,swig_TractorBeamProperty_SetTextureEnd,swig,TractorBeamProperty,,SetTextureEnd,direct,EnergyWeaponProperty|WeaponProperty|SubsystemProperty|TGModelProperty|TGObject,c_symbol
0x006414e0,swig_TractorBeamProperty_SetTractorBeamWidth,swig,TractorBeamProperty,,SetTractorBeamWidth,direct,EnergyWeaponProperty|WeaponProperty|SubsystemProperty|TGModelProperty|TGObject,c_symbol
0x00641560,swig_new_TorpedoTubeProperty,swig,TorpedoTubeProperty,TorpedoTubeProperty,new,swig_ctor,WeaponProperty|SubsystemProperty|TGModelProperty|TGObject,swig_ctor_dtor
0x006415e0,swig_delete_TorpedoTubeProperty,swig,TorpedoTubeProperty,TorpedoTubeProperty,delete,swig_dtor,WeaponProperty|SubsystemProperty|TGModelProperty|TGObject,swig_ctor_dtor
0x00641650,swig_TorpedoTubeProperty_Cast,swig,TorpedoTubeProperty,TorpedoTubeProperty,Cast,swig_helper,WeaponProperty|SubsystemProperty|TGModelProperty|TGObject,swig_helper_synth
0x006416c0,swig_TorpedoTubeProperty_Create,swig,TorpedoTubeProperty,TorpedoTubeProperty,Create,swig_helper,WeaponProperty|SubsystemProperty|TGModelProperty|TGObject,swig_helper_synth
0x00641740,swig_TorpedoTubeProperty_GetDirection,swig,,TorpedoTubeProperty,GetDirection,python_wrapper,,python_class_method
0x006417d0,swig_TorpedoTubeProperty_GetRight,swig,,TorpedoTubeProperty,GetRight,python_wrapper,,python_class_method
0x00641860,swig_TorpedoTubeProperty_GetImmediateDelay,swig,TorpedoTubeProperty,,GetImmediateDelay,direct,WeaponProperty|SubsystemProperty|TGModelProperty|TGObject,c_symbol
0x006418d0,swig_TorpedoTubeProperty_GetReloadDelay,swig,TorpedoTubeProperty,,GetReloadDelay,direct,WeaponProperty|SubsystemProperty|TGModelProperty|TGObject,c_symbol
0x00641940,swig_TorpedoTubeProperty_GetMaxReady,swig,TorpedoTubeProperty,,GetMaxReady,direct,WeaponProperty|SubsystemProperty|TGModelProperty|TGObject,c_symbol
0x006419a0,swig_TorpedoTubeProperty_SetDirection,swig,TorpedoTubeProperty,,SetDirection,direct,WeaponProperty|SubsystemProperty|TGModelProperty|TGObject,c_symbol
0x00641a50,swig_TorpedoTubeProperty_SetRight,swig,TorpedoTubeProperty,,SetRight,direct,WeaponProperty|SubsystemProperty|TGModelProperty|TGObject,c_symbol
0x00641b00,swig_TorpedoTubeProperty_SetImmediateDelay,swig,TorpedoTubeProperty,,SetImmediateDelay,direct,WeaponProperty|SubsystemProperty|TGModelProperty|TGObject,c_symbol
0x00641b80,swig_TorpedoTubeProperty_SetReloadDelay,swig,TorpedoTubeProperty,,SetReloadDelay,direct,WeaponProperty|SubsystemProperty|TGModelProperty|TGObject,c_symbol
0x00641c00,swig_TorpedoTubeProperty_SetMaxReady,swig,TorpedoTubeProperty,,SetMaxReady,direct,WeaponProperty|SubsystemProperty|TGModelProperty|TGObject,c_symbol
0x00641c80,swig_new_TorpedoAmmoType,swig,TorpedoAmmoType,TorpedoAmmoType,new,swig_ctor,,swig_ctor_dtor
0x00641cd0,swig_delete_TorpedoAmmoType,swig,TorpedoAmmoType,TorpedoAmmoType,delete,swig_dtor,,swig_ctor_dtor
0x00641d50,swig_TorpedoAmmoType_GetLaunchSpeed,swig,TorpedoAmmoType,,GetLaunchSpeed,direct,,c_symbol
0x00641dc0,swig_TorpedoAmmoType_GetLaunchSound,swig,TorpedoAmmoType,,GetLaunchSound,direct,,c_symbol
0x00641e30,swig_TorpedoAmmoType_GetPowerCost,swig,TorpedoAmmoType,,GetPowerCost,direct,,c_symbol
0x00641ea0,swig_TorpedoAmmoType_GetAmmoName,swig,TorpedoAmmoType,,GetAmmoName,direct,,c_symbol
0x00641f10,swig_TorpedoAmmoType_GetMaxTorpedoes,swig,TorpedoAmmoType,,GetMaxTorpedoes,direct,,c_symbol
0x00641f70,swig_TorpedoAmmoType_SetMaxTorpedoes,swig,TorpedoAmmoType,,SetMaxTorpedoes,direct,,c_symbol
0x00641ff0,swig_TorpedoAmmoType_GetTorpedoScript,swig,TorpedoAmmoType,,GetTorpedoScript,direct,,c_symbol
0x00642060,swig_TorpedoAmmoType_SetTorpedoScript,swig,TorpedoAmmoType,,SetTorpedoScript,direct,,c_symbol
0x00642120,swig_TorpedoAmmoType_m_iMaxTorpedoes_set,swig,TorpedoAmmoType,TorpedoAmmoType,m_iMaxTorpedoes,swig_field_accessor,,swig_accessor
0x006421a0,swig_TorpedoAmmoType_m_iMaxTorpedoes_get,swig,TorpedoAmmoType,TorpedoAmmoType,m_iMaxTorpedoes,swig_field_accessor,,swig_accessor
0x00642200,swig_TorpedoAmmoType_m_pcModule_set,swig,TorpedoAmmoType,TorpedoAmmoType,m_pcModule,swig_field_accessor,,swig_accessor
0x006422b0,swig_TorpedoAmmoType_m_pcModule_get,swig,TorpedoAmmoType,TorpedoAmmoType,m_pcModule,swig_field_accessor,,swig_accessor
0x00642320,swig_TorpedoAmmoType_m_fLaunchSpeed_set,swig,TorpedoAmmoType,TorpedoAmmoType,m_fLaunchSpeed,swig_field_accessor,,swig_accessor
0x006423a0,swig_TorpedoAmmoType_m_fLaunchSpeed_get,swig,TorpedoAmmoType,TorpedoAmmoType,m_fLaunchSpeed,swig_field_accessor,,swig_accessor
0x00642410,swig_TorpedoAmmoType_m_pcLaunchSound_set,swig,TorpedoAmmoType,TorpedoAmmoType,m_pcLaunchSound,swig_field_accessor,,swig_accessor
0x006424c0,swig_TorpedoAmmoType_m_pcLaunchSound_get,swig,TorpedoAmmoType,TorpedoAmmoType,m_pcLaunchSound,swig_field_accessor,,swig_accessor
0x00642530,swig_new_TorpedoSystemProperty,swig,TorpedoSystemProperty,TorpedoSystemProperty,new,swig_ctor,WeaponSystemProperty|PoweredSubsystemProperty|SubsystemProperty|TGModelProperty|TGObject,swig_ctor_dtor
0x006425b0,swig_delete_TorpedoSystemProperty,swig,TorpedoSystemProperty,TorpedoSystemProperty,delete,swig_dtor,WeaponSystemProperty|PoweredSubsystemProperty|SubsystemProperty|TGModelProperty|TGObject,swig_ctor_dtor
0x00642620,swig_TorpedoSystemProperty_Cast,swig,TorpedoSystemProperty,TorpedoSystemProperty,Cast,swig_helper,WeaponSystemProperty|PoweredSubsystemProperty|SubsystemProperty|TGModelProperty|TGObject,swig_helper_synth
0x00642690,swig_TorpedoSystemProperty_Create,swig,TorpedoSystemProperty,TorpedoSystemProperty,Create,swig_helper,WeaponSystemProperty|PoweredSubsystemProperty|SubsystemProperty|TGModelProperty|TGObject,swig_helper_synth
0x00642710,swig_TorpedoSystemProperty_SetMaxTorpedoes,swig,TorpedoSystemProperty,,SetMaxTorpedoes,direct,WeaponSystemProperty|PoweredSubsystemProperty|SubsystemProperty|TGModelProperty|TGObject,c_symbol
0x006427a0,swig_TorpedoSystemProperty_GetMaxTorpedoes,swig,TorpedoSystemProperty,,GetMaxTorpedoes,direct,WeaponSystemProperty|PoweredSubsystemProperty|SubsystemProperty|TGModelProperty|TGObject,c_symbol
0x00642810,swig_TorpedoSystemProperty_SetTorpedoScript,swig,TorpedoSystemProperty,,SetTorpedoScript,direct,WeaponSystemProperty|PoweredSubsystemProperty|SubsystemProperty|TGModelProperty|TGObject,c_symbol
0x006428d0,swig_TorpedoSystemProperty_GetTorpedoScript,swig,TorpedoSystemProperty,,GetTorpedoScript,direct,WeaponSystemProperty|PoweredSubsystemProperty|SubsystemProperty|TGModelProperty|TGObject,c_symbol
0x00642950,swig_TorpedoSystemProperty_SetNumAmmoTypes,swig,TorpedoSystemProperty,,SetNumAmmoTypes,direct,WeaponSystemProperty|PoweredSubsystemProperty|SubsystemProperty|TGModelProperty|TGObject,c_symbol
0x006429d0,swig_TorpedoSystemProperty_GetNumAmmoTypes,swig,TorpedoSystemProperty,,GetNumAmmoTypes,direct,WeaponSystemProperty|PoweredSubsystemProperty|SubsystemProperty|TGModelProperty|TGObject,c_symbol
0x00642a30,swig_EngineGlowProperty_Cast,swig,EngineGlowProperty,EngineGlowProperty,Cast,swig_helper,TGModelProperty|TGObject,swig_helper_synth
0x00642aa0,swig_EngineGlowProperty_Create,swig,EngineGlowProperty,EngineGlowProperty,Create,swig_helper,TGModelProperty|TGObject,swig_helper_synth
0x00642b20,swig_delete_EngineGlowProperty,swig,EngineGlowProperty,EngineGlowProperty,delete,swig_dtor,TGModelProperty|TGObject,swig_ctor_dtor
0x00642b90,swig_new_ShieldProperty,swig,ShieldProperty,ShieldProperty,new,swig_ctor,PoweredSubsystemProperty|SubsystemProperty|TGModelProperty|TGObject,swig_ctor_dtor
0x00642c10,swig_delete_ShieldProperty,swig,ShieldProperty,ShieldProperty,delete,swig_dtor,PoweredSubsystemProperty|SubsystemProperty|TGModelProperty|TGObject,swig_ctor_dtor
0x00642c80,swig_ShieldProperty_Cast,swig,ShieldProperty,ShieldProperty,Cast,swig_helper,PoweredSubsystemProperty|SubsystemProperty|TGModelProperty|TGObject,swig_helper_synth
0x00642cf0,swig_ShieldProperty_Create,swig,ShieldProperty,ShieldProperty,Create,swig_helper,PoweredSubsystemProperty|SubsystemProperty|TGModelProperty|TGObject,swig_helper_synth
0x00642d70,swig_ShieldProperty_GetShieldGlowColor,swig,,ShieldProperty,GetShieldGlowColor,python_wrapper,,python_class_method
0x00642e00,swig_ShieldProperty_GetShieldGlowDecay,swig,ShieldProperty,,GetShieldGlowDecay,direct,PoweredSubsystemProperty|SubsystemProperty|TGModelProperty|TGObject,c_symbol
0x00642e70,swig_ShieldProperty_GetMaxShields,swig,ShieldProperty,,GetMaxShields,direct,PoweredSubsystemProperty|SubsystemProperty|TGModelProperty|TGObject,c_symbol
0x00642ef0,swig_ShieldProperty_GetShieldChargePerSecond,swig,ShieldProperty,,GetShieldChargePerSecond,direct,PoweredSubsystemProperty|SubsystemProperty|TGModelProperty|TGObject,c_symbol
0x00642f70,swig_ShieldProperty_SetShieldGlowColor,swig,ShieldProperty,,SetShieldGlowColor,direct,PoweredSubsystemProperty|SubsystemProperty|TGModelProperty|TGObject,c_symbol
0x00643050,swig_ShieldProperty_SetShieldGlowDecay,swig,ShieldProperty,,SetShieldGlowDecay,direct,PoweredSubsystemProperty|SubsystemProperty|TGModelProperty|TGObject,c_symbol
0x006430d0,swig_ShieldProperty_SetMaxShields,swig,ShieldProperty,,SetMaxShields,direct,PoweredSubsystemProperty|SubsystemProperty|TGModelProperty|TGObject,c_symbol
0x00643150,swig_ShieldProperty_SetShieldChargePerSecond,swig,ShieldProperty,,SetShieldChargePerSecond,direct,PoweredSubsystemProperty|SubsystemProperty|TGModelProperty|TGObject,c_symbol
0x006431d0,swig_new_HullProperty,swig,HullProperty,HullProperty,new,swig_ctor,SubsystemProperty|TGModelProperty|TGObject,swig_ctor_dtor
0x00643250,swig_delete_HullProperty,swig,HullProperty,HullProperty,delete,swig_dtor,SubsystemProperty|TGModelProperty|TGObject,swig_ctor_dtor
0x006432c0,swig_HullProperty_Cast,swig,HullProperty,HullProperty,Cast,swig_helper,SubsystemProperty|TGModelProperty|TGObject,swig_helper_synth
0x00643330,swig_HullProperty_Create,swig,HullProperty,HullProperty,Create,swig_helper,SubsystemProperty|TGModelProperty|TGObject,swig_helper_synth
0x006433b0,swig_new_SensorProperty,swig,SensorProperty,SensorProperty,new,swig_ctor,PoweredSubsystemProperty|SubsystemProperty|TGModelProperty|TGObject,swig_ctor_dtor
0x00643430,swig_delete_SensorProperty,swig,SensorProperty,SensorProperty,delete,swig_dtor,PoweredSubsystemProperty|SubsystemProperty|TGModelProperty|TGObject,swig_ctor_dtor
0x006434a0,swig_SensorProperty_Cast,swig,SensorProperty,SensorProperty,Cast,swig_helper,PoweredSubsystemProperty|SubsystemProperty|TGModelProperty|TGObject,swig_helper_synth
0x00643510,swig_SensorProperty_Create,swig,SensorProperty,SensorProperty,Create,swig_helper,PoweredSubsystemProperty|SubsystemProperty|TGModelProperty|TGObject,swig_helper_synth
0x00643590,swig_SensorProperty_GetBaseSensorRange,swig,SensorProperty,,GetBaseSensorRange,direct,PoweredSubsystemProperty|SubsystemProperty|TGModelProperty|TGObject,c_symbol
0x00643600,swig_SensorProperty_SetBaseSensorRange,swig,SensorProperty,,SetBaseSensorRange,direct,PoweredSubsystemProperty|SubsystemProperty|TGModelProperty|TGObject,c_symbol
0x00643680,swig_SensorProperty_GetMaxProbes,swig,SensorProperty,,GetMaxProbes,direct,PoweredSubsystemProperty|SubsystemProperty|TGModelProperty|TGObject,c_symbol
0x006436e0,swig_SensorProperty_SetMaxProbes,swig,SensorProperty,,SetMaxProbes,direct,PoweredSubsystemProperty|SubsystemProperty|TGModelProperty|TGObject,c_symbol
0x00643760,swig_new_CloakingSubsystemProperty,swig,CloakingSubsystemProperty,CloakingSubsystemProperty,new,swig_ctor,PoweredSubsystemProperty|SubsystemProperty|TGModelProperty|TGObject,swig_ctor_dtor
0x006437e0,swig_delete_CloakingSubsystemProperty,swig,CloakingSubsystemProperty,CloakingSubsystemProperty,delete,swig_dtor,PoweredSubsystemProperty|SubsystemProperty|TGModelProperty|TGObject,swig_ctor_dtor
0x00643850,swig_CloakingSubsystemProperty_Cast,swig,CloakingSubsystemProperty,CloakingSubsystemProperty,Cast,swig_helper,PoweredSubsystemProperty|SubsystemProperty|TGModelProperty|TGObject,swig_helper_synth
0x006438c0,swig_CloakingSubsystemProperty_Create,swig,CloakingSubsystemProperty,CloakingSubsystemProperty,Create,swig_helper,PoweredSubsystemProperty|SubsystemProperty|TGModelProperty|TGObject,swig_helper_synth
0x00643940,swig_CloakingSubsystemProperty_GetCloakStrength,swig,CloakingSubsystemProperty,,GetCloakStrength,direct,PoweredSubsystemProperty|SubsystemProperty|TGModelProperty|TGObject,c_symbol
0x006439b0,swig_CloakingSubsystemProperty_SetCloakStrength,swig,CloakingSubsystemProperty,,SetCloakStrength,direct,PoweredSubsystemProperty|SubsystemProperty|TGModelProperty|TGObject,c_symbol
0x00643a30,swig_new_RepairSubsystemProperty,swig,RepairSubsystemProperty,RepairSubsystemProperty,new,swig_ctor,PoweredSubsystemProperty|SubsystemProperty|TGModelProperty|TGObject,swig_ctor_dtor
0x00643ab0,swig_delete_RepairSubsystemProperty,swig,RepairSubsystemProperty,RepairSubsystemProperty,delete,swig_dtor,PoweredSubsystemProperty|SubsystemProperty|TGModelProperty|TGObject,swig_ctor_dtor
0x00643b20,swig_RepairSubsystemProperty_Cast,swig,RepairSubsystemProperty,RepairSubsystemProperty,Cast,swig_helper,PoweredSubsystemProperty|SubsystemProperty|TGModelProperty|TGObject,swig_helper_synth
0x00643b90,swig_RepairSubsystemProperty_Create,swig,RepairSubsystemProperty,RepairSubsystemProperty,Create,swig_helper,PoweredSubsystemProperty|SubsystemProperty|TGModelProperty|TGObject,swig_helper_synth
0x00643c10,swig_RepairSubsystemProperty_GetMaxRepairPoints,swig,RepairSubsystemProperty,,GetMaxRepairPoints,direct,PoweredSubsystemProperty|SubsystemProperty|TGModelProperty|TGObject,c_symbol
0x00643c80,swig_RepairSubsystemProperty_GetNumRepairTeams,swig,RepairSubsystemProperty,,GetNumRepairTeams,direct,PoweredSubsystemProperty|SubsystemProperty|TGModelProperty|TGObject,c_symbol
0x00643ce0,swig_RepairSubsystemProperty_SetMaxRepairPoints,swig,RepairSubsystemProperty,,SetMaxRepairPoints,direct,PoweredSubsystemProperty|SubsystemProperty|TGModelProperty|TGObject,c_symbol
0x00643d60,swig_RepairSubsystemProperty_SetNumRepairTeams,swig,RepairSubsystemProperty,,SetNumRepairTeams,direct,PoweredSubsystemProperty|SubsystemProperty|TGModelProperty|TGObject,c_symbol
0x00643de0,swig_new_ShipProperty,swig,ShipProperty,ShipProperty,new,swig_ctor,TGModelProperty|TGObject,swig_ctor_dtor
0x00643e60,swig_delete_ShipProperty,swig,ShipProperty,ShipProperty,delete,swig_dtor,TGModelProperty|TGObject,swig_ctor_dtor
0x00643ed0,swig_ShipProperty_Cast,swig,ShipProperty,ShipProperty,Cast,swig_helper,TGModelProperty|TGObject,swig_helper_synth
0x00643f40,swig_ShipProperty_Create,swig,ShipProperty,ShipProperty,Create,swig_helper,TGModelProperty|TGObject,swig_helper_synth
0x00643fc0,swig_ShipProperty_GetGenus,swig,ShipProperty,,GetGenus,direct,TGModelProperty|TGObject,c_symbol
0x00644020,swig_ShipProperty_GetSpecies,swig,ShipProperty,,GetSpecies,direct,TGModelProperty|TGObject,c_symbol
0x00644080,swig_ShipProperty_GetMass,swig,ShipProperty,,GetMass,direct,TGModelProperty|TGObject,c_symbol
0x006440f0,swig_ShipProperty_GetRotationalInertia,swig,ShipProperty,,GetRotationalInertia,direct,TGModelProperty|TGObject,c_symbol
0x00644160,swig_ShipProperty_GetShipName,swig,ShipProperty,,GetShipName,direct,TGModelProperty|TGObject,c_symbol
0x006441d0,swig_ShipProperty_GetModelFilename,swig,ShipProperty,,GetModelFilename,direct,TGModelProperty|TGObject,c_symbol
0x00644240,swig_ShipProperty_GetDamageResolution,swig,ShipProperty,,GetDamageResolution,direct,TGModelProperty|TGObject,c_symbol
0x006442b0,swig_ShipProperty_GetAffiliation,swig,ShipProperty,,GetAffiliation,direct,TGModelProperty|TGObject,c_symbol
0x00644310,swig_ShipProperty_IsStationary,swig,ShipProperty,,IsStationary,direct,TGModelProperty|TGObject,c_symbol
0x00644390,swig_ShipProperty_GetAIString,swig,ShipProperty,,GetAIString,direct,TGModelProperty|TGObject,c_symbol
0x00644400,swig_ShipProperty_GetDeathExplosionSound,swig,ShipProperty,,GetDeathExplosionSound,direct,TGModelProperty|TGObject,c_symbol
0x00644470,swig_ShipProperty_SetGenus,swig,ShipProperty,,SetGenus,direct,TGModelProperty|TGObject,c_symbol
0x006444f0,swig_ShipProperty_SetSpecies,swig,ShipProperty,,SetSpecies,direct,TGModelProperty|TGObject,c_symbol
0x00644570,swig_ShipProperty_SetMass,swig,ShipProperty,,SetMass,direct,TGModelProperty|TGObject,c_symbol
0x006445f0,swig_ShipProperty_SetRotationalInertia,swig,ShipProperty,,SetRotationalInertia,direct,TGModelProperty|TGObject,c_symbol
0x00644670,swig_ShipProperty_SetShipName,swig,ShipProperty,,SetShipName,direct,TGModelProperty|TGObject,c_symbol
0x00644730,swig_ShipProperty_SetModelFilename,swig,ShipProperty,,SetModelFilename,direct,TGModelProperty|TGObject,c_symbol
0x006447f0,swig_ShipProperty_SetDamageResolution,swig,ShipProperty,,SetDamageResolution,direct,TGModelProperty|TGObject,c_symbol
0x00644870,swig_ShipProperty_SetAffiliation,swig,ShipProperty,,SetAffiliation,direct,TGModelProperty|TGObject,c_symbol
0x006448f0,swig_ShipProperty_SetStationary,swig,ShipProperty,,SetStationary,direct,TGModelProperty|TGObject,c_symbol
0x00644970,swig_ShipProperty_SetAIString,swig,ShipProperty,,SetAIString,direct,TGModelProperty|TGObject,c_symbol
0x00644a30,swig_ShipProperty_SetDeathExplosionSound,swig,ShipProperty,,SetDeathExplosionSound,direct,TGModelProperty|TGObject,c_symbol
0x00644af0,swig_new_PowerProperty,swig,PowerProperty,PowerProperty,new,swig_ctor,SubsystemProperty|TGModelProperty|TGObject,swig_ctor_dtor
0x00644b70,swig_delete_PowerProperty,swig,PowerProperty,PowerProperty,delete,swig_dtor,SubsystemProperty|TGModelProperty|TGObject,swig_ctor_dtor
0x00644be0,swig_PowerProperty_Cast,swig,PowerProperty,PowerProperty,Cast,swig_helper,SubsystemProperty|TGModelProperty|TGObject,swig_helper_synth
0x00644c50,swig_PowerProperty_Create,swig,PowerProperty,PowerProperty,Create,swig_helper,SubsystemProperty|TGModelProperty|TGObject,swig_helper_synth
0x00644cd0,swig_PowerProperty_GetMainBatteryLimit,swig,PowerProperty,,GetMainBatteryLimit,direct,SubsystemProperty|TGModelProperty|TGObject,c_symbol
0x00644d40,swig_PowerProperty_GetBackupBatteryLimit,swig,PowerProperty,,GetBackupBatteryLimit,direct,SubsystemProperty|TGModelProperty|TGObject,c_symbol
0x00644db0,swig_PowerProperty_GetMainConduitCapacity,swig,PowerProperty,,GetMainConduitCapacity,direct,SubsystemProperty|TGModelProperty|TGObject,c_symbol
0x00644e20,swig_PowerProperty_GetBackupConduitCapacity,swig,PowerProperty,,GetBackupConduitCapacity,direct,SubsystemProperty|TGModelProperty|TGObject,c_symbol
0x00644e90,swig_PowerProperty_GetPowerOutput,swig,PowerProperty,,GetPowerOutput,direct,SubsystemProperty|TGModelProperty|TGObject,c_symbol
0x00644f00,swig_PowerProperty_SetMainBatteryLimit,swig,PowerProperty,,SetMainBatteryLimit,direct,SubsystemProperty|TGModelProperty|TGObject,c_symbol
0x00644f80,swig_PowerProperty_SetBackupBatteryLimit,swig,PowerProperty,,SetBackupBatteryLimit,direct,SubsystemProperty|TGModelProperty|TGObject,c_symbol
0x00645000,swig_PowerProperty_SetMainConduitCapacity,swig,PowerProperty,,SetMainConduitCapacity,direct,SubsystemProperty|TGModelProperty|TGObject,c_symbol
0x00645080,swig_PowerProperty_SetBackupConduitCapacity,swig,PowerProperty,,SetBackupConduitCapacity,direct,SubsystemProperty|TGModelProperty|TGObject,c_symbol
0x00645100,swig_PowerProperty_SetPowerOutput,swig,PowerProperty,,SetPowerOutput,direct,SubsystemProperty|TGModelProperty|TGObject,c_symbol
0x00645180,swig_new_ImpulseEngineProperty,swig,ImpulseEngineProperty,ImpulseEngineProperty,new,swig_ctor,PoweredSubsystemProperty|SubsystemProperty|TGModelProperty|TGObject,swig_ctor_dtor
0x00645200,swig_delete_ImpulseEngineProperty,swig,ImpulseEngineProperty,ImpulseEngineProperty,delete,swig_dtor,PoweredSubsystemProperty|SubsystemProperty|TGModelProperty|TGObject,swig_ctor_dtor
0x00645270,swig_ImpulseEngineProperty_Cast,swig,ImpulseEngineProperty,ImpulseEngineProperty,Cast,swig_helper,PoweredSubsystemProperty|SubsystemProperty|TGModelProperty|TGObject,swig_helper_synth
0x006452e0,swig_ImpulseEngineProperty_Create,swig,ImpulseEngineProperty,ImpulseEngineProperty,Create,swig_helper,PoweredSubsystemProperty|SubsystemProperty|TGModelProperty|TGObject,swig_helper_synth
0x00645360,swig_ImpulseEngineProperty_GetMaxSpeed,swig,ImpulseEngineProperty,,GetMaxSpeed,direct,PoweredSubsystemProperty|SubsystemProperty|TGModelProperty|TGObject,c_symbol
0x006453d0,swig_ImpulseEngineProperty_GetMaxAccel,swig,ImpulseEngineProperty,,GetMaxAccel,direct,PoweredSubsystemProperty|SubsystemProperty|TGModelProperty|TGObject,c_symbol
0x00645440,swig_ImpulseEngineProperty_GetMaxAngularVelocity,swig,ImpulseEngineProperty,,GetMaxAngularVelocity,direct,PoweredSubsystemProperty|SubsystemProperty|TGModelProperty|TGObject,c_symbol
0x006454b0,swig_ImpulseEngineProperty_GetMaxAngularAccel,swig,ImpulseEngineProperty,,GetMaxAngularAccel,direct,PoweredSubsystemProperty|SubsystemProperty|TGModelProperty|TGObject,c_symbol
0x00645520,swig_ImpulseEngineProperty_GetEngineSound,swig,ImpulseEngineProperty,,GetEngineSound,direct,PoweredSubsystemProperty|SubsystemProperty|TGModelProperty|TGObject,c_symbol
0x00645590,swig_ImpulseEngineProperty_SetMaxSpeed,swig,ImpulseEngineProperty,,SetMaxSpeed,direct,PoweredSubsystemProperty|SubsystemProperty|TGModelProperty|TGObject,c_symbol
0x00645610,swig_ImpulseEngineProperty_SetMaxAccel,swig,ImpulseEngineProperty,,SetMaxAccel,direct,PoweredSubsystemProperty|SubsystemProperty|TGModelProperty|TGObject,c_symbol
0x00645690,swig_ImpulseEngineProperty_SetMaxAngularVelocity,swig,ImpulseEngineProperty,,SetMaxAngularVelocity,direct,PoweredSubsystemProperty|SubsystemProperty|TGModelProperty|TGObject,c_symbol
0x00645710,swig_ImpulseEngineProperty_SetMaxAngularAccel,swig,ImpulseEngineProperty,,SetMaxAngularAccel,direct,PoweredSubsystemProperty|SubsystemProperty|TGModelProperty|TGObject,c_symbol
0x00645790,swig_ImpulseEngineProperty_SetEngineSound,swig,ImpulseEngineProperty,,SetEngineSound,direct,PoweredSubsystemProperty|SubsystemProperty|TGModelProperty|TGObject,c_symbol
0x00645850,swig_new_WarpEngineProperty,swig,WarpEngineProperty,WarpEngineProperty,new,swig_ctor,PoweredSubsystemProperty|SubsystemProperty|TGModelProperty|TGObject,swig_ctor_dtor
0x006458d0,swig_delete_WarpEngineProperty,swig,WarpEngineProperty,WarpEngineProperty,delete,swig_dtor,PoweredSubsystemProperty|SubsystemProperty|TGModelProperty|TGObject,swig_ctor_dtor
0x00645940,swig_WarpEngineProperty_Cast,swig,WarpEngineProperty,WarpEngineProperty,Cast,swig_helper,PoweredSubsystemProperty|SubsystemProperty|TGModelProperty|TGObject,swig_helper_synth
0x006459b0,swig_WarpEngineProperty_Create,swig,WarpEngineProperty,WarpEngineProperty,Create,swig_helper,PoweredSubsystemProperty|SubsystemProperty|TGModelProperty|TGObject,swig_helper_synth
0x00645a30,swig_new_EngineProperty,swig,EngineProperty,EngineProperty,new,swig_ctor,SubsystemProperty|TGModelProperty|TGObject,swig_ctor_dtor
0x00645ab0,swig_delete_EngineProperty,swig,EngineProperty,EngineProperty,delete,swig_dtor,SubsystemProperty|TGModelProperty|TGObject,swig_ctor_dtor
0x00645b20,swig_EngineProperty_Cast,swig,EngineProperty,EngineProperty,Cast,swig_helper,SubsystemProperty|TGModelProperty|TGObject,swig_helper_synth
0x00645b90,swig_EngineProperty_Create,swig,EngineProperty,EngineProperty,Create,swig_helper,SubsystemProperty|TGModelProperty|TGObject,swig_helper_synth
0x00645c10,swig_EngineProperty_GetEngineType,swig,EngineProperty,,GetEngineType,direct,SubsystemProperty|TGModelProperty|TGObject,c_symbol
0x00645c70,swig_EngineProperty_SetEngineType,swig,EngineProperty,,SetEngineType,direct,SubsystemProperty|TGModelProperty|TGObject,c_symbol
0x00645cf0,swig_EffectEmitterProperty_Cast,swig,EffectEmitterProperty,EffectEmitterProperty,Cast,swig_helper,PositionOrientationProperty|TGModelProperty|TGObject,swig_helper_synth
0x00645d60,swig_EffectEmitterProperty_Create,swig,EffectEmitterProperty,EffectEmitterProperty,Create,swig_helper,PositionOrientationProperty|TGModelProperty|TGObject,swig_helper_synth
0x00645de0,swig_delete_EffectEmitterProperty,swig,EffectEmitterProperty,EffectEmitterProperty,delete,swig_dtor,PositionOrientationProperty|TGModelProperty|TGObject,swig_ctor_dtor
0x00645e50,swig_SmokeEmitterProperty_Cast,swig,SmokeEmitterProperty,SmokeEmitterProperty,Cast,swig_helper,EffectEmitterProperty|PositionOrientationProperty|TGModelProperty|TGObject,swig_helper_synth
0x00645ec0,swig_SmokeEmitterProperty_Create,swig,SmokeEmitterProperty,SmokeEmitterProperty,Create,swig_helper,EffectEmitterProperty|PositionOrientationProperty|TGModelProperty|TGObject,swig_helper_synth
0x00645f40,swig_delete_SmokeEmitterProperty,swig,SmokeEmitterProperty,SmokeEmitterProperty,delete,swig_dtor,EffectEmitterProperty|PositionOrientationProperty|TGModelProperty|TGObject,swig_ctor_dtor
0x00645fb0,swig_SparkEmitterProperty_Cast,swig,SparkEmitterProperty,SparkEmitterProperty,Cast,swig_helper,EffectEmitterProperty|PositionOrientationProperty|TGModelProperty|TGObject,swig_helper_synth
0x00646020,swig_SparkEmitterProperty_Create,swig,SparkEmitterProperty,SparkEmitterProperty,Create,swig_helper,EffectEmitterProperty|PositionOrientationProperty|TGModelProperty|TGObject,swig_helper_synth
0x006460a0,swig_delete_SparkEmitterProperty,swig,SparkEmitterProperty,SparkEmitterProperty,delete,swig_dtor,EffectEmitterProperty|PositionOrientationProperty|TGModelProperty|TGObject,swig_ctor_dtor
0x00646110,swig_ExplodeEmitterProperty_Cast,swig,ExplodeEmitterProperty,ExplodeEmitterProperty,Cast,swig_helper,EffectEmitterProperty|PositionOrientationProperty|TGModelProperty|TGObject,swig_helper_synth
0x00646180,swig_ExplodeEmitterProperty_Create,swig,ExplodeEmitterProperty,ExplodeEmitterProperty,Create,swig_helper,EffectEmitterProperty|PositionOrientationProperty|TGModelProperty|TGObject,swig_helper_synth
0x00646200,swig_delete_ExplodeEmitterProperty,swig,ExplodeEmitterProperty,ExplodeEmitterProperty,delete,swig_dtor,EffectEmitterProperty|PositionOrientationProperty|TGModelProperty|TGObject,swig_ctor_dtor
0x00646270,swig_BlinkingLightProperty_Cast,swig,BlinkingLightProperty,BlinkingLightProperty,Cast,swig_helper,EffectEmitterProperty|PositionOrientationProperty|TGModelProperty|TGObject,swig_helper_synth
0x006462e0,swig_BlinkingLightProperty_Create,swig,BlinkingLightProperty,BlinkingLightProperty,Create,swig_helper,EffectEmitterProperty|PositionOrientationProperty|TGModelProperty|TGObject,swig_helper_synth
0x00646360,swig_BlinkingLightProperty_GetColor,swig,,BlinkingLightProperty,GetColor,python_wrapper,,python_class_method
0x006463f0,swig_BlinkingLightProperty_GetRadius,swig,BlinkingLightProperty,,GetRadius,direct,EffectEmitterProperty|PositionOrientationProperty|TGModelProperty|TGObject,c_symbol
0x00646460,swig_BlinkingLightProperty_GetPeriod,swig,BlinkingLightProperty,,GetPeriod,direct,EffectEmitterProperty|PositionOrientationProperty|TGModelProperty|TGObject,c_symbol
0x006464d0,swig_BlinkingLightProperty_GetDuration,swig,BlinkingLightProperty,,GetDuration,direct,EffectEmitterProperty|PositionOrientationProperty|TGModelProperty|TGObject,c_symbol
0x00646540,swig_BlinkingLightProperty_GetTextureName,swig,BlinkingLightProperty,,GetTextureName,direct,EffectEmitterProperty|PositionOrientationProperty|TGModelProperty|TGObject,c_symbol
0x006465b0,swig_BlinkingLightProperty_SetColor,swig,BlinkingLightProperty,,SetColor,direct,EffectEmitterProperty|PositionOrientationProperty|TGModelProperty|TGObject,c_symbol
0x00646690,swig_BlinkingLightProperty_SetRadius,swig,BlinkingLightProperty,,SetRadius,direct,EffectEmitterProperty|PositionOrientationProperty|TGModelProperty|TGObject,c_symbol
0x00646710,swig_BlinkingLightProperty_SetPeriod,swig,BlinkingLightProperty,,SetPeriod,direct,EffectEmitterProperty|PositionOrientationProperty|TGModelProperty|TGObject,c_symbol
0x00646790,swig_BlinkingLightProperty_SetDuration,swig,BlinkingLightProperty,,SetDuration,direct,EffectEmitterProperty|PositionOrientationProperty|TGModelProperty|TGObject,c_symbol
0x00646810,swig_BlinkingLightProperty_SetTextureName,swig,BlinkingLightProperty,,SetTextureName,direct,EffectEmitterProperty|PositionOrientationProperty|TGModelProperty|TGObject,c_symbol
0x006468d0,swig_delete_BlinkingLightProperty,swig,BlinkingLightProperty,BlinkingLightProperty,delete,swig_dtor,EffectEmitterProperty|PositionOrientationProperty|TGModelProperty|TGObject,swig_ctor_dtor
0x00646940,swig_new_ObjectEmitterProperty,swig,ObjectEmitterProperty,ObjectEmitterProperty,new,swig_ctor,PositionOrientationProperty|TGModelProperty|TGObject,swig_ctor_dtor
0x006469c0,swig_delete_ObjectEmitterProperty,swig,ObjectEmitterProperty,ObjectEmitterProperty,delete,swig_dtor,PositionOrientationProperty|TGModelProperty|TGObject,swig_ctor_dtor
0x00646a30,swig_ObjectEmitterProperty_Cast,swig,ObjectEmitterProperty,ObjectEmitterProperty,Cast,swig_helper,PositionOrientationProperty|TGModelProperty|TGObject,swig_helper_synth
0x00646aa0,swig_ObjectEmitterProperty_Create,swig,ObjectEmitterProperty,ObjectEmitterProperty,Create,swig_helper,PositionOrientationProperty|TGModelProperty|TGObject,swig_helper_synth
0x00646b20,swig_ObjectEmitterProperty_GetEmittedObjectType,swig,ObjectEmitterProperty,,GetEmittedObjectType,direct,PositionOrientationProperty|TGModelProperty|TGObject,c_symbol
0x00646b80,swig_ObjectEmitterProperty_SetEmittedObjectType,swig,ObjectEmitterProperty,,SetEmittedObjectType,direct,PositionOrientationProperty|TGModelProperty|TGObject,c_symbol
0x00646c00,swig_new_MultiplayerGame,swig,MultiplayerGame,MultiplayerGame,new,swig_ctor,Game|ScriptObject|TGEventHandlerObject|TGTemplatedAttrObject|TGAttrObject|TGObject,swig_ctor_dtor
0x00646cd0,swig_delete_MultiplayerGame,swig,MultiplayerGame,MultiplayerGame,delete,swig_dtor,Game|ScriptObject|TGEventHandlerObject|TGTemplatedAttrObject|TGAttrObject|TGObject,swig_ctor_dtor
0x00646d40,swig_MultiplayerGame_Cast,swig,MultiplayerGame,MultiplayerGame,Cast,swig_helper,Game|ScriptObject|TGEventHandlerObject|TGTemplatedAttrObject|TGAttrObject|TGObject,swig_helper_synth
0x00646db0,swig_MultiplayerGame_Create,swig,MultiplayerGame,MultiplayerGame,Create,swig_helper,Game|ScriptObject|TGEventHandlerObject|TGTemplatedAttrObject|TGAttrObject|TGObject,swig_helper_synth
0x00646e60,swig_MultiplayerGame_GetPlayerNumberFromID,swig,MultiplayerGame,,GetPlayerNumberFromID,direct,Game|ScriptObject|TGEventHandlerObject|TGTemplatedAttrObject|TGAttrObject|TGObject,c_symbol
0x00646ed0,swig_MultiplayerGame_SetReadyForNewPlayers,swig,MultiplayerGame,,SetReadyForNewPlayers,direct,Game|ScriptObject|TGEventHandlerObject|TGTemplatedAttrObject|TGAttrObject|TGObject,c_symbol
0x00646f50,swig_MultiplayerGame_IsReadyForNewPlayers,swig,MultiplayerGame,,IsReadyForNewPlayers,direct,Game|ScriptObject|TGEventHandlerObject|TGTemplatedAttrObject|TGAttrObject|TGObject,c_symbol
0x00646fd0,swig_MultiplayerGame_GetPlayerName,swig,,MultiplayerGame,GetPlayerName,python_wrapper,,python_class_method
0x00647050,swig_MultiplayerGame_SetMaxPlayers,swig,MultiplayerGame,,SetMaxPlayers,direct,Game|ScriptObject|TGEventHandlerObject|TGTemplatedAttrObject|TGAttrObject|TGObject,c_symbol
0x006470d0,swig_MultiplayerGame_GetMaxPlayers,swig,MultiplayerGame,,GetMaxPlayers,direct,Game|ScriptObject|TGEventHandlerObject|TGTemplatedAttrObject|TGAttrObject|TGObject,c_symbol
0x00647130,swig_MultiplayerGame_GetNumberPlayersInGame,swig,MultiplayerGame,,GetNumberPlayersInGame,direct,Game|ScriptObject|TGEventHandlerObject|TGTemplatedAttrObject|TGAttrObject|TGObject,c_symbol
0x00647190,swig_MultiplayerGame_IsPlayerInGame,swig,MultiplayerGame,,IsPlayerInGame,direct,Game|ScriptObject|TGEventHandlerObject|TGTemplatedAttrObject|TGAttrObject|TGObject,c_symbol
0x00647210,swig_MultiplayerGame_GetShipFromPlayerID,swig,,MultiplayerGame,GetShipFromPlayerID,python_wrapper,,python_class_method
0x00647290,swig_MultiplayerGame_DeletePlayerShipsAndTorps,swig,MultiplayerGame,,DeletePlayerShipsAndTorps,direct,Game|ScriptObject|TGEventHandlerObject|TGTemplatedAttrObject|TGAttrObject|TGObject,c_symbol
0x00647300,swig_MultiplayerGame_DeleteObjectFromGame,swig,MultiplayerGame,,DeleteObjectFromGame,direct,Game|ScriptObject|TGEventHandlerObject|TGTemplatedAttrObject|TGAttrObject|TGObject,c_symbol
0x006473a0,swig_MultiplayerGame_IsPlayerUsingModem,swig,MultiplayerGame,,IsPlayerUsingModem,direct,Game|ScriptObject|TGEventHandlerObject|TGTemplatedAttrObject|TGAttrObject|TGObject,c_symbol
0x00647420,swig_new_ServerListEvent,swig,ServerListEvent,ServerListEvent,new,swig_ctor,TGEvent|TGObject,swig_ctor_dtor
0x006474a0,swig_delete_ServerListEvent,swig,ServerListEvent,ServerListEvent,delete,swig_dtor,TGEvent|TGObject,swig_ctor_dtor
0x00647510,swig_ServerListEvent_Create,swig,ServerListEvent,ServerListEvent,Create,swig_helper,TGEvent|TGObject,swig_helper_synth
0x00647580,swig_ServerListEvent_Copy,swig,ServerListEvent,,Copy,direct,TGEvent|TGObject,c_symbol
0x00647630,swig_ServerListEvent_SetServer,swig,ServerListEvent,,SetServer,direct,TGEvent|TGObject,c_symbol
0x006476d0,swig_ServerListEvent_GetServer,swig,ServerListEvent,,GetServer,direct,TGEvent|TGObject,c_symbol
0x00647760,swig_ServerListEvent_GetServerName,swig,ServerListEvent,,GetServerName,direct,TGEvent|TGObject,c_symbol
0x006477f0,swig_ServerListEvent_GetMissionName,swig,ServerListEvent,,GetMissionName,direct,TGEvent|TGObject,c_symbol
0x00647880,swig_ServerListEvent_GetAddress,swig,ServerListEvent,,GetAddress,direct,TGEvent|TGObject,c_symbol
0x00647900,swig_ServerListEvent_GetVersion,swig,ServerListEvent,,GetVersion,direct,TGEvent|TGObject,c_symbol
0x00647990,swig_ServerListEvent_GetPortNumber,swig,ServerListEvent,,GetPortNumber,direct,TGEvent|TGObject,c_symbol
0x00647a10,swig_ServerListEvent_GetPing,swig,ServerListEvent,,GetPing,direct,TGEvent|TGObject,c_symbol
0x00647a90,swig_ServerListEvent_GetNumPlayers,swig,ServerListEvent,,GetNumPlayers,direct,TGEvent|TGObject,c_symbol
0x00647b20,swig_ServerListEvent_GetMaxPlayers,swig,ServerListEvent,,GetMaxPlayers,direct,TGEvent|TGObject,c_symbol
0x00647bb0,swig_new_SortServerListEvent,swig,SortServerListEvent,SortServerListEvent,new,swig_ctor,TGEvent|TGObject,swig_ctor_dtor
0x00647c30,swig_delete_SortServerListEvent,swig,SortServerListEvent,SortServerListEvent,delete,swig_dtor,TGEvent|TGObject,swig_ctor_dtor
0x00647ca0,swig_SortServerListEvent_Create,swig,SortServerListEvent,SortServerListEvent,Create,swig_helper,TGEvent|TGObject,swig_helper_synth
0x00647d10,swig_SortServerListEvent_Copy,swig,SortServerListEvent,,Copy,direct,TGEvent|TGObject,c_symbol
0x00647dc0,swig_SortServerListEvent_SetSortBy,swig,SortServerListEvent,,SetSortBy,direct,TGEvent|TGObject,c_symbol
0x00647ed0,swig_SortServerListEvent_GetSortBy,swig,SortServerListEvent,,GetSortBy,direct,TGEvent|TGObject,c_symbol
0x00647f40,swig_SortServerListEvent_SetStringField,swig,SortServerListEvent,,SetStringField,direct,TGEvent|TGObject,c_symbol
0x00647fc0,swig_SortServerListEvent_IsStringField,swig,SortServerListEvent,,IsStringField,direct,TGEvent|TGObject,c_symbol
0x0065a250,initAppc,engine_internal,,,,,,
0x0069f2a0,MultiplayerGame_ReceiveMessage,engine_internal,,,,,,
0x0069f620,Handler_ObjCreate_0x02_0x03,re_dispatcher_handler,,,,,,
0x0069f9e0,Handler_Settings_0x00,re_dispatcher_handler,,,,,,
0x0069fda0,Handler_PythonEvent_0x06,re_dispatcher_handler,,,,,,
0x006a0080,Handler_Explosion_0x29,re_dispatcher_handler,,,,,,
0x006a01e0,Handler_DestroyObject_0x14,re_dispatcher_handler,,,,,,
0x006a07d0,Handler_RequestObj_0x1E,re_dispatcher_handler,,,,,,
0x006a0a20,Handler_EnterSet_0x1F,re_dispatcher_handler,,,,,,
0x006a1aa0,GetShipFromPlayerID,engine_internal,,,,,,
0x006a1b10,ChecksumCompleteHandler,event_handler,,,,,,
0x006a1e70,Handler_NewPlayerInGame_0x2A,re_dispatcher_handler,,,,,,
0x006a2470,Handler_CollisionEffect_0x15,re_dispatcher_handler,,,,,,
0x006a3cd0,NetFile_ReceiveMessage,engine_internal,,,,,,
0x006acd90,GetTickCount,engine_internal,,,,,,
0x006acdd0,WSACleanup,engine_internal,,,,,,
0x006b55b0,SendStateUpdates,engine_internal,,,,,,
0x006b84d0,BufferCopy,engine_internal,,,,,,
0x006b9f40,RemovePeerAddress,engine_internal,,,,,,
0x006c9520,TGModelContainer_ExtractModel,engine_internal,,,,,,
0x006d03d0,TGLManager_LoadFile,engine_internal,,,,,,
0x006d11d0,TGLManager_LoadOrCache,engine_internal,,,,,,
0x006d1e10,TGLFile_FindEntry,engine_internal,,,,,,
0x006d2eb0,ReadCompressedVector3,engine_internal,,,,,,
0x006d2fd0,ReadCompressedVector4,engine_internal,,,,,,
0x006f3f30,ChecksumMatchDataWriter,engine_internal,,,,,,
0x006f7d90,TG_ImportModule,engine_internal,,,,,,
0x006f8ab0,TG_CallPythonFunction,engine_internal,,,,,,
0x006f9730,swig_IsNull,swig,,,,,,
0x006f97d0,swig_DeleteBuffer,swig,,,,,,
0x006f9b60,swig_Breakpoint,swig,,,,,,
0x006f9b80,IsNull,engine_internal,,,,,,
0x006fb700,swig_SerializeGetState,swig,,,,,,
0x006fb780,swig_UnserializeSetState,swig,,,,,,
0x006fd9f0,TGActionManager_ActionCompletedHandler,event_handler,,,,,,
0x006ff210,TGActionManager_ActionCompletedHandler,event_handler,,,,,,
0x006ff980,swig_TGScriptAction_Create,swig,TGScriptAction,TGScriptAction,Create,swig_helper,TGAction|TGObject,swig_helper_synth
0x00717840,NiAlloc,engine_internal,,,,,,
0x00717960,NiFree,engine_internal,,,,,,
0x007179c0,NiRealloc,engine_internal,,,,,,
0x00718cb0,NiAlloc,engine_internal,,,,,,
0x00739e00,CRect,engine_internal,,,,,,
0x0074b100,Py_CompileString,engine_internal,,,,,,
0x0074b640,Py_CompileAndRun,engine_internal,,,,,,
0x0074bea0,PyObject_Init,python_capi,,,,,,
0x0074bf80,PyObject_SetAttrString,python_capi,,,,,,
0x0074c0a0,PyObject_HasAttrString,python_capi,,,,,,
0x0074c140,PyObject_GetAttrString,python_capi,,,,,,
0x0074c310,PyObject_GetAttr,python_capi,,,,,,
0x0074c4c0,PyObject_Repr,python_capi,,,,,,
0x0074c530,PyObject_Str,python_capi,,,,,,
0x0074c6e0,TGMatrix3_ToEulerAnglesXYZ,engine_internal,,,,,,
0x0074c870,PyObject_Hash,python_capi,,,,,,
0x0074ccc0,PyMapping_Check,engine_internal,,,,,,
0x0074ce30,PyNumber_Subtract,engine_internal,,,,,,
0x0074ce70,PyNumber_Multiply,engine_internal,,,,,,
0x0074ceb0,PyNumber_Divide,engine_internal,,,,,,
0x0074cef0,PyNumber_Remainder,engine_internal,,,,,,
0x0074cf30,PyNumber_Negative,engine_internal,,,,,,
0x0074cf70,PyNumber_Positive,engine_internal,,,,,,
0x0074d140,Py_InitModule4,engine_internal,,,,,,
0x0074d280,Py_BuildValue,engine_internal,,,,,,
0x0074d540,PySequence_GetItem,engine_internal,,,,,,
0x0074d660,PySequence_SetItem,engine_internal,,,,,,
0x0074d7c0,PySequence_Tuple,engine_internal,,,,,,
0x0074da30,PyMapping_Keys,engine_internal,,,,,,
0x0074da80,PyMapping_Values,engine_internal,,,,,,
0x0074e310,PyArg_ParseTuple,engine_internal,,,,,,
0x00753260,STToggle_SetStateValue,engine_internal,,,,,,
0x00753410,py_builtin___import__,python_capi,,,,,,
0x007534f0,py_builtin_abs,python_capi,,,,,,
0x00753520,py_builtin_apply,python_capi,,,,,,
0x00753620,py_builtin_buffer,python_capi,,,,,,
0x00753680,py_builtin_callable,python_capi,,,,,,
0x007536b0,py_builtin_filter,python_capi,,,,,,
0x00753930,py_builtin_chr,python_capi,,,,,,
0x00753990,py_builtin_cmp,python_capi,,,,,,
0x007539f0,py_builtin_coerce,python_capi,,,,,,
0x00753a90,py_builtin_compile,python_capi,,,,,,
0x00753bc0,py_builtin_complex,python_capi,,,,,,
0x00754290,py_builtin_dir,python_capi,,,,,,
0x00754450,py_builtin_divmod,python_capi,,,,,,
0x00754490,py_builtin_eval,python_capi,,,,,,
0x00754600,py_builtin_execfile,python_capi,,,,,,
0x00754730,py_builtin_float,python_capi,,,,,,
0x00754760,py_builtin_getattr,python_capi,,,,,,
0x007547d0,py_builtin_globals,python_capi,,,,,,
0x007547f0,py_builtin_hasattr,python_capi,,,,,,
0x00754870,py_builtin_id,python_capi,,,,,,
0x007548a0,py_builtin_map,python_capi,,,,,,
0x00754c10,py_builtin_setattr,python_capi,,,,,,
0x00754c80,py_builtin_delattr,python_capi,,,,,,
0x00754ce0,py_builtin_hash,python_capi,,,,,,
0x00754d20,py_builtin_hex,python_capi,,,,,,
0x00754d70,py_builtin_input,python_capi,,,,,,
0x00754e30,py_builtin_intern,python_capi,,,,,,
0x00754e70,py_builtin_int,python_capi,,,,,,
0x00754ea0,py_builtin_len,python_capi,,,,,,
0x00754ef0,py_builtin_list,python_capi,,,,,,
0x00754f20,py_builtin_slice,python_capi,,,,,,
0x00754f90,py_builtin_locals,python_capi,,,,,,
0x00754fb0,py_builtin_long,python_capi,,,,,,
0x00754fe0,py_builtin_min,python_capi,,,,,,
0x00755170,py_builtin_max,python_capi,,,,,,
0x00755180,py_builtin_oct,python_capi,,,,,,
0x007551e0,py_builtin_open,python_capi,,,,,,
0x007552c0,py_builtin_ord,python_capi,,,,,,
0x007552f0,py_builtin_pow,python_capi,,,,,,
0x00755340,py_builtin_range,python_capi,,,,,,
0x007554a0,py_builtin_xrange,python_capi,,,,,,
0x00755590,py_builtin_raw_input,python_capi,,,,,,
0x00755780,py_builtin_reduce,python_capi,,,,,,
0x00755920,py_builtin_reload,python_capi,,,,,,
0x00755950,py_builtin_repr,python_capi,,,,,,
0x00755980,py_builtin_round,python_capi,,,,,,
0x00755a60,py_builtin_str,python_capi,,,,,,
0x00755a90,py_builtin_tuple,python_capi,,,,,,
0x00755ac0,py_builtin_type,python_capi,,,,,,
0x00755b00,py_builtin_vars,python_capi,,,,,,
0x00755ba0,py_builtin_isinstance,python_capi,,,,,,
0x00755c40,py_builtin_issubclass,python_capi,,,,,,
0x007592c0,PyInt_FromLong,engine_internal,,,,,,
0x00759db0,PyFloat_FromDouble,engine_internal,,,,,,
0x0075bb30,PyString_AsString,engine_internal,,,,,,
0x0075d790,py_imp_get_magic,python_capi,,,,,,
0x0075d7d0,py_imp_get_suffixes,python_capi,,,,,,
0x0075d8a0,py_imp_find_module,python_capi,,,,,,
0x0075d9c0,py_imp_init_builtin,python_capi,,,,,,
0x0075da20,py_imp_init_frozen,python_capi,,,,,,
0x0075da80,py_imp_get_frozen_object,python_capi,,,,,,
0x0075db00,py_imp_is_builtin,python_capi,,,,,,
0x0075db30,py_imp_is_frozen,python_capi,,,,,,
0x0075db80,py_imp_load_compiled,python_capi,,,,,,
0x0075dc70,py_imp_load_dynamic,python_capi,,,,,,
0x0075dcf0,py_imp_load_source,python_capi,,,,,,
0x0075dd80,py_imp_load_module,python_capi,,,,,,
0x0075de60,py_imp_load_package,python_capi,,,,,,
0x0075dea0,py_imp_new_module,python_capi,,,,,,
0x0075e8f0,PyTuple_GetSlice,engine_internal,,,,,,
0x0075f370,PyList_Append,engine_internal,,,,,,
0x0075f660,PyList_Sort,engine_internal,,,,,,
0x0075f6a0,PyList_Reverse,engine_internal,,,,,,
0x0075f740,py_marshal_dump,python_capi,,,,,,
0x0075f800,py_marshal_load,python_capi,,,,,,
0x0075f8b0,py_marshal_dumps,python_capi,,,,,,
0x0075f8e0,py_marshal_loads,python_capi,,,,,,
0x0075f990,py_locale_setlocale,python_capi,,,,,,
0x0075feb0,py_locale_localeconv,python_capi,,,,,,
0x00760330,py_locale_strcoll,python_capi,,,,,,
0x00760370,py_locale_strxfrm,python_capi,,,,,,
0x00760880,PyDict_New,python_capi,,,,,,
0x00760940,PyDict_GetItem,python_capi,,,,,,
0x00760a20,PyDict_SetItem,python_capi,,,,,,
0x00760b50,PyDict_DelItem,python_capi,,,,,,
0x00760c10,PyDict_Clear,python_capi,,,,,,
0x00760c90,PyDict_Next,python_capi,,,,,,
0x00760d90,PyDict_Values,python_capi,,,,,,
0x00760de0,PyDict_Items,python_capi,,,,,,
0x00760ed0,PyDict_SetItemString,python_capi,,,,,,
0x00760f2e,caseD_62,engine_internal,,,,,,
0x00762820,py_cPickle_Pickler,python_capi,,,,,,
0x00762bc0,PyModule_GetName,engine_internal,,,,,,
0x00762c00,PyModule_New,engine_internal,,,,,,
0x00766270,py_cPickle_Unpickler,python_capi,,,,,,
0x00766b80,py_cPickle_dump,python_capi,,,,,,
0x00766c10,py_cPickle_dumps,python_capi,,,,,,
0x00766cb0,py_cPickle_load,python_capi,,,,,,
0x00766d10,py_cPickle_loads,python_capi,,,,,,
0x00767b30,py_cStringIO_StringIO,python_capi,,,,,,
0x00767db0,py_thread_start_new_thread,python_capi,,,,,,
0x00768050,py_thread_exit_thread,python_capi,,,,,,
0x00768080,py_thread_allocate_lock,python_capi,,,,,,
0x007680f0,py_thread_get_ident,python_capi,,,,,,
0x007681c0,py_time_time,python_capi,,,,,,
0x00768220,py_time_clock,python_capi,,,,,,
0x00768330,py_time_sleep,python_capi,,,,,,
0x00768390,py_time_gmtime,python_capi,,,,,,
0x00768470,py_time_localtime,python_capi,,,,,,
0x007684b0,py_time_strftime,python_capi,,,,,,
0x007686a0,py_time_asctime,python_capi,,,,,,
0x007686f0,py_time_ctime,python_capi,,,,,,
0x00768760,py_time_mktime,python_capi,,,,,,
0x007696f0,py_struct_calcsize,python_capi,,,,,,
0x00769960,py_struct_pack,python_capi,,,,,,
0x00769d00,py_struct_unpack,python_capi,,,,,,
0x00769fc0,py_strop_split,python_capi,,,,,,
0x0076a350,py_strop_join,python_capi,,,,,,
0x0076a790,py_strop_find,python_capi,,,,,,
0x0076a890,py_strop_rfind,python_capi,,,,,,
0x0076a990,py_strop_strip,python_capi,,,,,,
0x0076aaa0,py_strop_lstrip,python_capi,,,,,,
0x0076aab0,py_strop_rstrip,python_capi,,,,,,
0x0076aac0,py_strop_lower,python_capi,,,,,,
0x0076abc0,py_strop_upper,python_capi,,,,,,
0x0076acb0,py_strop_capitalize,python_capi,,,,,,
0x0076ade0,py_strop_expandtabs,python_capi,,,,,,
0x0076af20,py_strop_count,python_capi,,,,,,
0x0076b010,py_strop_swapcase,python_capi,,,,,,
0x0076b140,py_strop_atoi,python_capi,,,,,,
0x0076b350,py_strop_atol,python_capi,,,,,,
0x0076b510,py_strop_atof,python_capi,,,,,,
0x0076b6a0,py_strop_maketrans,python_capi,,,,,,
0x0076b770,py_strop_translate,python_capi,,,,,,
0x0076b960,py_strop_replace,python_capi,,,,,,
0x0076c690,py_regex_compile,python_capi,,,,,,
0x0076c810,py_regex_symcomp,python_capi,,,,,,
0x0076cb90,py_regex_match,python_capi,,,,,,
0x0076ccc0,py_regex_search,python_capi,,,,,,
0x0076cd40,py_regex_set_syntax,python_capi,,,,,,
0x0076cde0,py_regex_get_syntax,python_capi,,,,,,
0x0076cf10,py_operator_isCallable,python_capi,,,,,,
0x0076cf50,py_operator_isNumberType,python_capi,,,,,,
0x0076cf90,py_operator_truth,python_capi,,,,,,
0x0076cfd0,py_operator_add,python_capi,,,,,,
0x0076d010,py_operator_sub,python_capi,,,,,,
0x0076d050,py_operator_mul,python_capi,,,,,,
0x0076d090,py_operator_div,python_capi,,,,,,
0x0076d0d0,py_operator_mod,python_capi,,,,,,
0x0076d110,py_operator_neg,python_capi,,,,,,
0x0076d140,py_operator_pos,python_capi,,,,,,
0x0076d170,py_operator_abs,python_capi,,,,,,
0x0076d1a0,py_operator_inv,python_capi,,,,,,
0x0076d1d0,py_operator_lshift,python_capi,,,,,,
0x0076d210,py_operator_rshift,python_capi,,,,,,
0x0076d250,py_operator_not_,python_capi,,,,,,
0x0076d290,py_operator_and_,python_capi,,,,,,
0x0076d2d0,py_operator_xor,python_capi,,,,,,
0x0076d310,py_operator_or_,python_capi,,,,,,
0x0076d350,py_operator_isSequenceType,python_capi,,,,,,
0x0076d390,py_operator_concat,python_capi,,,,,,
0x0076d3d0,py_operator_repeat,python_capi,,,,,,
0x0076d410,py_operator_contains,python_capi,,,,,,
0x0076d460,py_operator_indexOf,python_capi,,,,,,
0x0076d4b0,py_operator_countOf,python_capi,,,,,,
0x0076d500,py_operator_isMappingType,python_capi,,,,,,
0x0076d540,py_operator_getitem,python_capi,,,,,,
0x0076d580,py_operator_delitem,python_capi,,,,,,
0x0076d5d0,py_operator_setitem,python_capi,,,,,,
0x0076d640,py_operator_getslice,python_capi,,,,,,
0x0076d690,py_operator_setslice,python_capi,,,,,,
0x0076d700,py_operator_delslice,python_capi,,,,,,
0x0076dac0,py_nt_access,python_capi,,,,,,
0x0076db40,py_nt_listdir,python_capi,,,,,,
0x0076dd70,py_nt_mkdir,python_capi,,,,,,
0x0076de20,py_nt_rename,python_capi,,,,,,
0x0076ded0,py_nt_rmdir,python_capi,,,,,,
0x0076df70,py_nt_stat,python_capi,,,,,,
0x0076e060,py_nt_unlink,python_capi,,,,,,
0x0076e080,py_nt_utime,python_capi,,,,,,
0x0076e130,py_nt_lstat,python_capi,,,,,,
0x0076e150,py_nt_times,python_capi,,,,,,
0x0076e220,py_nt_open,python_capi,,,,,,
0x0076e2d0,py_nt_close,python_capi,,,,,,
0x0076e330,py_nt_dup,python_capi,,,,,,
0x0076e390,py_nt_dup2,python_capi,,,,,,
0x0076e400,py_nt_lseek,python_capi,,,,,,
0x0076e4c0,py_nt_read,python_capi,,,,,,
0x0076e580,py_nt_write,python_capi,,,,,,
0x0076e600,py_nt_fstat,python_capi,,,,,,
0x0076e6b0,py_nt_fdopen,python_capi,,,,,,
0x0076eae0,py_new_instance,python_capi,,,,,,
0x0076eb50,py_new_instancemethod,python_capi,,,,,,
0x0076ec00,py_new_function,python_capi,,,,,,
0x0076ed00,py_new_code,python_capi,,,,,,
0x0076edf0,py_new_module,python_capi,,,,,,
0x0076ee20,py_new_classobj,python_capi,,,,,,
0x0076eea0,py_math_acos,python_capi,,,,,,
0x0076efd0,py_math_asin,python_capi,,,,,,
0x0076eff0,py_math_atan,python_capi,,,,,,
0x0076f010,py_math_atan2,python_capi,,,,,,
0x0076f0f0,py_math_ceil,python_capi,,,,,,
0x0076f110,py_math_cos,python_capi,,,,,,
0x0076f130,py_math_cosh,python_capi,,,,,,
0x0076f150,py_math_exp,python_capi,,,,,,
0x0076f170,py_math_fabs,python_capi,,,,,,
0x0076f190,py_math_floor,python_capi,,,,,,
0x0076f1b0,py_math_fmod,python_capi,,,,,,
0x0076f1d0,py_math_hypot,python_capi,,,,,,
0x0076f1f0,py_math_log,python_capi,,,,,,
0x0076f210,py_math_log10,python_capi,,,,,,
0x0076f230,py_math_pow,python_capi,,,,,,
0x0076f250,py_math_sin,python_capi,,,,,,
0x0076f270,py_math_sinh,python_capi,,,,,,
0x0076f290,py_math_sqrt,python_capi,,,,,,
0x0076f2b0,py_math_tan,python_capi,,,,,,
0x0076f2d0,py_math_tanh,python_capi,,,,,,
0x0076f2f0,py_math_frexp,python_capi,,,,,,
0x0076f3b0,py_math_ldexp,python_capi,,,,,,
0x0076f470,py_math_modf,python_capi,,,,,,
0x0076fef0,py_cmath_acos,python_capi,,,,,,
0x00770440,py_cmath_acosh,python_capi,,,,,,
0x007705f0,py_cmath_asin,python_capi,,,,,,
0x00770800,py_cmath_asinh,python_capi,,,,,,
0x00770980,py_cmath_atan,python_capi,,,,,,
0x00770b10,py_cmath_atanh,python_capi,,,,,,
0x00770ca0,py_cmath_cos,python_capi,,,,,,
0x00770d20,py_cmath_cosh,python_capi,,,,,,
0x00770da0,py_cmath_exp,python_capi,,,,,,
0x00770e20,py_cmath_log,python_capi,,,,,,
0x00770e40,py_cmath_log10,python_capi,,,,,,
0x00770ed0,py_cmath_sin,python_capi,,,,,,
0x00770f50,py_cmath_sinh,python_capi,,,,,,
0x00770fd0,py_cmath_sqrt,python_capi,,,,,,
0x00770ff0,py_cmath_tan,python_capi,,,,,,
0x007710c0,py_cmath_tanh,python_capi,,,,,,
0x00771240,py_binascii_a2b_uu,python_capi,,,,,,
0x007713e0,py_binascii_b2a_uu,python_capi,,,,,,
0x007714f0,py_binascii_a2b_base64,python_capi,,,,,,
0x00771640,py_binascii_b2a_base64,python_capi,,,,,,
0x00771780,py_binascii_a2b_hqx,python_capi,,,,,,
0x00771920,py_binascii_rlecode_hqx,python_capi,,,,,,
0x00771a00,py_binascii_b2a_hqx,python_capi,,,,,,
0x00771b00,py_binascii_rledecode_hqx,python_capi,,,,,,
0x00771dc0,py_binascii_crc_hqx,python_capi,,,,,,
0x007735a0,py_array_array,python_capi,,,,,,
0x00774310,init_builtin,engine_internal,,,,,,
0x007744c0,init_sys,engine_internal,,,,,,
0x00775040,PyErr_Restore,engine_internal,,,,,,
0x007750b0,PyErr_Format,engine_internal,,,,,,
0x00775a20,PyImport_ImportModule,engine_internal,,,,,,
0x007763c0,PySys_SetObject,engine_internal,,,,,,
0x00776cf0,PyObject_CallObject,python_capi,,,,,,
0x00778070,initmarshal,engine_internal,,,,,,
0x0077a030,py_sys_exc_info,python_capi,,,,,,
0x0077a090,py_sys_exit,python_capi,,,,,,
0x0077a0b0,py_sys_settrace,python_capi,,,,,,
0x0077a110,py_sys_setprofile,python_capi,,,,,,
0x0077a170,py_sys_setcheckinterval,python_capi,,,,,,
0x0077a1b0,py_sys_getrefcount,python_capi,,,,,,
0x0077a590,inittime,engine_internal,,,,,,
0x0077bb90,initstruct,engine_internal,,,,,,
0x00781ad0,py_signal_default_int_handler,python_capi,,,,,,
0x00781af0,py_signal_signal,python_capi,,,,,,
0x00781c60,py_signal_getsignal,python_capi,,,,,,
0x00783880,initnt,engine_internal,,,,,,
0x00784da0,initnew,engine_internal,,,,,,
0x00786e20,initcmath,engine_internal,,,,,,
0x0078b7d0,initlocale,engine_internal,,,,,,
0x0078c8a0,DirectInputCreateEx,engine_internal,,,,,,
0x0078c950,initcPickle,engine_internal,,,,,,
0x0078cbd0,NiRegister_NiListener,nirtti_factory,,,,,,
0x0078d250,NiFactory_NiListener,nirtti_factory,,,,,,
0x0078d760,NiRegister_NiSoundSystem,nirtti_factory,,,,,,
0x0078e6e0,NiFactory_NiSoundSystem,nirtti_factory,,,,,,
0x0078f230,NiRegister_NiSource,nirtti_factory,,,,,,
0x0078f380,NiSource_ctor,ctor,,,,,,
0x00790380,NiSource_CreateClone,engine_internal,,,,,,
0x007904c0,NiFactory_NiSource,nirtti_factory,,,,,,
0x00790c50,NiSource_scalar_deleting_dtor,dtor,,,,,,
0x00791e40,NiRegister_NiKeyframeData,nirtti_factory,,,,,,
0x00791f90,NiKeyframeData_ctor,ctor,,,,,,
0x00792260,NiFactory_NiKeyframeData,nirtti_factory,,,,,,
0x00792560,NiKeyframeData_SaveBinary,engine_internal,,,,,,
0x00792670,NiKeyframeData_IsEqual,engine_internal,,,,,,
0x00792780,NiKeyframeData_AddViewerStrings,engine_internal,,,,,,
0x00792aa0,NiKeyframeData_scalar_deleting_dtor,dtor,,,,,,
0x00792b40,NiRegister_NiKeyframeController,nirtti_factory,,,,,,
0x00792ce0,NiKeyframeController_ctor,ctor,,,,,,
0x00793210,NiKeyframeController_CreateClone,engine_internal,,,,,,
0x007932e0,NiFactory_NiKeyframeController,nirtti_factory,,,,,,
0x00793370,NiKeyframeController_RegisterStreamables,engine_internal,,,,,,
0x007937d0,NiKeyframeController_scalar_deleting_dtor,dtor,,,,,,
0x007938d0,NiRegister_NiFlipController,nirtti_factory,,,,,,
0x00793a70,NiFlipController_ctor,ctor,,,,,,
0x00793e60,NiFlipController_CreateClone,engine_internal,,,,,,
0x00793f20,NiFactory_NiFlipController,nirtti_factory,,,,,,
0x00794200,NiFlipController_LinkObject,engine_internal,,,,,,
0x00794680,NiFlipController_scalar_deleting_dtor,dtor,,,,,,
0x00794810,NiRegister_NiFloatController,nirtti_factory,,,,,,
0x00794bc0,NiFactory_NiFloatController,nirtti_factory,,,,,,
0x00795010,NiRegister_NiFloatData,nirtti_factory,,,,,,
0x00795250,NiFactory_NiFloatData,nirtti_factory,,,,,,
0x00795830,NiRegister_NiAlphaController,nirtti_factory,,,,,,
0x00795ae0,NiFactory_NiAlphaController,nirtti_factory,,,,,,
0x00796c50,NiRegister_NiTextKeyExtraData,nirtti_factory,,,,,,
0x00796f10,NiFactory_NiTextKeyExtraData,nirtti_factory,,,,,,
0x00797660,NiRegister_NiAnimBlender,nirtti_factory,,,,,,
0x007977b0,NiAnimBlender_ctor,ctor,,,,,,
0x00799f10,NiAnimBlender_CreateClone,engine_internal,,,,,,
0x0079a5b0,NiAnimBlender_ProcessClone,engine_internal,,,,,,
0x0079a630,NiFactory_NiAnimBlender,nirtti_factory,,,,,,
0x0079a6d0,NiAnimBlender_RegisterStreamables,engine_internal,,,,,,
0x0079aef0,NiAnimBlender_LinkObject,engine_internal,,,,,,
0x0079b880,NiAnimBlender_scalar_deleting_dtor,dtor,,,,,,
0x0079d860,NiRegister_NiColorData,nirtti_factory,,,,,,
0x0079da20,NiFactory_NiColorData,nirtti_factory,,,,,,
0x0079e370,NiRegister_NiForce,nirtti_factory,,,,,,
0x0079e510,NiFactory_NiForce,nirtti_factory,,,,,,
0x0079e6c0,NiRegister_NiGravity,nirtti_factory,,,,,,
0x0079e810,NiGravity_ctor,ctor,,,,,,
0x0079ec00,NiGravity_CreateClone,engine_internal,,,,,,
0x0079ecd0,NiFactory_NiGravity,nirtti_factory,,,,,,
0x0079ed90,NiGravity_RegisterStreamables,engine_internal,,,,,,
0x0079f060,NiGravity_scalar_deleting_dtor,dtor,,,,,,
0x0079f110,NiRegister_NiParticleBomb,nirtti_factory,,,,,,
0x0079f260,NiParticleBomb_ctor,ctor,,,,,,
0x0079f680,NiParticleBomb_CreateClone,engine_internal,,,,,,
0x0079f760,NiFactory_NiParticleBomb,nirtti_factory,,,,,,
0x0079f820,NiParticleBomb_RegisterStreamables,engine_internal,,,,,,
0x0079fb50,NiParticleBomb_scalar_deleting_dtor,dtor,,,,,,
0x0079fc00,NiRegister_NiSphericalCollider,nirtti_factory,,,,,,
0x0079fd50,NiSphericalCollider_ctor,ctor,,,,,,
0x007a0220,NiSphericalCollider_CreateClone,engine_internal,,,,,,
0x007a02e0,NiFactory_NiSphericalCollider,nirtti_factory,,,,,,
0x007a03a0,NiSphericalCollider_RegisterStreamables,engine_internal,,,,,,
0x007a0620,NiSphericalCollider_scalar_deleting_dtor,dtor,,,,,,
0x007a06d0,NiRegister_NiPlanarCollider,nirtti_factory,,,,,,
0x007a0820,NiPlanarCollider_ctor,ctor,,,,,,
0x007a0e80,NiPlanarCollider_CreateClone,engine_internal,,,,,,
0x007a0fc0,NiFactory_NiPlanarCollider,nirtti_factory,,,,,,
0x007a1080,NiPlanarCollider_RegisterStreamables,engine_internal,,,,,,
0x007a13f0,NiPlanarCollider_scalar_deleting_dtor,dtor,,,,,,
0x007a14a0,NiRegister_NiKeyframeManager,nirtti_factory,,,,,,
0x007a3f80,NiFactory_NiKeyframeManager,nirtti_factory,,,,,,
0x007a5ce0,NiRegister_NiPosData,nirtti_factory,,,,,,
0x007a5ea0,NiFactory_NiPosData,nirtti_factory,,,,,,
0x007a64f0,NiRegister_NiLightColorController,nirtti_factory,,,,,,
0x007a6690,NiLightColorController_ctor,ctor,,,,,,
0x007a6ad0,NiLightColorController_CreateClone,engine_internal,,,,,,
0x007a6b80,NiFactory_NiLightColorController,nirtti_factory,,,,,,
0x007a6c10,NiLightColorController_RegisterStreamables,engine_internal,,,,,,
0x007a7050,NiLightColorController_scalar_deleting_dtor,dtor,,,,,,
0x007a7670,NiRegister_NiLookAtController,nirtti_factory,,,,,,
0x007a7dc0,NiFactory_NiLookAtController,nirtti_factory,,,,,,
0x007a8350,NiRegister_NiMorphController,nirtti_factory,,,,,,
0x007a8dd0,NiFactory_NiMorphController,nirtti_factory,,,,,,
0x007a9ec0,NiRegister_NiMorphData,nirtti_factory,,,,,,
0x007aa0d0,NiMorphData_ctor,ctor,,,,,,
0x007aa2e0,NiFactory_NiMorphData,nirtti_factory,,,,,,
0x007aa3a0,NiMorphData_RegisterStreamables,engine_internal,,,,,,
0x007aac20,NiMorphData_scalar_deleting_dtor,dtor,,,,,,
0x007aacc0,NiRegister_NiMorpherController,nirtti_factory,,,,,,
0x007aae60,NiMorpherController_ctor,ctor,,,,,,
0x007ab2e0,NiMorpherController_CreateClone,engine_internal,,,,,,
0x007ab390,NiFactory_NiMorpherController,nirtti_factory,,,,,,
0x007ab420,NiMorpherController_RegisterStreamables,engine_internal,,,,,,
0x007ab880,NiMorpherController_LoadBinary,engine_internal,,,,,,
0x007abc40,NiMorpherController_scalar_deleting_dtor,dtor,,,,,,
0x007ac020,NiRegister_NiMaterialColorController,nirtti_factory,,,,,,
0x007ac1c0,NiMaterialColorController_ctor,ctor,,,,,,
0x007ac620,NiFactory_NiMaterialColorController,nirtti_factory,,,,,,
0x007ac6b0,NiMaterialColorController_RegisterStreamables,engine_internal,,,,,,
0x007aca80,NiMaterialColorController_scalar_deleting_dtor,dtor,,,,,,
0x007acb80,NiRegister_NiPathController,nirtti_factory,,,,,,
0x007acd20,NiPathController_ctor,ctor,,,,,,
0x007ae000,NiPathController_CreateClone,engine_internal,,,,,,
0x007ae150,NiFactory_NiPathController,nirtti_factory,,,,,,
0x007ae1f0,NiPathController_RegisterStreamables,engine_internal,,,,,,
0x007ae270,NiPathController_LoadBinary,engine_internal,,,,,,
0x007ae3b0,NiPathController_IsEqual,engine_internal,,,,,,
0x007ae8d0,NiPathController_scalar_deleting_dtor,dtor,,,,,,
0x007ae9d0,NiRegister_NiParticleSystemController,nirtti_factory,,,,,,
0x007b2320,NiFactory_NiParticleSystemController,nirtti_factory,,,,,,
0x007b3d10,NiRegister_NiRollController,nirtti_factory,,,,,,
0x007b4020,NiFactory_NiRollController,nirtti_factory,,,,,,
0x007b4500,NiRegister_NiSequenceStreamHelper,nirtti_factory,,,,,,
0x007b4650,NiFactory_NiSequenceStreamHelper,nirtti_factory,,,,,,
0x007b5ba0,NiRegister_NiVisData,nirtti_factory,,,,,,
0x007b5db0,NiFactory_NiVisData,nirtti_factory,,,,,,
0x007b6300,NiRegister_NiVisController,nirtti_factory,,,,,,
0x007b64a0,NiVisController_ctor,ctor,,,,,,
0x007b6700,NiVisController_CreateClone,engine_internal,,,,,,
0x007b67e0,NiFactory_NiVisController,nirtti_factory,,,,,,
0x007b6c20,NiVisController_scalar_deleting_dtor,dtor,,,,,,
0x007bfcf0,NiRegister_NiD3DRender,nirtti_factory,,,,,,
0x007bfe40,NiD3DRender_ctor,ctor,,,,,,
0x007c0130,NiD3DRender_scalar_deleting_dtor,dtor,,,,,,
0x007c4740,NiFactory_NiD3DRender,nirtti_factory,,,,,,
0x007cb2c0,NiD3DGeometryGroupManager_ctor,ctor,,,,,,
0x007d8650,NiRegister_NiObject,nirtti_factory,,,,,,
0x007d87a0,NiColorData_ctor,ctor,,,,,,
0x007d8810,NiFactory_NiObject,nirtti_factory,,,,,,
0x007d8820,NiColorData_RegisterStreamables,engine_internal,,,,,,
0x007d8930,NiColorData_LoadBinary,engine_internal,,,,,,
0x007d8940,NiColorData_LinkObject,engine_internal,,,,,,
0x007d8a40,NiColorData_SaveBinary,engine_internal,,,,,,
0x007d8a70,NiColorData_IsEqual,engine_internal,,,,,,
0x007d8ae0,NiBinaryVoxelData_AddViewerStrings,engine_internal,,,,,,
0x007d8d70,NiRegister_NiAccumulator,nirtti_factory,,,,,,
0x007d8ec0,NiClusterAccumulator_ctor,ctor,,,,,,
0x007d8ee0,NiClusterAccumulator_StartAccumulating,engine_internal,,,,,,
0x007d8f00,NiClusterAccumulator_FinishAccumulating,engine_internal,,,,,,
0x007d8f30,NiFactory_NiAccumulator,nirtti_factory,,,,,,
0x007d8f40,NiClusterAccumulator_RegisterStreamables,engine_internal,,,,,,
0x007d8f50,NiClusterAccumulator_LoadBinary,engine_internal,,,,,,
0x007d8f60,NiClusterAccumulator_LinkObject,engine_internal,,,,,,
0x007d8f70,NiClusterAccumulator_SaveBinary,engine_internal,,,,,,
0x007d8f80,NiClusterAccumulator_IsEqual,engine_internal,,,,,,
0x007d9070,NiRegister_NiExtraData,nirtti_factory,,,,,,
0x007d91c0,NiStringExtraData_ctor,ctor,,,,,,
0x007d92e0,NiStringExtraData_CreateClone,engine_internal,,,,,,
0x007d9450,NiFactory_NiExtraData,nirtti_factory,,,,,,
0x007d9510,NiStringExtraData_RegisterStreamables,engine_internal,,,,,,
0x007d9580,NiStringExtraData_LoadBinary,engine_internal,,,,,,
0x007d95d0,NiStringExtraData_LinkObject,engine_internal,,,,,,
0x007d9600,NiStringExtraData_SaveBinary,engine_internal,,,,,,
0x007d9660,NiStringExtraData_IsEqual,engine_internal,,,,,,
0x007d96e0,NiStringExtraData_AddViewerStrings,engine_internal,,,,,,
0x007d9970,NiStringExtraData_scalar_deleting_dtor,dtor,,,,,,
0x007d9990,NiStringExtraData_IsStreamable,engine_internal,,,,,,
0x007d9a10,NiRegister_NiTimeController,nirtti_factory,,,,,,
0x007d9b60,NiAlphaController_ctor,ctor,,,,,,
0x007da420,NiVisController_ProcessClone,engine_internal,,,,,,
0x007da450,NiFactory_NiTimeController,nirtti_factory,,,,,,
0x007da460,NiAlphaController_RegisterStreamables,engine_internal,,,,,,
0x007da4e0,NiAlphaController_LoadBinary,engine_internal,,,,,,
0x007da540,NiAlphaController_LinkObject,engine_internal,,,,,,
0x007da570,NiAlphaController_SaveBinary,engine_internal,,,,,,
0x007da5f0,NiAlphaController_IsEqual,engine_internal,,,,,,
0x007da670,NiAlphaController_AddViewerStrings,engine_internal,,,,,,
0x007daa60,NiAlphaController_scalar_deleting_dtor,dtor,,,,,,
0x007dab30,NiRegister_NiObjectNET,nirtti_factory,,,,,,
0x007dac80,NiShadeProperty_ctor,ctor,,,,,,
0x007db060,NiShadeProperty_ProcessClone,engine_internal,,,,,,
0x007db080,NiShadeProperty_PostLinkObject,engine_internal,,,,,,
0x007db5e0,NiFactory_NiObjectNET,nirtti_factory,,,,,,
0x007db5f0,NiShadeProperty_RegisterStreamables,engine_internal,,,,,,
0x007db630,NiShadeProperty_LoadBinary,engine_internal,,,,,,
0x007db6c0,NiShadeProperty_LinkObject,engine_internal,,,,,,
0x007db700,NiShadeProperty_SaveBinary,engine_internal,,,,,,
0x007db740,NiShadeProperty_IsEqual,engine_internal,,,,,,
0x007db860,NiShadeProperty_AddViewerStrings,engine_internal,,,,,,
0x007dba50,NiShadeProperty_scalar_deleting_dtor,dtor,,,,,,
0x007dbb00,NiRegister_NiProperty,nirtti_factory,,,,,,
0x007dbcc0,NiFactory_NiProperty,nirtti_factory,,,,,,
0x007dbf70,NiRegister_NiAVObject,nirtti_factory,,,,,,
0x007dc0c0,NiAVObject_ctor,ctor,,,,,,
0x007dc5f0,NiTriStrips_PurgeRendererData,engine_internal,,,,,,
0x007dc780,NiFltAnimationNode_vfn29,vtable_fn,,,,,,
0x007dca40,NiFltAnimationNode_vfn30,vtable_fn,,,,,,
0x007dcb50,NiBillboardNode_vfn35,vtable_fn,,,,,,
0x007dcb70,NiTriStrips_vfn36,vtable_fn,,,,,,
0x007dd230,NiTriStrips_UpdateWorldData,engine_internal,,,,,,
0x007dd3e0,NiBezierTriangle4_ProcessClone,engine_internal,,,,,,
0x007dd3f0,NiTriStrips_PostLinkObject,engine_internal,,,,,,
0x007dd470,NiFactory_NiAVObject,nirtti_factory,,,,,,
0x007dd480,NiAVObject_RegisterStreamables,engine_internal,,,,,,
0x007dd5f0,NiAVObject_LoadBinary,engine_internal,,,,,,
0x007dd630,NiAVObject_LinkObject,engine_internal,,,,,,
0x007dd6a0,NiAVObject_SaveBinary,engine_internal,,,,,,
0x007dd7b0,NiAVObject_IsEqual,engine_internal,,,,,,
0x007dda10,NiBezierTriangle4_AddViewerStrings,engine_internal,,,,,,
0x007ddfa0,NiAVObject_scalar_deleting_dtor,dtor,,,,,,
0x007de090,NiRegister_NiRawImageData,nirtti_factory,,,,,,
0x007e0320,NiFactory_NiRawImageData,nirtti_factory,,,,,,
0x007e0990,NiRegister_NiImage,nirtti_factory,,,,,,
0x007e1630,NiFactory_NiImage,nirtti_factory,,,,,,
0x007e20b0,NiRegister_NiDynamicEffect,nirtti_factory,,,,,,
0x007e2500,NiDirectionalLight_PostLinkObject,engine_internal,,,,,,
0x007e2530,NiFactory_NiDynamicEffect,nirtti_factory,,,,,,
0x007e2a40,NiRegister_NiRender,nirtti_factory,,,,,,
0x007e31b0,NiFactory_NiRender,nirtti_factory,,,,,,
0x007e3670,NiRegister_NiNode,nirtti_factory,,,,,,
0x007e37c0,NiBezierMesh_ctor,ctor,,,,,,
0x007e39b0,NiBillboardNode_AttachChild,engine_internal,,,,,,
0x007e3a30,NiBillboardNode_DetachChildAt,engine_internal,,,,,,
0x007e3b30,NiBillboardNode_DetachChild,engine_internal,,,,,,
0x007e3c50,NiBillboardNode_SetAt,engine_internal,,,,,,
0x007e3ff0,NiBillboardNode_PurgeRendererData,engine_internal,,,,,,
0x007e4530,NiFltAnimationNode_vfn27,vtable_fn,,,,,,
0x007e4610,NiFltAnimationNode_vfn28,vtable_fn,,,,,,
0x007e46f0,NiBillboardNode_vfn31,vtable_fn,,,,,,
0x007e4900,NiFltAnimationNode_ApplyTransform,engine_internal,,,,,,
0x007e4940,NiFltAnimationNode_GetObjectByName,engine_internal,,,,,,
0x007e4980,NiFltAnimationNode_SetSelectiveUpdateFlags,engine_internal,,,,,,
0x007e49c0,NiFltAnimationNode_UpdateDownwardPass,engine_internal,,,,,,
0x007e4a00,NiFltAnimationNode_UpdateSelectedDownwardPass,engine_internal,,,,,,
0x007e4a40,NiFltAnimationNode_UpdateRigidDownwardPass,engine_internal,,,,,,
0x007e4a80,NiFltAnimationNode_UpdateWorldBound,engine_internal,,,,,,
0x007e4ac0,NiFltAnimationNode_Display,engine_internal,,,,,,
0x007e4b00,NiBillboardNode_FindIntersections,engine_internal,,,,,,
0x007e4bd0,NiBillboardNode_vfn33,vtable_fn,,,,,,
0x007e4d30,NiBillboardNode_vfn34,vtable_fn,,,,,,
0x007e4ee0,NiFltAnimationNode_UpdateWorldData,engine_internal,,,,,,
0x007e4f30,NiBezierMesh_CreateClone,engine_internal,,,,,,
0x007e5180,NiBezierMesh_ProcessClone,engine_internal,,,,,,
0x007e53e0,NiBezierMesh_PostLinkObject,engine_internal,,,,,,
0x007e5450,NiFactory_NiNode,nirtti_factory,,,,,,
0x007e5630,NiBezierMesh_RegisterStreamables,engine_internal,,,,,,
0x007e57d0,NiBezierMesh_LoadBinary,engine_internal,,,,,,
0x007e58d0,NiBezierMesh_LinkObject,engine_internal,,,,,,
0x007e5940,NiBezierMesh_SaveBinary,engine_internal,,,,,,
0x007e5a00,NiBezierMesh_IsEqual,engine_internal,,,,,,
0x007e5b30,NiBezierMesh_AddViewerStrings,engine_internal,,,,,,
0x007e67d0,NiBezierMesh_scalar_deleting_dtor,dtor,,,,,,
0x007e68f0,NiRegister_NiScreenPolygon,nirtti_factory,,,,,,
0x007e6ed0,NiFactory_NiScreenPolygon,nirtti_factory,,,,,,
0x007e79a0,NiRegister_NiCamera,nirtti_factory,,,,,,
0x007e7af0,NiCamera_ctor,ctor,,,,,,
0x007e8780,NiCamera_vfn37,vtable_fn,,,,,,
0x007e9fe0,NiCamera_CreateClone,engine_internal,,,,,,
0x007ea2e0,NiFactory_NiCamera,nirtti_factory,,,,,,
0x007eaab0,NiCamera_AddViewerStrings,engine_internal,,,,,,
0x007eb200,NiCamera_scalar_deleting_dtor,dtor,,,,,,
0x007eb2f0,NiRegister_NiClusterAccumulator,nirtti_factory,,,,,,
0x007eb440,NiAlphaAccumulator_ctor,ctor,,,,,,
0x007eb5e0,NiAlphaAccumulator_StartAccumulating,engine_internal,,,,,,
0x007eb790,NiAlphaAccumulator_CreateClone,engine_internal,,,,,,
0x007eb850,NiFactory_NiClusterAccumulator,nirtti_factory,,,,,,
0x007eb950,NiAlphaAccumulator_RegisterStreamables,engine_internal,,,,,,
0x007eb960,NiAlphaAccumulator_LoadBinary,engine_internal,,,,,,
0x007eb970,NiAlphaAccumulator_LinkObject,engine_internal,,,,,,
0x007eb980,NiAlphaAccumulator_SaveBinary,engine_internal,,,,,,
0x007eb990,NiAlphaAccumulator_IsEqual,engine_internal,,,,,,
0x007ebb20,NiAlphaAccumulator_scalar_deleting_dtor,dtor,,,,,,
0x007ebb90,NiRegister_NiAlphaAccumulator,nirtti_factory,,,,,,
0x007ebd80,NiFactory_NiAlphaAccumulator,nirtti_factory,,,,,,
0x007ec080,NiRegister_NiAlphaProperty,nirtti_factory,,,,,,
0x007ec3c0,NiFactory_NiAlphaProperty,nirtti_factory,,,,,,
0x007ec9f0,NiRegister_NiGeometryData,nirtti_factory,,,,,,
0x007ecc00,NiLinesData_ctor,ctor,,,,,,
0x007ed190,NiFactory_NiGeometryData,nirtti_factory,,,,,,
0x007ed1a0,NiLinesData_RegisterStreamables,engine_internal,,,,,,
0x007ed370,NiLinesData_LoadBinary,engine_internal,,,,,,
0x007ed380,NiLinesData_LinkObject,engine_internal,,,,,,
0x007ed390,NiLinesData_SaveBinary,engine_internal,,,,,,
0x007ed4c0,NiLinesData_IsEqual,engine_internal,,,,,,
0x007ed730,NiLinesData_AddViewerStrings,engine_internal,,,,,,
0x007eda40,NiLinesData_scalar_deleting_dtor,dtor,,,,,,
0x007edb70,NiRegister_NiGeometry,nirtti_factory,,,,,,
0x007edd10,NiLines_ctor,ctor,,,,,,
0x007edf10,NiTriStrips_vfn35,vtable_fn,,,,,,
0x007ee060,NiTriStrips_SetSelectiveUpdateFlags,engine_internal,,,,,,
0x007ee090,NiTriStrips_UpdateDownwardPass,engine_internal,,,,,,
0x007ee0f0,NiTriStrips_UpdateSelectedDownwardPass,engine_internal,,,,,,
0x007ee140,NiTriStrips_UpdateRigidDownwardPass,engine_internal,,,,,,
0x007ee180,NiTriStrips_vfn37,vtable_fn,,,,,,
0x007ee1a0,NiTriStrips_vfn38,vtable_fn,,,,,,
0x007ee6a0,NiLines_ProcessClone,engine_internal,,,,,,
0x007ee6b0,NiFactory_NiGeometry,nirtti_factory,,,,,,
0x007ee6c0,NiLines_RegisterStreamables,engine_internal,,,,,,
0x007ee6e0,NiLines_LoadBinary,engine_internal,,,,,,
0x007ee740,NiLines_LinkObject,engine_internal,,,,,,
0x007ee770,NiLines_SaveBinary,engine_internal,,,,,,
0x007ee7a0,NiLines_IsEqual,engine_internal,,,,,,
0x007ee7d0,NiLines_AddViewerStrings,engine_internal,,,,,,
0x007eeab0,NiLines_scalar_deleting_dtor,dtor,,,,,,
0x007eeb20,NiRegister_NiTriBasedGeomData,nirtti_factory,,,,,,
0x007eecb0,NiTrianglesData_ctor,ctor,,,,,,
0x007eed00,NiFactory_NiTriBasedGeomData,nirtti_factory,,,,,,
0x007eed10,NiTrianglesData_RegisterStreamables,engine_internal,,,,,,
0x007eed40,NiTrianglesData_LoadBinary,engine_internal,,,,,,
0x007eed50,NiTrianglesData_LinkObject,engine_internal,,,,,,
0x007eed60,NiTrianglesData_SaveBinary,engine_internal,,,,,,
0x007eed90,NiTrianglesData_IsEqual,engine_internal,,,,,,
0x007eedc0,NiTrianglesData_AddViewerStrings,engine_internal,,,,,,
0x007ef050,NiTrianglesData_scalar_deleting_dtor,dtor,,,,,,
0x007ef0e0,NiRegister_NiTriBasedGeom,nirtti_factory,,,,,,
0x007ef260,NiTriStrips_ctor,ctor,,,,,,
0x007f0090,NiTriStrips_Display,engine_internal,,,,,,
0x007f0d40,NiTriStrips_ProcessClone,engine_internal,,,,,,
0x007f0d50,NiFactory_NiTriBasedGeom,nirtti_factory,,,,,,
0x007f0d60,NiTriStrips_RegisterStreamables,engine_internal,,,,,,
0x007f0d70,NiTriStrips_LoadBinary,engine_internal,,,,,,
0x007f0d80,NiTriStrips_LinkObject,engine_internal,,,,,,
0x007f0d90,NiTriStrips_SaveBinary,engine_internal,,,,,,
0x007f0da0,NiTriStrips_IsEqual,engine_internal,,,,,,
0x007f0db0,NiTriStrips_AddViewerStrings,engine_internal,,,,,,
0x007f1230,NiTriStrips_scalar_deleting_dtor,dtor,,,,,,
0x007f12b0,NiRegister_NiTriShapeData,nirtti_factory,,,,,,
0x007f1450,NiEnvMappedTriShapeData_ctor,ctor,,,,,,
0x007f1860,NiFactory_NiTriShapeData,nirtti_factory,,,,,,
0x007f1900,NiTriShapeDynamicData_UpdateSelectedDownwardPass,engine_internal,,,,,,
0x007f1930,NiEnvMappedTriShapeData_RegisterStreamables,engine_internal,,,,,,
0x007f1ac0,NiEnvMappedTriShapeData_LoadBinary,engine_internal,,,,,,
0x007f1ad0,NiEnvMappedTriShapeData_LinkObject,engine_internal,,,,,,
0x007f1ae0,NiEnvMappedTriShapeData_SaveBinary,engine_internal,,,,,,
0x007f1b80,NiEnvMappedTriShapeData_IsEqual,engine_internal,,,,,,
0x007f1bc0,NiEnvMappedTriShapeData_AddViewerStrings,engine_internal,,,,,,
0x007f1e60,NiEnvMappedTriShapeData_scalar_deleting_dtor,dtor,,,,,,
0x007f1ef0,NiRegister_NiTriShape,nirtti_factory,,,,,,
0x007f20f0,NiEnvMappedTriShape_ctor,ctor,,,,,,
0x007f2280,NiEnvMappedTriShape_vfn31,vtable_fn,,,,,,
0x007f30d0,NiEnvMappedTriShape_UpdateWorldBound,engine_internal,,,,,,
0x007f3160,NiEnvMappedTriShape_CreateClone,engine_internal,,,,,,
0x007f31f0,NiFactory_NiTriShape,nirtti_factory,,,,,,
0x007f32d0,NiEnvMappedTriShape_RegisterStreamables,engine_internal,,,,,,
0x007f32e0,NiEnvMappedTriShape_LoadBinary,engine_internal,,,,,,
0x007f32f0,NiEnvMappedTriShape_LinkObject,engine_internal,,,,,,
0x007f3300,NiEnvMappedTriShape_SaveBinary,engine_internal,,,,,,
0x007f3310,NiEnvMappedTriShape_IsEqual,engine_internal,,,,,,
0x007f3320,NiEnvMappedTriShape_AddViewerStrings,engine_internal,,,,,,
0x007f35e0,NiEnvMappedTriShape_scalar_deleting_dtor,dtor,,,,,,
0x007f3650,NiRegister_NiLight,nirtti_factory,,,,,,
0x007f37a0,NiDirectionalLight_ctor,ctor,,,,,,
0x007f38e0,NiFactory_NiLight,nirtti_factory,,,,,,
0x007f38f0,NiDirectionalLight_RegisterStreamables,engine_internal,,,,,,
0x007f3940,NiDirectionalLight_LoadBinary,engine_internal,,,,,,
0x007f3950,NiDirectionalLight_LinkObject,engine_internal,,,,,,
0x007f3960,NiDirectionalLight_SaveBinary,engine_internal,,,,,,
0x007f39b0,NiDirectionalLight_IsEqual,engine_internal,,,,,,
0x007f3aa0,NiDirectionalLight_AddViewerStrings,engine_internal,,,,,,
0x007f3db0,NiDirectionalLight_scalar_deleting_dtor,dtor,,,,,,
0x007f3e70,NiRegister_NiAmbientLight,nirtti_factory,,,,,,
0x007f4130,NiFactory_NiAmbientLight,nirtti_factory,,,,,,
0x007f45a0,NiRegister_NiParticlesData,nirtti_factory,,,,,,
0x007f4790,NiAutoNormalParticlesData_ctor,ctor,,,,,,
0x007f4830,NiFactory_NiParticlesData,nirtti_factory,,,,,,
0x007f4900,NiAutoNormalParticlesData_RegisterStreamables,engine_internal,,,,,,
0x007f49b0,NiAutoNormalParticlesData_LoadBinary,engine_internal,,,,,,
0x007f49c0,NiAutoNormalParticlesData_LinkObject,engine_internal,,,,,,
0x007f49d0,NiAutoNormalParticlesData_SaveBinary,engine_internal,,,,,,
0x007f4a30,NiAutoNormalParticlesData_IsEqual,engine_internal,,,,,,
0x007f4ad0,NiAutoNormalParticlesData_AddViewerStrings,engine_internal,,,,,,
0x007f4d80,NiAutoNormalParticlesData_scalar_deleting_dtor,dtor,,,,,,
0x007f4e00,NiRegister_NiParticles,nirtti_factory,,,,,,
0x007f4ff0,NiAutoNormalParticles_ctor,ctor,,,,,,
0x007f50c0,NiAutoNormalParticles_vfn31,vtable_fn,,,,,,
0x007f5160,NiAutoNormalParticles_GetObjectByName,engine_internal,,,,,,
0x007f51b0,NiAutoNormalParticles_UpdateSelectedDownwardPass,engine_internal,,,,,,
0x007f51f0,NiAutoNormalParticles_vfn38,vtable_fn,,,,,,
0x007f5250,NiAutoNormalParticles_CreateClone,engine_internal,,,,,,
0x007f52d0,NiFactory_NiParticles,nirtti_factory,,,,,,
0x007f53f0,NiAutoNormalParticles_RegisterStreamables,engine_internal,,,,,,
0x007f5400,NiAutoNormalParticles_LoadBinary,engine_internal,,,,,,
0x007f5410,NiAutoNormalParticles_LinkObject,engine_internal,,,,,,
0x007f5420,NiAutoNormalParticles_SaveBinary,engine_internal,,,,,,
0x007f5430,NiAutoNormalParticles_IsEqual,engine_internal,,,,,,
0x007f5440,NiAutoNormalParticles_AddViewerStrings,engine_internal,,,,,,
0x007f5700,NiAutoNormalParticles_scalar_deleting_dtor,dtor,,,,,,
0x007f5780,NiRegister_NiAutoNormalParticlesData,nirtti_factory,,,,,,
0x007f5970,NiFactory_NiAutoNormalParticlesData,nirtti_factory,,,,,,
0x007f5d50,NiRegister_NiAutoNormalParticles,nirtti_factory,,,,,,
0x007f60f0,NiFactory_NiAutoNormalParticles,nirtti_factory,,,,,,
0x007f65b0,NiRegister_NiBillboardNode,nirtti_factory,,,,,,
0x007f6cf0,NiFactory_NiBillboardNode,nirtti_factory,,,,,,
0x007f72c0,NiRegister_NiBone,nirtti_factory,,,,,,
0x007f7990,NiFactory_NiBone,nirtti_factory,,,,,,
0x007f7d50,NiRegister_NiBSPNode,nirtti_factory,,,,,,
0x007f8590,NiFactory_NiBSPNode,nirtti_factory,,,,,,
0x007f8d00,NiRegister_NiCollisionSwitch,nirtti_factory,,,,,,
0x007f8f90,NiFactory_NiCollisionSwitch,nirtti_factory,,,,,,
0x007f94b0,NiRegister_NiCorrectionProperty,nirtti_factory,,,,,,
0x007f97d0,NiFactory_NiCorrectionProperty,nirtti_factory,,,,,,
0x007f9c20,NiRegister_NiDirectionalLight,nirtti_factory,,,,,,
0x007f9fb0,NiFactory_NiDirectionalLight,nirtti_factory,,,,,,
0x007fa440,NiRegister_NiDitherProperty,nirtti_factory,,,,,,
0x007fa760,NiFactory_NiDitherProperty,nirtti_factory,,,,,,
0x007fab60,NiRegister_NiEnvMappedTriShapeData,nirtti_factory,,,,,,
0x007fad70,NiFactory_NiEnvMappedTriShapeData,nirtti_factory,,,,,,
0x007fb0d0,NiRegister_NiEnvMappedTriShape,nirtti_factory,,,,,,
0x007fb610,NiFactory_NiEnvMappedTriShape,nirtti_factory,,,,,,
0x007fbae0,NiRegister_NiSwitchNode,nirtti_factory,,,,,,
0x007fbc30,NiFltAnimationNode_ctor,ctor,,,,,,
0x007fbce0,NiFltAnimationNode_AttachChild,engine_internal,,,,,,
0x007fbec0,NiFltAnimationNode_DetachChildAt,engine_internal,,,,,,
0x007fc050,NiFltAnimationNode_vfn35,vtable_fn,,,,,,
0x007fc140,NiFltAnimationNode_vfn31,vtable_fn,,,,,,
0x007fc740,NiFltAnimationNode_CreateClone,engine_internal,,,,,,
0x007fc850,NiFactory_NiSwitchNode,nirtti_factory,,,,,,
0x007fca10,NiFltAnimationNode_RegisterStreamables,engine_internal,,,,,,
0x007fca40,NiFltAnimationNode_LoadBinary,engine_internal,,,,,,
0x007fca50,NiFltAnimationNode_LinkObject,engine_internal,,,,,,
0x007fca60,NiFltAnimationNode_SaveBinary,engine_internal,,,,,,
0x007fca90,NiFltAnimationNode_IsEqual,engine_internal,,,,,,
0x007fcae0,NiFltAnimationNode_AddViewerStrings,engine_internal,,,,,,
0x007fce50,NiFltAnimationNode_scalar_deleting_dtor,dtor,,,,,,
0x007fcf30,NiRegister_NiFltAnimationNode,nirtti_factory,,,,,,
0x007fd230,NiFactory_NiFltAnimationNode,nirtti_factory,,,,,,
0x007fd8d0,NiRegister_NiFogProperty,nirtti_factory,,,,,,
0x007fdc70,NiFactory_NiFogProperty,nirtti_factory,,,,,,
0x007fe230,NiRegister_NiLinesData,nirtti_factory,,,,,,
0x007fe4c0,NiFactory_NiLinesData,nirtti_factory,,,,,,
0x007fe990,NiRegister_NiLines,nirtti_factory,,,,,,
0x007fec90,NiFactory_NiLines,nirtti_factory,,,,,,
0x007ff120,NiRegister_NiLODNode,nirtti_factory,,,,,,
0x007ffd00,NiFactory_NiLODNode,nirtti_factory,,,,,,
0x00800680,NiRegister_NiMaterialProperty,nirtti_factory,,,,,,
0x00800910,NiMaterialProperty_ctor,ctor,,,,,,
0x008009b0,NiMaterialProperty_CreateClone,engine_internal,,,,,,
0x00800ae0,NiFactory_NiMaterialProperty,nirtti_factory,,,,,,
0x00800ba0,NiMaterialProperty_RegisterStreamables,engine_internal,,,,,,
0x00800d80,NiMaterialProperty_AddViewerStrings,engine_internal,,,,,,
0x00801090,NiMaterialProperty_scalar_deleting_dtor,dtor,,,,,,
0x00801120,NiRegister_NiTextureModeProperty,nirtti_factory,,,,,,
0x00801490,NiFactory_NiTextureModeProperty,nirtti_factory,,,,,,
0x00801d30,NiRegister_NiMultiTextureProperty,nirtti_factory,,,,,,
0x00802630,NiFactory_NiMultiTextureProperty,nirtti_factory,,,,,,
0x008037a0,NiRegister_NiPointLight,nirtti_factory,,,,,,
0x00803ad0,NiFactory_NiPointLight,nirtti_factory,,,,,,
0x008040e0,NiRegister_NiShadeProperty,nirtti_factory,,,,,,
0x00804400,NiFactory_NiShadeProperty,nirtti_factory,,,,,,
0x00804850,NiRegister_NiSkinController,nirtti_factory,,,,,,
0x00805320,NiFactory_NiSkinController,nirtti_factory,,,,,,
0x00805a50,NiRegister_NiSortAdjustNode,nirtti_factory,,,,,,
0x00805e40,NiFactory_NiSortAdjustNode,nirtti_factory,,,,,,
0x00806400,NiRegister_NiSpecularProperty,nirtti_factory,,,,,,
0x00806720,NiFactory_NiSpecularProperty,nirtti_factory,,,,,,
0x00806b20,NiRegister_NiSpotLight,nirtti_factory,,,,,,
0x00806f10,NiFactory_NiSpotLight,nirtti_factory,,,,,,
0x00807570,NiRegister_NiStencilProperty,nirtti_factory,,,,,,
0x00807930,NiFactory_NiStencilProperty,nirtti_factory,,,,,,
0x008081f0,NiRegister_NiStringExtraData,nirtti_factory,,,,,,
0x008085a0,NiFactory_NiStringExtraData,nirtti_factory,,,,,,
0x00808a60,NiRegister_NiTextureEffect,nirtti_factory,,,,,,
0x00808bb0,NiTextureEffect_ctor,ctor,,,,,,
0x00808f00,NiTextureEffect_vfn37,vtable_fn,,,,,,
0x00808f20,NiTextureEffect_CreateClone,engine_internal,,,,,,
0x00809120,NiFactory_NiTextureEffect,nirtti_factory,,,,,,
0x008096f0,NiTextureEffect_AddViewerStrings,engine_internal,,,,,,
0x00809ca0,NiTextureEffect_scalar_deleting_dtor,dtor,,,,,,
0x00809d20,NiRegister_NiTextureProperty,nirtti_factory,,,,,,
0x0080a390,NiFactory_NiTextureProperty,nirtti_factory,,,,,,
0x0080a920,NiRegister_NiTransparentProperty,nirtti_factory,,,,,,
0x0080ac60,NiFactory_NiTransparentProperty,nirtti_factory,,,,,,
0x0080b170,NiRegister_NiTrianglesData,nirtti_factory,,,,,,
0x0080b4b0,NiFactory_NiTrianglesData,nirtti_factory,,,,,,
0x0080b8c0,NiRegister_NiTriangles,nirtti_factory,,,,,,
0x0080bde0,NiFactory_NiTriangles,nirtti_factory,,,,,,
0x0080c290,NiRegister_NiTriShapeDynamicData,nirtti_factory,,,,,,
0x0080c4b0,NiFactory_NiTriShapeDynamicData,nirtti_factory,,,,,,
0x0080c960,NiRegister_NiTriShapeSkinController,nirtti_factory,,,,,,
0x0080ccd0,NiFactory_NiTriShapeSkinController,nirtti_factory,,,,,,
0x0080d000,NiRegister_NiTriStripData,nirtti_factory,,,,,,
0x0080d590,NiFactory_NiTriStripData,nirtti_factory,,,,,,
0x0080da40,NiRegister_NiTriStrip,nirtti_factory,,,,,,
0x0080df90,NiFactory_NiTriStrip,nirtti_factory,,,,,,
0x0080e490,NiRegister_NiTriStripsData,nirtti_factory,,,,,,
0x0080e6b0,NiFactory_NiTriStripsData,nirtti_factory,,,,,,
0x0080ec30,NiRegister_NiTriStrips,nirtti_factory,,,,,,
0x0080f220,NiFactory_NiTriStrips,nirtti_factory,,,,,,
0x0080f6d0,NiRegister_NiVertexColorProperty,nirtti_factory,,,,,,
0x0080fa30,NiFactory_NiVertexColorProperty,nirtti_factory,,,,,,
0x0080ffa0,NiRegister_NiVertWeightsExtraData,nirtti_factory,,,,,,
0x00810310,NiFactory_NiVertWeightsExtraData,nirtti_factory,,,,,,
0x00810760,NiRegister_NiWireframeProperty,nirtti_factory,,,,,,
0x00810a80,NiFactory_NiWireframeProperty,nirtti_factory,,,,,,
0x00810e80,NiRegister_NiZBufferProperty,nirtti_factory,,,,,,
0x008111a0,NiFactory_NiZBufferProperty,nirtti_factory,,,,,,
0x00815920,CRect,engine_internal,,,,,,
0x00817170,NiStream_RegisterStreamable,engine_internal,,,,,,
0x008176b0,NiStream_LoadObject,engine_internal,,,,,,
0x00818150,NiStream_LoadObjectAlt,engine_internal,,,,,,
0x008201a0,NiFltAnimationNode_vfn37,vtable_fn,,,,,,
0x0082e0c0,NiRegister_NiBezierMesh,nirtti_factory,,,,,,
0x00831510,NiFactory_NiBezierMesh,nirtti_factory,,,,,,
0x00832360,NiRegister_NiBezierPatch,nirtti_factory,,,,,,
0x008326a0,NiBezierCylinder_scalar_deleting_dtor,dtor,,,,,,
0x00832880,NiBezierCylinder_ctor,ctor,,,,,,
0x00834570,NiFactory_NiBezierPatch,nirtti_factory,,,,,,
0x00834580,NiBezierCylinder_RegisterStreamables,engine_internal,,,,,,
0x00834780,NiBezierCylinder_LoadBinary,engine_internal,,,,,,
0x00834790,NiBezierCylinder_LinkObject,engine_internal,,,,,,
0x008347a0,NiBezierCylinder_SaveBinary,engine_internal,,,,,,
0x008348b0,NiBezierCylinder_IsEqual,engine_internal,,,,,,
0x00834c60,NiRegister_NiBezierSkinController,nirtti_factory,,,,,,
0x00834ec0,NiFactory_NiBezierSkinController,nirtti_factory,,,,,,
0x008351f0,NiRegister_NiBezierTriangle,nirtti_factory,,,,,,
0x008354f0,NiBezierTriangle4_ctor,ctor,,,,,,
0x00838a50,NiFactory_NiBezierTriangle,nirtti_factory,,,,,,
0x00838a60,NiBezierTriangle4_RegisterStreamables,engine_internal,,,,,,
0x00838aa0,NiBezierTriangle4_LoadBinary,engine_internal,,,,,,
0x00838ab0,NiBezierTriangle4_LinkObject,engine_internal,,,,,,
0x00838ac0,NiBezierTriangle4_SaveBinary,engine_internal,,,,,,
0x00838b00,NiBezierTriangle4_IsEqual,engine_internal,,,,,,
0x00838e20,NiBezierTriangle4_scalar_deleting_dtor,dtor,,,,,,
0x00838ea0,NiRegister_NiBezierTriangle2,nirtti_factory,,,,,,
0x0083a330,NiFactory_NiBezierTriangle2,nirtti_factory,,,,,,
0x0083a7c0,NiRegister_NiBezierTriangle3,nirtti_factory,,,,,,
0x0083d4d0,NiFactory_NiBezierTriangle3,nirtti_factory,,,,,,
0x0083d850,NiRegister_NiBezierTriangle4,nirtti_factory,,,,,,
0x00841f90,NiFactory_NiBezierTriangle4,nirtti_factory,,,,,,
0x008422c0,NiRegister_NiBezierRectangle,nirtti_factory,,,,,,
0x008425a0,NiBezierRectangle2_ctor,ctor,,,,,,
0x00847c90,NiFactory_NiBezierRectangle,nirtti_factory,,,,,,
0x00847ca0,NiBezierRectangle2_RegisterStreamables,engine_internal,,,,,,
0x00847ce0,NiBezierRectangle2_LoadBinary,engine_internal,,,,,,
0x00847cf0,NiBezierRectangle2_LinkObject,engine_internal,,,,,,
0x00847d00,NiBezierRectangle2_SaveBinary,engine_internal,,,,,,
0x00847d40,NiBezierRectangle2_IsEqual,engine_internal,,,,,,
0x00847f60,NiBezierRectangle2_scalar_deleting_dtor,dtor,,,,,,
0x00847fe0,NiRegister_NiBezierRectangle2,nirtti_factory,,,,,,
0x00848fe0,NiFactory_NiBezierRectangle2,nirtti_factory,,,,,,
0x00849350,NiRegister_NiBezierRectangle3,nirtti_factory,,,,,,
0x0084c740,NiFactory_NiBezierRectangle3,nirtti_factory,,,,,,
0x0084ca60,NiRegister_NiBezierCylinder,nirtti_factory,,,,,,
0x00850a30,NiFactory_NiBezierCylinder,nirtti_factory,,,,,,
0x00855ada,inet_addr,engine_internal,,,,,,
0x00855ae0,inet_ntoa,engine_internal,,,,,,
0x00855ae6,socket,engine_internal,,,,,,
0x00855aec,closesocket,engine_internal,,,,,,
0x00855af2,connect,engine_internal,,,,,,
0x00855af8,gethostbyname,engine_internal,,,,,,
0x00855afe,htons,engine_internal,,,,,,
0x00855b04,send,engine_internal,,,,,,
0x00855b0a,recv,engine_internal,,,,,,
0x00855b10,setsockopt,engine_internal,,,,,,
0x00855b16,sendto,engine_internal,,,,,,
0x00855b1c,ntohs,engine_internal,,,,,,
0x00855b22,recvfrom,engine_internal,,,,,,
0x00855b28,select,engine_internal,,,,,,
0x00855b2e,__WSAFDIsSet,engine_internal,,,,,,
0x00855b3a,bind,engine_internal,,,,,,
0x00855b40,htonl,engine_internal,,,,,,
0x00855b46,WSAStartup,engine_internal,,,,,,
0x00855b4c,WSACleanup,engine_internal,,,,,,
0x00855b52,ioctlsocket,engine_internal,,,,,,
0x00855b58,gethostname,engine_internal,,,,,,
0x00855b5e,WSAGetLastError,engine_internal,,,,,,
0x00855b64,shutdown,engine_internal,,,,,,
0x008563f1,uflow,engine_internal,,,,,,
0x00856c1e,_Gninc,engine_internal,,,,,,
0x008573fe,uflow,engine_internal,,,,,,
0x00857ba2,Gninc,engine_internal,,,,,,
0x0085870c,empty,engine_internal,,,,,,
0x00859378,__global_unwind2,engine_internal,,,,,,
0x008593ba,__local_unwind2,engine_internal,,,,,,
0x00859422,__abnormal_termination,engine_internal,,,,,,
0x00859445,__NLG_Notify1,engine_internal,,,,,,
0x00859a30,_strchr,engine_internal,,,,,,
0x00859af0,_strrchr,engine_internal,,,,,,
0x00859d20,__ftol,engine_internal,,,,,,
0x00859df3,_rand,engine_internal,,,,,,
0x0085a078,__fclose_lk,engine_internal,,,,,,
0x0085a160,_strstr,engine_internal,,,,,,
0x0085a680,_strncmp,engine_internal,,,,,,
0x0085a750,_strncpy,engine_internal,,,,,,
0x0085a940,__allshl,engine_internal,,,,,,
0x0085a960,__allshr,engine_internal,,,,,,
0x0085a9bf,__exit,engine_internal,,,,,,
0x0085ac73,entry,engine_internal,,,,,,
0x0085ad7b,__amsg_exit,engine_internal,,,,,,
0x0085b028,_malloc,engine_internal,,,,,,
0x0085b03a,__nh_malloc,engine_internal,,,,,,
0x0085ba2b,__CxxThrowException@8,engine_internal,,,,,,
0x0085f310,__aullshr,engine_internal,,,,,,
0x0085f330,__allmul,engine_internal,,,,,,
0x008603e0,_memset,engine_internal,,,,,,
0x00860440,_strlen,engine_internal,,,,,,
0x008608d8,operator=,engine_internal,,,,,,
0x008608f7,~exception,engine_internal,,,,,,
0x00860920,_memcmp,engine_internal,,,,,,
0x00861310,__CallSettingFrame@12,engine_internal,,,,,,
0x008617ea,__fassign,engine_internal,,,,,,
0x00861ada,__cfltcvt,engine_internal,,,,,,
0x00862480,__cintrindisp2,engine_internal,,,,,,
0x008624be,__cintrindisp1,engine_internal,,,,,,
0x008624fb,__ctrandisp2,engine_internal,,,,,,
0x0086267b,__ctrandisp1,engine_internal,,,,,,
0x008626ae,__fload,engine_internal,,,,,,
0x008626f0,__trandisp1,engine_internal,,,,,,
0x00862757,__trandisp2,engine_internal,,,,,,
0x00863667,__startOneArgErrorHandling,engine_internal,,,,,,
0x008636f5,__fload_withFB,engine_internal,,,,,,
0x0086375b,__math_exit,engine_internal,,,,,,
0x00863a10,__freebuf,engine_internal,,,,,,
0x008650b3,__frnd,engine_internal,,,,,,
0x00867970,__aulldiv,engine_internal,,,,,,
0x00867ce0,_strcmp,engine_internal,,,,,,
0x00868ae0,__aullrem,engine_internal,,,,,,
0x00868c4a,__mbsnbicoll,engine_internal,,,,,,
0x00868e40,__copysign,engine_internal,,,,,,
0x0086a206,lpLocaleEnumProc_0086a206,engine_internal,,,,,,
0x0086a460,lpLocaleEnumProc_0086a460,engine_internal,,,,,,
0x0086a554,lpLocaleEnumProc_0086a554,engine_internal,,,,,,
0x0086dab8,___add_12,engine_internal,,,,,,
0x0086efe0,DirectDrawEnumerateA,engine_internal,,,,,,
0x0086f760,RtlUnwind,engine_internal,,,,,,
0x00870751,GetCurrentProcessId,engine_internal,,,,,,
